[
  {
    "citance_No": 1, 
    "citing_paper_id": "I05-1023", 
    "citing_paper_authority": 7, 
    "citing_paper_authors": "Dekai, Wu | Pascale, Fung", 
    "raw_text": "Recent work (Fung and Cheung 2004 [9]; Munteanu et al 2004 [10]; Zhao and Vogel 2002 [11]) on extracting bi-sentences from comparable corpora is largely based on finding on-topic documents first through similarity matching and time alignment", 
    "clean_text": "", 
    "keep_for_gold": 0
  }, 
  {
    "citance_No": 2, 
    "citing_paper_id": "I05-1023", 
    "citing_paper_authority": 7, 
    "citing_paper_authors": "Dekai, Wu | Pascale, Fung", 
    "raw_text": "We base our candidate generation on a method that Fung and Cheung (2004) developed for extracting loose translations (comparable sentence pairs) from quasi-comparable corpora [9], as shown in Figure 2", 
    "clean_text": "We base our candidate generation on a method that Fung and Cheung (2004) developed for extracting loose translations (comparable sentence pairs) from quasi-comparable corpora [9], as shown in Figure 2.", 
    "keep_for_gold": 0
  }, 
  {
    "citance_No": 3, 
    "citing_paper_id": "I05-1023", 
    "citing_paper_authority": 7, 
    "citing_paper_authors": "Dekai, Wu | Pascale, Fung", 
    "raw_text": "However, we can understand the improvement by comparing against scores obtained using the cosine-based lexical similarity metric which is typical of the majority of previous methods for mining non-parallel corpora, including that of Fung and Cheung (2004) [9]", 
    "clean_text": "However, we can understand the improvement by comparing against scores obtained using the cosine-based lexical similarity metric which is typical of the majority of previous methods for mining non-parallel corpora, including that of Fung and Cheung (2004) [9].", 
    "keep_for_gold": 0
  }, 
  {
    "citance_No": 4, 
    "citing_paper_id": "E09-1003", 
    "citing_paper_authority": 13, 
    "citing_paper_authors": "Sadaf, Abdul-Rauf | Holger, Schwenk", 
    "raw_text": "Fung and Cheung (2004) approach the problem by using a cosine similarity measure to match foreign and English documents", 
    "clean_text": "Fung and Cheung (2004) approach the problem by using a cosine similarity measure to match foreign and English documents.", 
    "keep_for_gold": 0
  }, 
  {
    "citance_No": 5, 
    "citing_paper_id": "W11-1209", 
    "citing_paper_authority": 3, 
    "citing_paper_authors": "Sanjika, Hewavitharana | Stephan, Vogel", 
    "raw_text": "Thedegree of parallelism can vary greatly, ranging from noisy parallel documents that contain many parallel sentences, to quasi parallel documents that may cover different topics (Fung and Cheung, 2004) .The Web is by far the largest source of comparable data", 
    "clean_text": "The degree of parallelism can vary greatly, ranging from noisy parallel documents that contain many parallel sentences, to quasi parallel documents that may cover different topics (Fung and Cheung, 2004).", 
    "keep_for_gold": 0
  }, 
  {
    "citance_No": 6, 
    "citing_paper_id": "W11-1209", 
    "citing_paper_authority": 3, 
    "citing_paper_authors": "Sanjika, Hewavitharana | Stephan, Vogel", 
    "raw_text": "c? 2011 Association for Computational Linguistics Figure 1: Sample comparable sentences that contain parallel phrases other similarity measures (Fung and Cheung, 2004) have been used for the document alignment task. Zhao and Vogel (2002) have extended parallel sentence alignment algorithms to identify parallel sentence pairs within comparable news corpora", 
    "clean_text": "Sample comparable sentences that contain parallel phrases other similarity measures (Fung and Cheung, 2004) have been used for the document alignment task.", 
    "keep_for_gold": 0
  }, 
  {
    "citance_No": 7, 
    "citing_paper_id": "W11-1205", 
    "citing_paper_authority": 7, 
    "citing_paper_authors": "Emmanuel, Morin | Emmanuel, Prochasson", 
    "raw_text": "Based on this observation, dynamic program ming (Yang and Li, 2003), similarity measures such as Cosine (Fung and Cheung, 2004) or word and translation error ratios (Abdul-Rauf and Schwenk, 2009), or maximum entropy classifier (Munteanu and Marcu, 2005) are used for discovering parallel sentences", 
    "clean_text": "Based on this observation, dynamic program ming (Yang and Li, 2003), similarity measures such as Cosine (Fung and Cheung, 2004) or word and translation error ratios (Abdul-Rauf and Schwenk, 2009), or maximum entropy classifier (Munteanu and Marcu, 2005) are used for discovering parallel sentences.", 
    "keep_for_gold": 0
  }, 
  {
    "citance_No": 8, 
    "citing_paper_id": "C08-1030", 
    "citing_paper_authority": 0, 
    "citing_paper_authors": "Fumiyo, Fukumoto | Yoshimi, Suzuki | Kazuyuki, Yamashita", 
    "raw_text": "Another approach focused on sentence extraction (Fung and Cheung, 2004)", 
    "clean_text": "Another approach focused on sentence extraction (Fung and Cheung, 2004).", 
    "keep_for_gold": 0
  }, 
  {
    "citance_No": 9, 
    "citing_paper_id": "W11-1212", 
    "citing_paper_authority": 1, 
    "citing_paper_authors": "Alexandre, Patry | Philippe, Langlais", 
    "raw_text": "In order to do so, we manually evaluated 200 pairs of articles in our French-English Wikipedia repository. A web interface was developed in order to annotate each pair, following the distinction introduced by Fung and Cheung (2004): parallel indicates sentence-aligned texts that are in translation relation; noisy characterizes two documents that are never the less mostly bilingual translations of each other; topic corresponds to documents which share similar topics, but that are not translation of each others and very-non that stands for rather unrelated texts", 
    "clean_text": "A web interface was developed in order to annotate each pair, following the distinction introduced by Fung and Cheung (2004): parallel indicates sentence-aligned texts that are in translation relation; noisy characterizes two documents that are never the less mostly bilingual translations of each other; topic corresponds to documents which share similar topics, but that are not translation of each others and very-non that stands for rather unrelated texts.", 
    "keep_for_gold": 0
  }, 
  {
    "citance_No": 10, 
    "citing_paper_id": "W11-1212", 
    "citing_paper_authority": 1, 
    "citing_paper_authors": "Alexandre, Patry | Philippe, Langlais", 
    "raw_text": "We would like to stress that, while conducting the manual annotation, we frequently found difficult to label pairs of articles with the classes pro posed by Fung and Cheung (2004)", 
    "clean_text": "We would like to stress that, while conducting the manual annotation, we frequently found difficult to label pairs of articles with the classes proposed by Fung and Cheung (2004).", 
    "keep_for_gold": 0
  }, 
  {
    "citance_No": 11, 
    "citing_paper_id": "W11-1217", 
    "citing_paper_authority": 1, 
    "citing_paper_authors": "Radu, Ion | Alexandru, Ceau&scedil;u | Elena, Irimia", 
    "raw_text": "is the work from Fung and Cheung (2004)", 
    "clean_text": "The last case study of document and sentence alignment from \u2015very-non-parallel corpora is the work from Fung and Cheung (2004).", 
    "keep_for_gold": 0
  }, 
  {
    "citance_No": 12, 
    "citing_paper_id": "W11-2125", 
    "citing_paper_authority": 3, 
    "citing_paper_authors": "Kriste, Krstovski | David A., Smith", 
    "raw_text": "Unlike other approaches, where documents or their word representations are first translated from foreign language to English using bilingual dictionary (Fung and Cheung, 2004), (Munteanu and Marcu, 2005) and (Uszkoreit et .al., 2010) in our approach we don? t utilize any existing MT type artifact", 
    "clean_text": "", 
    "keep_for_gold": 0
  }, 
  {
    "citance_No": 13, 
    "citing_paper_id": "P06-1011", 
    "citing_paper_authority": 31, 
    "citing_paper_authors": "Dragos Stefan, Munteanu | Daniel, Marcu", 
    "raw_text": "Fung and Cheung (2004a) describe corpora ranging from noisy parallel, to comparable, and finally to very non-parallel", 
    "clean_text": "Fung and Cheung (2004a) describe corpora ranging from noisy parallel, to comparable, and finally to very non-parallel.", 
    "keep_for_gold": 0
  }, 
  {
    "citance_No": 14, 
    "citing_paper_id": "C10-1054", 
    "citing_paper_authority": 1, 
    "citing_paper_authors": "Gumwon, Hong | Chi-Ho, Li | Ming, Zhou | Hae-Chang, Rim", 
    "raw_text": "For example, Munteanu and Mar cu (2005) apply the Lemur IR toolkit, Utiyama and Isahara (2003) use the BM25 similarity measure, and Fung and Cheung (2004) use cosine similarity", 
    "clean_text": "For example, Munteanu and Mar cu (2005) apply the Lemur IR toolkit, Utiyama and Isahara (2003) use the BM25 similarity measure, and Fung and Cheung (2004) use cosine similarity.", 
    "keep_for_gold": 0
  }
]
