[
  {
    "citance_No": 1, 
    "citing_paper_id": "P13-2087", 
    "citing_paper_authority": 3, 
    "citing_paper_authors": "Igor, Labutov | Hod, Lipson", 
    "raw_text": "Perhaps the most direct approach is to compute a weighted linear combination of the em beddings for words that appear in the document to be classified, as done in (Maas et al, 2011) and (Blacoe and Lapata, 2012)", 
    "clean_text": "Perhaps the most direct approach is to compute a weighted linear combination of the embeddings for words that appear in the document to be classified, as done in (Maas et al, 2011) and (Blacoe and Lapata, 2012).", 
    "keep_for_gold": 1
  }, 
  {
    "citance_No": 2, 
    "citing_paper_id": "P14-1023", 
    "citing_paper_authority": 7, 
    "citing_paper_authors": "Marco, Baroni | Georgiana, Dinu | Germ\u00c3\u00a1n, Kruszewski", 
    "raw_text": "Blacoe and Lapata (2012) compare count and predict representations as input to composition functions", 
    "clean_text": "Blacoe and Lapata (2012) compare count and predict representations as input to composition functions.", 
    "keep_for_gold": 1
  }, 
  {
    "citance_No": 3, 
    "citing_paper_id": "P14-1023", 
    "citing_paper_authority": 7, 
    "citing_paper_authors": "Marco, Baroni | Georgiana, Dinu | Germ\u00c3\u00a1n, Kruszewski", 
    "raw_text": "The cw approach is very popular (for example both Huang et al (2012) and Blacoe and Lapata (2012) used it in the studies we discussed in Section 1)", 
    "clean_text": "The cw approach is very popular (for example both Huang et al (2012) and Blacoe and Lapata (2012) used it in the studies we discussed in Section 1).", 
    "keep_for_gold": 0
  }, 
  {
    "citance_No": 4, 
    "citing_paper_id": "P13-1088", 
    "citing_paper_authority": 14, 
    "citing_paper_authors": "Karl Moritz, Hermann | Philip, Blunsom", 
    "raw_text": "Blacoe and Lapata (2012) have an extensive comparison of the performance of various vector based models on this data set to which we compare our model in Table 5. The CCAE models outper 7http: //homepages.inf.ed.ac.uk/mlap/resources/index.html 900 Verb Object VB NN (SNP) /NP N NP& gt; SNP Noun Noun NN NN N/N N& gt; N Adjective Noun JJ NN N/N N& gt; N Figure 6: Assumed CCG parse structure for the compound similarity evaluation", 
    "clean_text": "Blacoe and Lapata (2012) have an extensive comparison of the performance of various vector based models on this data set to which we compare our model in Table 5.", 
    "keep_for_gold": 0
  }, 
  {
    "citance_No": 5, 
    "citing_paper_id": "P13-1088", 
    "citing_paper_authority": 14, 
    "citing_paper_authors": "Karl Moritz, Hermann | Philip, Blunsom", 
    "raw_text": "Method Adj-N N-N V-Obj Human 0.52 0.49 0.55 (Blacoe and Lapata, 2012) /+ 0.210.48 0.220.50 0.180.35 RAE 0.190.31 0.240.30 0.090.28 CCAE-B 0.38 0.44 0.34 CCAE-C 0.38 0.41 0.23 CCAE-D 0.41 0.44 0.29Table 5: Correlation coefficients of model predictions for the compound similarity task", 
    "clean_text": "", 
    "keep_for_gold": 0
  }, 
  {
    "citance_No": 6, 
    "citing_paper_id": "P14-1009", 
    "citing_paper_authority": 0, 
    "citing_paper_authors": "Denis, Paperno | Nghia The, Pham | Marco, Baroni", 
    "raw_text": "Following standard practice in paraphrase detection studies (e.g., Blacoe and Lapata (2012)), we use cosine similarity between sentence pairs as computed by one of our systems together with two shallow similarity cues: word overlap between the two sentences and difference in sentence length. We obtain a final similarity score by weighted addition of the 3 cues, with the optimal weights determined by linear regression on separate msrvid train data that were also provided by the SemEval task organizers (before combining, we checked that the collinearity between cues was low)", 
    "clean_text": "Following standard practice in paraphrase detection studies (e.g., Blacoe and Lapata (2012)), we use cosine similarity between sentence pairs as computed by one of our systems together with two shallow similarity cues: word overlap between the two sentences and difference in sentence length.", 
    "keep_for_gold": 1
  }, 
  {
    "citance_No": 7, 
    "citing_paper_id": "P14-1009", 
    "citing_paper_authority": 0, 
    "citing_paper_authors": "Denis, Paperno | Nghia The, Pham | Marco, Baroni", 
    "raw_text": "Our result stands in contrast with Blacoe and Lapata (2012), the only study we are aware of that compared a sophisticated composition model (Socher et al? s 2011 model) to add and mult on realistic sentences, which attained the top performance with the simple models for both figures of merit they used", 
    "clean_text": "Our result stands in contrast with Blacoe and Lapata (2012), the only study we are aware of that compared a sophisticated composition model (Socher et al's 2011 model) to add and mult on realistic sentences, which attained the top performance with the simple models for both figures of merit they used.", 
    "keep_for_gold": 1
  }
]
