[
  {
    "citance_No": 1, 
    "citing_paper_id": "W05-1506", 
    "citing_paper_authority": 97, 
    "citing_paper_authors": "Liang, Huang | David, Chiang", 
    "raw_text": "Similarly, Chiang (2005) uses the k-best parsing algorithm described below in a CFG-based log-linear translation model in order to learn feature weights which maximize BLEU", 
    "clean_text": "Similarly, Chiang (2005) uses the k-best parsing algorithm described below in a CFG-based log-linear translation model in order to learn feature weights which maximize BLEU.", 
    "keep_for_gold": 1
  }, 
  {
    "citance_No": 2, 
    "citing_paper_id": "W05-1506", 
    "citing_paper_authority": 97, 
    "citing_paper_authors": "Liang, Huang | David, Chiang", 
    "raw_text": "Model 2 (Collins, 2003), and to a synchronous CFG based machine translation system (Chiang, 2005)", 
    "clean_text": "", 
    "keep_for_gold": 0
  }, 
  {
    "citance_No": 3, 
    "citing_paper_id": "W05-1506", 
    "citing_paper_authority": 97, 
    "citing_paper_authors": "Liang, Huang | David, Chiang", 
    "raw_text": "We also implemented Algorithms 2 and 3 in a parsing-based MT decoder (Chiang, 2005) and report results on decoding speed", 
    "clean_text": "We also implemented Algorithms 2 and 3 in a parsing-based MT decoder (Chiang, 2005) and report results on decoding speed.", 
    "keep_for_gold": 0
  }, 
  {
    "citance_No": 4, 
    "citing_paper_id": "W05-1506", 
    "citing_paper_authority": 97, 
    "citing_paper_authors": "Liang, Huang | David, Chiang", 
    "raw_text": "Our second experiment was on a CKY-based decoder for a machine translation system (Chiang, 2005) ,implemented in Python 2.4 accelerated with Psyco 1.3 (Rigo, 2004)", 
    "clean_text": "Our second experiment was on a CKY-based decoder for a machine translation system (Chiang, 2005), implemented in Python 2.4 accelerated with Psyco 1.3 (Rigo, 2004).", 
    "keep_for_gold": 0
  }, 
  {
    "citance_No": 5, 
    "citing_paper_id": "P14-1137", 
    "citing_paper_authority": 0, 
    "citing_paper_authors": "Deyi, Xiong | Min, Zhang", 
    "raw_text": "Following this WSD reformulation for SMT, Chan et al (2007) integrate a state-of-the-artWSD system into a hierarchical phrase-based system (Chiang, 2005)", 
    "clean_text": "Following this WSD reformulation for SMT, Chan et al (2007) integrate a state-of-the-art WSD system into a hierarchical phrase-based system (Chiang, 2005).", 
    "keep_for_gold": 0
  }, 
  {
    "citance_No": 6, 
    "citing_paper_id": "D08-1012", 
    "citing_paper_authority": 15, 
    "citing_paper_authors": "Slav, Petrov | Aria, Haghighi | Dan, Klein", 
    "raw_text": "Whenever we combine two dynamic programming items, we need to score the fluency of their concatentation by incorporating the score of any language model features which cross the target side boundaries of the two concatenated items (Chiang, 2005)", 
    "clean_text": "Whenever we combine two dynamic programming items, we need to score the fluency of their concatentation by incorporating the score of any language model features which cross the target side boundaries of the two concatenated items (Chiang, 2005).", 
    "keep_for_gold": 1
  }, 
  {
    "citance_No": 7, 
    "citing_paper_id": "N09-1026", 
    "citing_paper_authority": 7, 
    "citing_paper_authors": "John, DeNero | Mohit, Bansal | Adam, Pauls | Dan, Klein", 
    "raw_text": "For instance, Zollmann et al (2006) follow Chiang (2005) in disallowing adjacent non terminals", 
    "clean_text": "For instance, Zollmann et al (2006) follow Chiang (2005) in disallowing adjacent non terminals.", 
    "keep_for_gold": 0
  }, 
  {
    "citance_No": 8, 
    "citing_paper_id": "N10-1016", 
    "citing_paper_authority": 8, 
    "citing_paper_authors": "Deyi, Xiong | Min, Zhang | Haizhou, Li", 
    "raw_text": "(Cherry, 2008) and (Marton and Resnik,2008) introduce syntactic constraints into the standard phrase-based decoding (Koehn et al, 2003) and hierarchical phrase-based decoding (Chiang, 2005) respectively by using a counting feature which ac cumulates whenever hypotheses violate syntactic boundaries of source-side parse trees", 
    "clean_text": "(Cherry, 2008) and (Marton and Resnik, 2008) introduce syntactic constraints into the standard phrase-based decoding (Koehn et al, 2003) and hierarchical phrase-based decoding (Chiang, 2005) respectively by using a counting feature which accumulates whenever hypotheses violate syntactic boundaries of source-side parse trees.", 
    "keep_for_gold": 0
  }, 
  {
    "citance_No": 9, 
    "citing_paper_id": "N10-1016", 
    "citing_paper_authority": 8, 
    "citing_paper_authors": "Deyi, Xiong | Min, Zhang | Haizhou, Li", 
    "raw_text": "More previously, (Chiang, 2005) rewards hypotheses whenever they exactly match constituent boundaries of parse trees on the source side. In addition, hard linguistic constraints are also explored", 
    "clean_text": "More previously, (Chiang, 2005) rewards hypotheses whenever they exactly match constituent boundaries of parse trees on the source side.", 
    "keep_for_gold": 0
  }, 
  {
    "citance_No": 10, 
    "citing_paper_id": "W10-2413", 
    "citing_paper_authority": 0, 
    "citing_paper_authors": "Avinesh, P. V. S. | Ankur, Parikh", 
    "raw_text": "(Malik, 2006) solved some special cases of transliteration for Punjabi using a set of transliteration rules. In the recent years Statistical Machine Translation (SMT) systems (Brown et al, 1990), (Yamada and Knight, 2001), (Chiang, 2005), (Charniak et al, 2003) have been in focus", 
    "clean_text": "", 
    "keep_for_gold": 0
  }, 
  {
    "citance_No": 11, 
    "citing_paper_id": "P09-1036", 
    "citing_paper_authority": 12, 
    "citing_paper_authors": "Deyi, Xiong | Min, Zhang | Aiti, Aw | Haizhou, Li", 
    "raw_text": "To better leverage syntactic constraint yet still allow non-syntactic translations, Chiang (2005) introduces a count for each hypothesis and ac cumulates it whenever the hypothesis exactly matches syntactic boundaries on the source side", 
    "clean_text": "To better leverage syntactic constraint yet still allow non-syntactic translations, Chiang (2005) introduces a count for each hypothesis and accumulates it whenever the hypothesis exactly matches syntactic boundaries on the source side.", 
    "keep_for_gold": 1
  }, 
  {
    "citance_No": 12, 
    "citing_paper_id": "P08-1064", 
    "citing_paper_authority": 42, 
    "citing_paper_authors": "Min, Zhang | Hongfei, Jiang | Aiti, Aw | Haizhou, Li | Chew Lim, Tan | Sheng, Li", 
    "raw_text": "Chiang (2005)? s hierarchal phrase-based model achieves significant performance improvement", 
    "clean_text": "Chiang (2005)'s hierarchal phrase-based model achieves significant performance improvement.", 
    "keep_for_gold": 0
  }, 
  {
    "citance_No": 13, 
    "citing_paper_id": "P08-1064", 
    "citing_paper_authority": 42, 
    "citing_paper_authors": "Min, Zhang | Hongfei, Jiang | Aiti, Aw | Haizhou, Li | Chew Lim, Tan | Sheng, Li", 
    "raw_text": "However, no further significant improvement is achieved when the model is made sensitive to syntactic structures by adding a constituent feature (Chiang, 2005)", 
    "clean_text": "However, no further significant improvement is achieved when the model is made sensitive to syntactic structures by adding a constituent feature (Chiang, 2005).", 
    "keep_for_gold": 0
  }, 
  {
    "citance_No": 14, 
    "citing_paper_id": "P08-1064", 
    "citing_paper_authority": 42, 
    "citing_paper_authors": "Min, Zhang | Hongfei, Jiang | Aiti, Aw | Haizhou, Li | Chew Lim, Tan | Sheng, Li", 
    "raw_text": "However, formal SCFG show much better performance in the formally syn tax-based translation framework (Chiang, 2005)", 
    "clean_text": "However, formal SCFG show much better performance in the formally syntax-based translation framework (Chiang, 2005).", 
    "keep_for_gold": 0
  }, 
  {
    "citance_No": 15, 
    "citing_paper_id": "P08-1064", 
    "citing_paper_authority": 42, 
    "citing_paper_authors": "Min, Zhang | Hongfei, Jiang | Aiti, Aw | Haizhou, Li | Chew Lim, Tan | Sheng, Li", 
    "raw_text": "This is because the formal syntax is learned from phrases directly without relying on any linguistic theory (Chiang, 2005)", 
    "clean_text": "This is because the formal syntax is learned from phrases directly without relying on any linguistic theory (Chiang, 2005).", 
    "keep_for_gold": 0
  }, 
  {
    "citance_No": 16, 
    "citing_paper_id": "D07-1049", 
    "citing_paper_authority": 19, 
    "citing_paper_authors": "David, Talbot | Miles, Osborne", 
    "raw_text": "Standardngram language models assign probabilities to translation hypotheses in the target language, typically as smoothed trigram models (Chiang, 2005)", 
    "clean_text": "Standard ngram language models assign probabilities to translation hypotheses in the target language, typically as smoothed trigram models (Chiang, 2005).", 
    "keep_for_gold": 0
  }, 
  {
    "citance_No": 17, 
    "citing_paper_id": "N09-1025", 
    "citing_paper_authority": 56, 
    "citing_paper_authors": "David, Chiang | Kevin, Knight | Wei, Wang", 
    "raw_text": "Hiero (Chiang, 2005) is a hierarchical, string-to string translation system", 
    "clean_text": "Hiero (Chiang, 2005) is a hierarchical, string-to-string translation system.", 
    "keep_for_gold": 0
  }, 
  {
    "citance_No": 18, 
    "citing_paper_id": "W06-3119", 
    "citing_paper_authority": 97, 
    "citing_paper_authors": "Andreas, Zollmann | Ashish, Venugopal", 
    "raw_text": "Recent work in machine translation has evolved from the traditional word (Brown et al, 1993) and phrase based (Koehn et al, 2003a) models to include hierarchical phrase models (Chiang, 2005) and bilingual synchronous grammars (Melamed, 2004) .These advances are motivated by the desire to integrate richer knowledge sources within the translation process with the explicit goal of producing mo refluent translations in the target language", 
    "clean_text": "Recent work in machine translation has evolved from the traditional word (Brown et al, 1993) and phrase based (Koehn et al, 2003a) models to include hierarchical phrase models (Chiang, 2005) and bilingual synchronous grammars (Melamed, 2004).", 
    "keep_for_gold": 1
  }, 
  {
    "citance_No": 19, 
    "citing_paper_id": "W06-3119", 
    "citing_paper_authority": 97, 
    "citing_paper_authors": "Andreas, Zollmann | Ashish, Venugopal", 
    "raw_text": "In this work weintroduce techniques to generate syntactically motivated generalized phrases and discuss issues in chart parser based decoding in the statistical ma chine translation environment. (Chiang, 2005) generates synchronous context free grammar (SynCFG) rules from an existing phrase translation table", 
    "clean_text": "(Chiang, 2005) generates synchronous context free grammar (SynCFG) rules from an existing phrase translation table.", 
    "keep_for_gold": 0
  }, 
  {
    "citance_No": 20, 
    "citing_paper_id": "W06-3119", 
    "citing_paper_authority": 97, 
    "citing_paper_authors": "Andreas, Zollmann | Ashish, Venugopal", 
    "raw_text": "While (Chiang, 2005) uses only two nonterminal symbols in his grammar, we introduce multiple syntactic categories, taking advantage of a target language parser for this information", 
    "clean_text": "While (Chiang, 2005) uses only two nonterminal symbols in his grammar, we introduce multiple syntactic categories, taking advantage of a target language parser for this information.", 
    "keep_for_gold": 0
  }
]
