[
  {
    "citance_No": 1, 
    "citing_paper_id": "E09-1082", 
    "citing_paper_authority": 9, 
    "citing_paper_authors": "Josh, Schroeder | Trevor, Cohn | Philipp, Koehn", 
    "raw_text": "Theconcept of compatible coverage vectors for the lo cations of translated words becomes the notion of reachability between frontier nodes in the lattice (Dyer et al, 2008) .It is possible to construct multi-skeleton lattices by connecting up a set of N lattices, each built around a different skeleton xn, in much the same manner as multiple confusion networks canbe connected to form a lattice in output combination", 
    "clean_text": "The concept of compatible coverage vectors for the locations of translated words becomes the notion of reachability between frontier nodes in the lattice (Dyer et al, 2008).", 
    "keep_for_gold": 0
  }, 
  {
    "citance_No": 2, 
    "citing_paper_id": "P13-1059", 
    "citing_paper_authority": 1, 
    "citing_paper_authors": "Haibo, Li | Jing, Zheng | Heng, Ji | Qi, Li | Wen, Wang", 
    "raw_text": "We also plan to jointly optimize MT and name tagging by propagating multiple word segmentation and name annotation hypotheses in lattice structure to statistical MT and conduct lattice based decoding (Dyer et al, 2008)", 
    "clean_text": "We also plan to jointly optimize MT and name tagging by propagating multiple word segmentation and name annotation hypotheses in lattice structure to statistical MT and conduct lattice based decoding (Dyer et al, 2008).", 
    "keep_for_gold": 0
  }, 
  {
    "citance_No": 3, 
    "citing_paper_id": "W12-3157", 
    "citing_paper_authority": 0, 
    "citing_paper_authors": "Joern, Wuebker | Hermann, Ney", 
    "raw_text": "In applications like the one described by Dyer et al (2008), where several different segmenters for Chinese are combined to create the lattice, this is not possible", 
    "clean_text": "In applications like the one described by Dyer et al (2008), where several different segmenters for Chinese are combined to create the lattice, this is not possible.", 
    "keep_for_gold": 1
  }, 
  {
    "citance_No": 4, 
    "citing_paper_id": "W12-3157", 
    "citing_paper_authority": 0, 
    "citing_paper_authors": "Joern, Wuebker | Hermann, Ney", 
    "raw_text": "Dyer et al (2008) use it to encode different Chinese word segmentations or Arabic morphological analyses", 
    "clean_text": "Dyer et al (2008) use it to encode different Chinese word segmentations or Arabic morphological analyses.", 
    "keep_for_gold": 0
  }, 
  {
    "citance_No": 5, 
    "citing_paper_id": "W12-3157", 
    "citing_paper_authority": 0, 
    "citing_paper_authors": "Joern, Wuebker | Hermann, Ney", 
    "raw_text": "Our work differs from (Dyer et al, 2008) in that we explicitly distinguish the various preprocessing types in the lattice so that we can define specific path features and lexicalize the lattice path probabilities within the phrase model. In (Xu et al, 2005) the probability of a segmentation, as given by the Chinese word segmentation model, and the translation model are combined into a global decision rule", 
    "clean_text": "Our work differs from (Dyer et al, 2008) in that we explicitly distinguish the various preprocessing types in the lattice so that we can define specific path features and lexicalize the lattice path probabilities within the phrase model.", 
    "keep_for_gold": 0
  }, 
  {
    "citance_No": 6, 
    "citing_paper_id": "W12-3157", 
    "citing_paper_authority": 0, 
    "citing_paper_authors": "Joern, Wuebker | Hermann, Ney", 
    "raw_text": "is reachable from n?? .It was noted by Dyer et al (2008) that the standard distance-based reordering model needs to be redefined for lattice input", 
    "clean_text": "It was noted by Dyer et al (2008) that the standard distance-based reordering model needs to be redefined for lattice input.", 
    "keep_for_gold": 0
  }, 
  {
    "citance_No": 7, 
    "citing_paper_id": "W12-3157", 
    "citing_paper_authority": 0, 
    "citing_paper_authors": "Joern, Wuebker | Hermann, Ney", 
    "raw_text": "Using the shortest path within the lattice is reported to have better performance in (Dyer et al, 2008), however we did not implement it due to time constraints", 
    "clean_text": "Using the shortest path within the lattice is reported to have better performance in (Dyer et al, 2008), however we did not implement it due to time constraints.", 
    "keep_for_gold": 0
  }, 
  {
    "citance_No": 8, 
    "citing_paper_id": "W10-1710", 
    "citing_paper_authority": 3, 
    "citing_paper_authors": "Christian, Hardmeier | Arianna, Bisazza | Marcello, Federico", 
    "raw_text": "Our word lattices are similar to those used by Dyer et al (2008) for handling word segmentation in Chinese and Arabic", 
    "clean_text": "Our word lattices are similar to those used by Dyer et al (2008) for handling word segmentation in Chinese and Arabic.", 
    "keep_for_gold": 0
  }, 
  {
    "citance_No": 9, 
    "citing_paper_id": "C10-1123", 
    "citing_paper_authority": 3, 
    "citing_paper_authors": "Zhaopeng, Tu | Yang, Liu | Young-Sook, Hwang | Qun, Liu | Shouxun, Lin", 
    "raw_text": "Recent studies have shown that SMT systems can benefit from widening the annotation pipeline: using packed forests instead of 1-best trees (Mi and Huang,2008), word lattices instead of 1-bestsegmentations (Dyer et al, 2008), and weighted alignment matrices instead of 1-best alignments (Liu et al, 2009) .Along the same direction, we propose a structure called dependency forest, which encodes exponentially many dependency trees compactly, for dependency-based translation systems", 
    "clean_text": "Recent studies have shown that SMT systems can benefit from widening the annotation pipeline: using packed forests instead of 1-best trees (Mi and Huang,2008), word lattices instead of 1-best segmentations (Dyer et al, 2008), and weighted alignment matrices instead of 1-best alignments (Liu et al, 2009).", 
    "keep_for_gold": 0
  }, 
  {
    "citance_No": 10, 
    "citing_paper_id": "C10-1135", 
    "citing_paper_authority": 3, 
    "citing_paper_authors": "Xinyan, Xiao | Yang, Liu | Young-Sook, Hwang | Qun, Liu | Shouxun, Lin", 
    "raw_text": "Lattice represent the system implemented as Dyer et al, (2008)", 
    "clean_text": "Lattice represent the system implemented as Dyer et al, (2008).", 
    "keep_for_gold": 0
  }, 
  {
    "citance_No": 11, 
    "citing_paper_id": "C10-1135", 
    "citing_paper_authority": 3, 
    "citing_paper_authors": "Xinyan, Xiao | Yang, Liu | Young-Sook, Hwang | Qun, Liu | Shouxun, Lin", 
    "raw_text": "Same as Dyer et al, (2008), we also extracted rules from a combined bilingual corpus which contains three copies from different seg menters", 
    "clean_text": "Same as Dyer et al, (2008), we also extracted rules from a combined bilingual corpus which contains three copies from different segmenters.", 
    "keep_for_gold": 0
  }, 
  {
    "citance_No": 12, 
    "citing_paper_id": "D10-1013", 
    "citing_paper_authority": 5, 
    "citing_paper_authors": "Philip, Resnik | Olivia, Buzek | Changjian, Hu | Yakov, Kronrod | Alex, Quinn | Benjamin B., Bederson", 
    "raw_text": "Du et al (2010), in this proceedings, explore the 128use of source paraphrases without targeting apparent mistranslations, using lattice translation (Dyer et al, 2008) to efficiently represent and decode the resulting very large space of paraphrase alternatives. Source paraphrase generation", 
    "clean_text": "Du et al (2010), in this proceedings, explore the use of source paraphrases without targeting apparent mistranslations, using lattice translation (Dyer et al, 2008) to efficiently represent and decode the resulting very large space of paraphrase alternatives.", 
    "keep_for_gold": 0
  }, 
  {
    "citance_No": 13, 
    "citing_paper_id": "P09-1089", 
    "citing_paper_authority": 15, 
    "citing_paper_authors": "Shachar, Mirkin | Lucia, Specia | Nicola, Cancedda | Ido, Dagan | Marc, Dymetman | Idan, Szpektor", 
    "raw_text": "Specifically, we suggest taking into account the prior likelihood that a rule is correct as part of the model score. Finally, some researchers have advocated recently the use of shared structures such as parse forests (Mi and Huang, 2008) or word lattices (Dyer et al, 2008) in order to allow a compact representation of alternative inputs to an SMT system", 
    "clean_text": "Finally, some researchers have advocated recently the use of shared structures such as parse forests (Mi and Huang, 2008) or word lattices (Dyer et al, 2008) in order to allow a compact representation of alternative inputs to an SMT system.", 
    "keep_for_gold": 0
  }, 
  {
    "citance_No": 14, 
    "citing_paper_id": "W11-2602", 
    "citing_paper_authority": 15, 
    "citing_paper_authors": "Wael, Salloum | Nizar, Habash", 
    "raw_text": "All of the systems we present use the lattice input format to Moses (Dyer et al, 2008), including the baselines which do not need them", 
    "clean_text": "All of the systems we present use the lattice input format to Moses (Dyer et al, 2008), including the baselines which do not need them.", 
    "keep_for_gold": 1
  }, 
  {
    "citance_No": 15, 
    "citing_paper_id": "D09-1106", 
    "citing_paper_authority": 8, 
    "citing_paper_authors": "Yang, Liu | Tian, Xia | Xinyan, Xiao | Qun, Liu", 
    "raw_text": "As most currents Mt systems only use 1-best alignments for extracting rules, alignment errors might impair translation quality. Recently, several studies have shown that offering more alternatives of annotations to SMT systems will result in significant improvements, such as replacing 1-best trees with packed forests (Miet al, 2008) and replacing 1-best word segmentations with word lattices (Dyer et al, 2008)", 
    "clean_text": "Recently, several studies have shown that offering more alternatives of annotations to SMT systems will result in significant improvements, such as replacing 1-best trees with packed forests (Miet al, 2008) and replacing 1-best word segmentations with word lattices (Dyer et al, 2008).", 
    "keep_for_gold": 0
  }, 
  {
    "citance_No": 16, 
    "citing_paper_id": "D09-1106", 
    "citing_paper_authority": 8, 
    "citing_paper_authors": "Yang, Liu | Tian, Xia | Xinyan, Xiao | Qun, Liu", 
    "raw_text": "Recent studies has shown that SMT systems can benefit from making the annotation pipeline wider: using packed forests instead of 1-best trees (Mi et al, 2008), word lattices instead of 1-best segmentations (Dyer et al, 2008), and n-best alignments instead of 1-best alignments (Venugopal et al, 2008)", 
    "clean_text": "Recent studies has shown that SMT systems can benefit from making the annotation pipeline wider: using packed forests instead of 1-best trees (Mi et al, 2008), word lattices instead of 1-best segmentations (Dyer et al, 2008), and n-best alignments instead of 1-best alignments (Venugopal et al, 2008).", 
    "keep_for_gold": 0
  }, 
  {
    "citance_No": 17, 
    "citing_paper_id": "D09-1115", 
    "citing_paper_authority": 3, 
    "citing_paper_authors": "Yang, Feng | Yang, Liu | Haitao, Mi | Qun, Liu | Yajuan, L&uuml;", 
    "raw_text": "As lattice is a more general form of confusion network (Dyer et al, 2008), we expect that replacing confusion networks with lattices will further improve system combination", 
    "clean_text": "As lattice is a more general form of confusion network (Dyer et al, 2008), we expect that replacing confusion networks with lattices will further improve system combination.", 
    "keep_for_gold": 0
  }, 
  {
    "citance_No": 18, 
    "citing_paper_id": "W10-1718", 
    "citing_paper_authority": 8, 
    "citing_paper_authors": "Zhifei, Li | Chris, Callison-Burch | Chris, Dyer | Juri, Ganitkevitch | Ann, Irvine | Sanjeev P., Khudanpur | Lane, Schwartz | Wren N. G., Thornton | Ziyuan, Wang | Jonathan, Weese | Omar F., Zaidan", 
    "raw_text": "Our implementation? s runtime and memory overhead is proportional to the size of the lattice, rather than the number of paths in the lattice (Dyer et al, 2008)", 
    "clean_text": "Our implementation's runtime and memory overhead is proportional to the size of the lattice, rather than the number of paths in the lattice (Dyer et al, 2008).", 
    "keep_for_gold": 0
  }, 
  {
    "citance_No": 19, 
    "citing_paper_id": "E09-1061", 
    "citing_paper_authority": 3, 
    "citing_paper_authors": "Adam, Lopez", 
    "raw_text": "Lattice parsing is not new to translation (Dyer et al, 2008), but to our knowledge it has not been used in this way", 
    "clean_text": "Lattice parsing is not new to translation (Dyer et al, 2008), but to our knowledge it has not been used in this way.", 
    "keep_for_gold": 0
  }, 
  {
    "citance_No": 20, 
    "citing_paper_id": "N09-2019", 
    "citing_paper_authority": 13, 
    "citing_paper_authors": "Adri&agrave; de, Gispert | Sami, Virpioja | Mikko, Kurimo | William, Byrne", 
    "raw_text": "Dyer et al (2008) report improvements from multiple Arabic segmentations in translation to English translation, but their goal was to demonstrate the value of lattice-based translation", 
    "clean_text": "Dyer et al (2008) report improvements from multiple Arabic segmentations in translation to English translation, but their goal was to demonstrate the value of lattice-based translation.", 
    "keep_for_gold": 0
  }
]
