[
  {
    "citance_No": 1, 
    "citing_paper_id": "P07-1072", 
    "citing_paper_authority": 10, 
    "citing_paper_authors": "Roxana, G&icirc;rju", 
    "raw_text": "Other researchers (Pantel and Pennacchiotti, 2006), (Snow et al, 2006) use clustering techniques coupled with syntactic dependency features to identify IS-A relations in large text collections", 
    "clean_text": "", 
    "keep_for_gold": 0
  }, 
  {
    "citance_No": 2, 
    "citing_paper_id": "P10-1133", 
    "citing_paper_authority": 1, 
    "citing_paper_authors": "Dmitry, Davidov | Ari, Rappoport", 
    "raw_text": "(Pantel and Pennacchiotti, 2006)) to reduce noise", 
    "clean_text": "", 
    "keep_for_gold": 0
  }, 
  {
    "citance_No": 3, 
    "citing_paper_id": "N09-1022", 
    "citing_paper_authority": 2, 
    "citing_paper_authors": "Masato, Hagiwara | Hisami, Suzuki", 
    "raw_text": "Here we used the Tchai algorithm (Komachi and Suzuki, 2008), a modified version of Espresso (Pantel and Pennacchiotti, 2006) to collect such candidates", 
    "clean_text": "Here we used the Tchai algorithm (Komachi and Suzuki, 2008), a modified version of Espresso (Pantel and Pennacchiotti, 2006) to collect such candidates.", 
    "keep_for_gold": 0
  }, 
  {
    "citance_No": 4, 
    "citing_paper_id": "W09-2415", 
    "citing_paper_authority": 14, 
    "citing_paper_authors": "Iris, Hendrickx | Su Nam, Kim | Zornitsa, Kozareva | Preslav, Nakov | Diarmuid, &Oacute; S&eacute;aghdha | Marco, Pennacchiotti | Lorenza, Romano | Stan, Szpakowicz", 
    "raw_text": "Pantel and Pennacchiotti (2006) concentrate on five relations in an IE-style setting", 
    "clean_text": "Pantel and Pennacchiotti (2006) concentrate on five relations in an IE-style setting.", 
    "keep_for_gold": 0
  }, 
  {
    "citance_No": 5, 
    "citing_paper_id": "C10-2137", 
    "citing_paper_authority": 1, 
    "citing_paper_authors": "Ang, Sun | Ralph, Grishman", 
    "raw_text": "and can be handled separately as in (Pantel and Pennacchiotti, 2006)", 
    "clean_text": "Short paths are more likely to be generic patterns such as 'of' and can be handled separately as in (Pantel and Pennacchiotti, 2006).", 
    "keep_for_gold": 0
  }, 
  {
    "citance_No": 6, 
    "citing_paper_id": "D11-1076", 
    "citing_paper_authority": 3, 
    "citing_paper_authors": "Stijn, De Saeger | Kentaro, Torisawa | Masaaki, Tsuchida | Jun'ichi, Kazama | Chikara, Hashimoto | Ichiro, Yamada | Jong-Hoon, Oh | Istv&aacute;n, Varga | Yulan, Yan", 
    "raw_text": "4.1.1 Methods Compared We compare our results to two pattern based methods: CDP (the Stage 1 extractor) and Espresso (Pantel and Pennacchiotti, 2006a)", 
    "clean_text": "We compare our results to two pattern based methods: CDP (the Stage 1 extractor) and Espresso (Pantel and Pennacchiotti, 2006a).", 
    "keep_for_gold": 0
  }, 
  {
    "citance_No": 7, 
    "citing_paper_id": "D11-1076", 
    "citing_paper_authority": 3, 
    "citing_paper_authors": "Stijn, De Saeger | Kentaro, Torisawa | Masaaki, Tsuchida | Jun'ichi, Kazama | Chikara, Hashimoto | Ichiro, Yamada | Jong-Hoon, Oh | Istv&aacute;n, Varga | Yulan, Yan", 
    "raw_text": "In the pattern induction step (section 3.2 in (Pantel and Pennacchiotti, 2006a)), Espresso computes a reliability score for each candidate pattern based on the weighted PMI of the pattern with all instances extracted so far. As the number of extracted instances increases this dis proportionally favours high frequency (i.e. generic) patterns, so in stead of using all instances for computing pattern reliability we only use the m most reliable instances from the previous iteration, which were used to extract the candidate patterns of the current iteration (m= 200, like the original)", 
    "clean_text": "In the pattern induction step (section 3.2 in (Pantel and Pennacchiotti, 2006a)), Espresso computes a reliability score for each candidate pattern based on the weighted PMI of the pattern with all instances extracted so far.", 
    "keep_for_gold": 1
  }, 
  {
    "citance_No": 8, 
    "citing_paper_id": "S12-1047", 
    "citing_paper_authority": 12, 
    "citing_paper_authors": "Keith, Holyoak | David, Jurgens | Peter D., Turney | Saif, Mohammad", 
    "raw_text": "Others have used classifications based on the requirements for a specific task, such as Information Extraction (Pantel and Pennacchiotti, 2006) or biomedical applications (Stephens et al, 2001) .We adopt the relation classification scheme of Bejar et al (1991), which includes ten high-level categories (e.g., CAUSE-PURPOSE and SPACE-TIME) .Each category has between five and ten more re fined subcategories (e.g., CAUSE-PURPOSE includes CAUSE: EFFECT and ACTION: GOAL), for a total of79 distinct subcategories", 
    "clean_text": "Others have used classifications based on the requirements for a specific task, such as Information Extraction (Pantel and Pennacchiotti, 2006) or biomedical applications (Stephens et al, 2001).", 
    "keep_for_gold": 0
  }, 
  {
    "citance_No": 9, 
    "citing_paper_id": "P07-1067", 
    "citing_paper_authority": 13, 
    "citing_paper_authors": "Xiaofeng, Yang | Jian, Su", 
    "raw_text": "Formally, supposing the pat tern list associated with a seed pair s is PList (s), the frequency score of a pattern p is defined as Freqency (p)=| {s|s? S+, p? PList (s)}| (1) 4.2.2 Reliability Another possible way to evaluate a pattern is based on its reliability ,i.e., the degree that the pat tern is associated with the positive co referential NPs.In our study, we use point wise mutual information (Cover and Thomas, 1991) to measure association strength, which has been proved effective in the task of semantic relation identification (Pantel and Pennacchiotti, 2006)", 
    "clean_text": "In our study, we use point wise mutual information (Cover and Thomas, 1991) to measure association strength, which has been proved effective in the task of semantic relation identification (Pantel and Pennacchiotti, 2006).", 
    "keep_for_gold": 0
  }, 
  {
    "citance_No": 10, 
    "citing_paper_id": "I08-1065", 
    "citing_paper_authority": 2, 
    "citing_paper_authors": "Shuya, Abe | Kentaro, Inui | Yuji, Matsumoto", 
    "raw_text": "Second, we extend Pantel and Pennacchiotti (2006)? s Espresso algorithm, which induces specific reliable LSPs in a bootstrapping manner for entity relation extraction, so that the extended algorithm can apply to event relations (Sections 4.2 to 4.4)", 
    "clean_text": "Second, we extend Pantel and Pennacchiotti (2006)'s Espresso algorithm, which induces specific reliable LSPs in a bootstrapping manner for entity relation extraction, so that the extended algorithm can apply to event relations (Sections 4.2 to 4.4).", 
    "keep_for_gold": 1
  }, 
  {
    "citance_No": 11, 
    "citing_paper_id": "I08-1065", 
    "citing_paper_authority": 2, 
    "citing_paper_authors": "Shuya, Abe | Kentaro, Inui | Yuji, Matsumoto", 
    "raw_text": "This section overviews Pantel and Pennacchiotti (2006)? s Espresso algorithm", 
    "clean_text": "This section overviews Pantel and Pennacchiotti (2006)'s Espresso algorithm.", 
    "keep_for_gold": 0
  }, 
  {
    "citance_No": 12, 
    "citing_paper_id": "W11-0903", 
    "citing_paper_authority": 0, 
    "citing_paper_authors": "&Scedil;erbet&ccedil;i, Ay&scedil;e | Zeynep, Orhan | Pehlivan, &#x130;lknur", 
    "raw_text": "Espresso (Pantel and Pennacchiotti, 2006) is also concerned in finding patterns to represent relations", 
    "clean_text": "Espresso (Pantel and Pennacchiotti, 2006) is also concerned in finding patterns to represent relations.", 
    "keep_for_gold": 0
  }, 
  {
    "citance_No": 13, 
    "citing_paper_id": "W10-0904", 
    "citing_paper_authority": 1, 
    "citing_paper_authors": "Chris, Welty | James, Fan | David, Gondek | Andrew, Schlaikjer", 
    "raw_text": "However, our initial experiments suggest that good pattern generalization would have a significant impact on recall, without negative impact on precision, which agrees with findings in the literature (Pantel and Pennacchiotti, 2006)", 
    "clean_text": "However, our initial experiments suggest that good pattern generalization would have a significant impact on recall, without negative impact on precision, which agrees with findings in the literature (Pantel and Pennacchiotti, 2006).", 
    "keep_for_gold": 0
  }, 
  {
    "citance_No": 14, 
    "citing_paper_id": "P09-1113", 
    "citing_paper_authority": 100, 
    "citing_paper_authors": "Mike, Mintz | Steven, Bills | Rion, Snow | Daniel, Jurafsky", 
    "raw_text": "Other work 1004 Relation name Size Example /people/person/nationality 281,107 John Dugard, South Africa /location/location/contains 253,223 Belgium, Nijlen /people/person/profession 208,888 Dusa McDuff, Mathematician /people/person/place of birth 105,799 Edwin Hubble, Marshfield /dining/restaurant/cuisine 86,213 MacAyo? s Mexican Kitchen, Mexican /business/businesschain/location 66,529 Apple Inc., Apple Inc., South Park, NC /biology/organism classification rank 42,806 Scorpaeniformes, Order /film/film/genre 40,658 Where the Sidewalk Ends, Filmnoir /film/film/language 31,103 Enter the Phoenix, Cantonese /biology/organism higher classification 30,052 Calopteryx, Calopterygidae /film/film/country 27,217 Turtle Diary, United States /film/writer/film 23,856 Irving Shulman, Rebel Without a Cause /film/director/film 23,539 Michael Mann, Collateral /film/producer/film 22,079 Diane Eskenazi, Aladdin /people/deceasedperson/place of death 18,814 John W. Kern, Asheville /music/artist/origin 18,619 The Octopus Project, Austin /people/person/religion 17,582 Joseph Chartrand, Catholicism /book/author/works written 17,278 Paul Auster, Travels in the Scriptorium /soccer/footballposition/players 17,244 Midfielder, Chen Tao /people/deceasedperson/cause of death 16,709 Richard Daintree, Tuberculosis /book/book/genre 16,431 Pony Soldiers, Science fiction /film/film/music 14,070 Stavisky, Stephen Sondheim /business/company/industry 13,805 ATS Medical, Health care Table 2: The 23 largest Freebase relations we use, with their size and an instance of each relation.such as Ravichandran and Hovy (2002) and Pantel and Pennacchiotti (2006) use the same formal ism of learning regular expressions over words and part-of-speech tags to discover patterns indicating a variety of relations. More recent approaches have used deeper syn tactic information derived from parses of the input sentences, including work exploiting syntactic dependencies by Lin and Pantel (2001) and Snow et al", 
    "clean_text": "", 
    "keep_for_gold": 0
  }, 
  {
    "citance_No": 15, 
    "citing_paper_id": "P11-2006", 
    "citing_paper_authority": 0, 
    "citing_paper_authors": "Tetsuo, Kiso | Masashi, Shimbo | Mamoru, Komachi | Yuji, Matsumoto", 
    "raw_text": "In this paper, we propose a graph-based approach to seed selection and stop list creation for the state of-the-art bootstrapping algorithm Espresso (Panteland Pennacchiotti, 2006)", 
    "clean_text": "In this paper, we propose a graph-based approach to seed selection and stop list creation for the state-of-the-art bootstrapping algorithm Espresso (Panteland Pennacchiotti, 2006).", 
    "keep_for_gold": 0
  }, 
  {
    "citance_No": 16, 
    "citing_paper_id": "P10-1135", 
    "citing_paper_authority": 1, 
    "citing_paper_authors": "Ashwin, Ittoo | Gosse, Bouma", 
    "raw_text": "To answer these questions, we bootstrappeda minimally-supervised relation extraction algorithm, based on Espresso (Pantel and Pennacchiotti, 2006), with different seed-sets for the various types of part-whole relations, and analyzed the harvested tuples and patterns", 
    "clean_text": "To answer these questions, we bootstrapped a minimally-supervised relation extraction algorithm, based on Espresso (Pantel and Pennacchiotti, 2006), with different seed-sets for the various types of part-whole relations, and analyzed the harvested tuples and patterns.", 
    "keep_for_gold": 0
  }, 
  {
    "citance_No": 17, 
    "citing_paper_id": "P10-1135", 
    "citing_paper_authority": 1, 
    "citing_paper_authors": "Ashwin, Ittoo | Gosse, Bouma", 
    "raw_text": "The Espresso algorithm (Pantel and Pennacchiotti,2006) achieves a precision of 80% in learning part whole relations from the Acquaint (TREC-9 )cor pus of nearly 6M words", 
    "clean_text": "The Espresso algorithm (Pantel and Pennacchiotti, 2006) achieves a precision of 80% in learning part whole relations from the Acquaint (TREC-9) corpus of nearly 6M words.", 
    "keep_for_gold": 0
  }, 
  {
    "citance_No": 18, 
    "citing_paper_id": "P10-1135", 
    "citing_paper_authority": 1, 
    "citing_paper_authors": "Ashwin, Ittoo | Gosse, Bouma", 
    "raw_text": "For example, Girju et al (2003 )andGirju et al (2006) assume a single part-whole relation, encompassing all the different types mentioned in the taxonomy of Winston et al (1987) .Similarly, the minimally-supervised Espresso algorithm (Pantel and Pennacchiotti, 2006) is initialized with a single set that mixes seeds of heterogeneous types, such as leader-panel and oxygen-water, which respectively correspond to the member-of and sub-quantity-of relations in the taxonomy of Keet and Artale (2008)", 
    "clean_text": "Similarly, the minimally-supervised Espresso algorithm (Pantel and Pennacchiotti, 2006) is initialized with a single set that mixes seeds of heterogeneous types, such as leader-panel and oxygen-water, which respectively correspond to the member-of and sub-quantity-of relations in the taxonomy of Keet and Artale (2008).", 
    "keep_for_gold": 1
  }, 
  {
    "citance_No": 19, 
    "citing_paper_id": "P10-1135", 
    "citing_paper_authority": 1, 
    "citing_paper_authors": "Ashwin, Ittoo | Gosse, Bouma", 
    "raw_text": "Compared to traditional surface-pattern representations, used by Pantel and Pennacchiotti (2006), dependency paths abstract from surface texts to capture long range dependencies between terms", 
    "clean_text": "Compared to traditional surface-pattern representations, used by Pantel and Pennacchiotti (2006), dependency paths abstract from surface texts to capture long range dependencies between terms.", 
    "keep_for_gold": 0
  }, 
  {
    "citance_No": 20, 
    "citing_paper_id": "P10-1135", 
    "citing_paper_authority": 1, 
    "citing_paper_authors": "Ashwin, Ittoo | Gosse, Bouma", 
    "raw_text": "As IE algorithm for extracting part-whole relations from our texts, we relied on Espresso, a minimally-supervised algorithm, as described by Pantel and Pennacchiotti (2006)", 
    "clean_text": "As IE algorithm for extracting part-whole relations from our texts, we relied on Espresso, a minimally-supervised algorithm, as described by Pantel and Pennacchiotti (2006).", 
    "keep_for_gold": 0
  }
]
