[
  {
    "citance_No": 1, 
    "citing_paper_id": "W98-0301", 
    "citing_paper_authority": 2, 
    "citing_paper_authors": "Daniel, Marcu", 
    "raw_text": "Also, if we want to select he most important parts of a text, sentences might prove again to be too large segments (Marcu, 1997a; Teufel and Moens, 1998): in some cases, only one of the clauses that make up a sentence should be selected for summarization", 
    "clean_text": "Also, if we want to select the most important parts of a text, sentences might prove again to be too large segments (Marcu, 1997a; Teufel and Moens, 1998): in some cases, only one of the clauses that make up a sentence should be selected for summarization.", 
    "keep_for_gold": 0
  }, 
  {
    "citance_No": 2, 
    "citing_paper_id": "W98-0301", 
    "citing_paper_authority": 2, 
    "citing_paper_authors": "Daniel, Marcu", 
    "raw_text": "Marcu (1997b) lists all cue phrases that were used to extract ext fragments from the Brown corpus, the number of occurrences of each cue phrase in the corpus, and the number of text fragments that were randomly extracted for each cue phrase", 
    "clean_text": "", 
    "keep_for_gold": 0
  }, 
  {
    "citance_No": 3, 
    "citing_paper_id": "W98-0301", 
    "citing_paper_authority": 2, 
    "citing_paper_authors": "Daniel, Marcu", 
    "raw_text": "The I Marcu (1997b) studies the other two functions as well", 
    "clean_text": "", 
    "keep_for_gold": 0
  }, 
  {
    "citance_No": 4, 
    "citing_paper_id": "W98-0301", 
    "citing_paper_authority": 2, 
    "citing_paper_authors": "Daniel, Marcu", 
    "raw_text": "Marcu (1997b) provides a full description of the algorithm", 
    "clean_text": "", 
    "keep_for_gold": 0
  }, 
  {
    "citance_No": 5, 
    "citing_paper_id": "W12-0515", 
    "citing_paper_authority": 0, 
    "citing_paper_authors": "Achim, Hoffmann | Paul, Compton | Filippo, Galgani", 
    "raw_text": "This kind of approach has been very popular in summarization; however the difficulty of this task often requires more complex representations, and different kinds of models to learn relevance in text have been proposed, such as discourse-based (Marcu, 1997) or network-based (Salton et al,1997) models and many others", 
    "clean_text": "This kind of approach has been very popular in summarization; however the difficulty of this task often requires more complex representations, and different kinds of models to learn relevance in text have been proposed, such as discourse-based (Marcu, 1997) or network-based (Salton et al, 1997) models and many others.", 
    "keep_for_gold": 0
  }, 
  {
    "citance_No": 6, 
    "citing_paper_id": "W00-0404", 
    "citing_paper_authority": 0, 
    "citing_paper_authors": "Fumiyo, Fukumoto | Yoshimi, Suzuki", 
    "raw_text": "A variety of approaches exist for determining the salient sentences in the text: statistical techniques based oll word distribution (Kupiec et al, 1995), (Zechner, 1996), (Salton et al., 1991), (Teufell and Moens, 1997), symbolic techniques based on discourse structure (Marcu, 1997) and semantic relations between words (Barzil~v and Elhadad, 1997)", 
    "clean_text": "A variety of approaches exist for determining the salient sentences in the text: statistical techniques based on word distribution (Kupiec et al, 1995), (Zechner, 1996), (Salton et al., 1991), (Teufell and Moens, 1997), symbolic techniques based on discourse structure (Marcu, 1997) and semantic relations between words (Barzilay and Elhadad, 1997).", 
    "keep_for_gold": 0
  }, 
  {
    "citance_No": 7, 
    "citing_paper_id": "C04-1057", 
    "citing_paper_authority": 15, 
    "citing_paper_authors": "Elena, Filatova | Vasileios, Hatzivassiloglou", 
    "raw_text": "Some summarization systems assume that the importance of a sentence is derivable from a rhetorical rep re sentation of the source text (Marcu, 1997), while others leverage information from multiple texts to re-score the importance of conceptual units across all the sources (Hatzivassiloglou et al, 2001) .No matter how these important concepts are defined, different systems use text-observable features that either correspond to the concepts of interest (e.g., words and their frequencies) or point out those text units that potentially contain important concepts (e.g., position or discourse properties of the text unit in the source document)", 
    "clean_text": "Some summarization systems assume that the importance of a sentence is derivable from a rhetorical representation of the source text (Marcu, 1997), while others leverage information from multiple texts to re-score the importance of conceptual units across all the sources (Hatzivassiloglou et al, 2001).", 
    "keep_for_gold": 0
  }, 
  {
    "citance_No": 8, 
    "citing_paper_id": "W04-2607", 
    "citing_paper_authority": 17, 
    "citing_paper_authors": "Jane, Morris | Graeme, Hirst", 
    "raw_text": "We intend to investigate any potential linkages between the word groups in the texts and other theories that provide pre-determined structures of text, such as Rhetorical Structure Theory (Marcu, 1997)", 
    "clean_text": "We intend to investigate any potential linkages between the word groups in the texts and other theories that provide pre-determined structures of text, such as Rhetorical Structure Theory (Marcu, 1997).", 
    "keep_for_gold": 0
  }, 
  {
    "citance_No": 9, 
    "citing_paper_id": "W02-0404", 
    "citing_paper_authority": 7, 
    "citing_paper_authors": "Jahna C., Otterbacher | Dragomir R., Radev | Airong, Luo", 
    "raw_text": "RST can be used in sentence selection for single document summarization [Marcu, 1997]", 
    "clean_text": "RST can be used in sentence selection for single document summarization [Marcu, 1997].", 
    "keep_for_gold": 0
  }, 
  {
    "citance_No": 10, 
    "citing_paper_id": "W00-0402", 
    "citing_paper_authority": 2, 
    "citing_paper_authors": "Samuel W. K., Chan | Tom Bong-Yeung, Lai | Weijun, Gao | Benjamin K., T'sou", 
    "raw_text": "Ono et al (1994), T &apos; sou et al (1992) and Marcu (1997) focus on discourse structure in summarization using the Rhetorical Structure Theory (RST)", 
    "clean_text": "Ono et al (1994), T'sou et al (1992) and Marcu (1997) focus on discourse structure in summarization using the Rhetorical Structure Theory (RST).", 
    "keep_for_gold": 0
  }, 
  {
    "citance_No": 11, 
    "citing_paper_id": "W00-1206", 
    "citing_paper_authority": 1, 
    "citing_paper_authors": "Benjamin K., T'sou | Tom Bong-Yeung, Lai | Samuel W. K., Chan | Weijun, Gao | Xuegang, Zhan", 
    "raw_text": "Ono et al (1994), T &apos; sou et al (1992) and Marcu (1997) focus on discourse structure in summarization using the Rhetorical Structure Theory (RST, Mann and Thompson 1986)", 
    "clean_text": "Ono et al (1994), T'sou et al (1992) and Marcu (1997) focus on discourse structure in summarization using the Rhetorical Structure Theory (RST, Mann and Thompson 1986).", 
    "keep_for_gold": 0
  }, 
  {
    "citance_No": 12, 
    "citing_paper_id": "P00-1041", 
    "citing_paper_authority": 25, 
    "citing_paper_authors": "Michele, Banko | Vibhu O., Mittal | Michael J., Witbrock", 
    "raw_text": "Most previous work on summarization focused on extractive methods, investigating issues such as cue phrases (Luhn, 1958), positional indicators (Edmundson, 1964), lexical occurrence statistics (Mathis et al, 1973), probabilistic measures for token salience (Salton et al, 1997), and the use of implicit discourse structure (Marcu,1997)", 
    "clean_text": "Most previous work on summarization focused on extractive methods, investigating issues such as cue phrases (Luhn, 1958), positional indicators (Edmundson, 1964), lexical occurrence statistics (Mathis et al, 1973), probabilistic measures for token salience (Salton et al, 1997), and the use of implicit discourse structure (Marcu,1997).", 
    "keep_for_gold": 0
  }, 
  {
    "citance_No": 13, 
    "citing_paper_id": "W06-3401", 
    "citing_paper_authority": 0, 
    "citing_paper_authors": "Gabriel, Murray | Maite, Taboada | Steve, Renals", 
    "raw_text": "Theories such as RST have been popular for sometime as a way of describing the multi-levelled rhetorical relations that exist in text, with relevant applications such as automatic summarization (Marcu, 1997) and natural language generation (Knott and Dale, 1996)", 
    "clean_text": "Theories such as RST have been popular for sometime as a way of describing the multi-levelled rhetorical relations that exist in text, with relevant applications such as automatic summarization (Marcu, 1997) and natural language generation (Knott and Dale, 1996).", 
    "keep_for_gold": 0
  }
]
