[
  {
    "citance_No": 1, 
    "citing_paper_id": "W07-0724", 
    "citing_paper_authority": 5, 
    "citing_paper_authors": "Nicola, Ueffing | Michel, Simard | Samuel, Larkin | Howard, Johnson", 
    "raw_text": "The other three scores will be explained at the end of this subsection. We pruned the generated phrase tables fol lowing the method introduced in (Johnson et al., 2007)", 
    "clean_text": "We pruned the generated phrase tables following the method introduced in (Johnson et al., 2007).", 
    "keep_for_gold": 0
  }, 
  {
    "citance_No": 2, 
    "citing_paper_id": "W07-0724", 
    "citing_paper_authority": 5, 
    "citing_paper_authors": "Nicola, Ueffing | Michel, Simard | Samuel, Larkin | Howard, Johnson", 
    "raw_text": "See (Johnson et al, 2007) for details", 
    "clean_text": "See (Johnson et al, 2007) for details.", 
    "keep_for_gold": 0
  }, 
  {
    "citance_No": 3, 
    "citing_paper_id": "D12-1108", 
    "citing_paper_authority": 12, 
    "citing_paper_authors": "J&ouml;rg, Tiedemann | Christian, Hardmeier | Joakim, Nivre", 
    "raw_text": "Significance-based filtering (Johnson et al 2007) was applied to the resulting phrase table", 
    "clean_text": "Significance-based filtering (Johnson et al 2007) was applied to the resulting phrase table.", 
    "keep_for_gold": 0
  }, 
  {
    "citance_No": 4, 
    "citing_paper_id": "P09-2031", 
    "citing_paper_authority": 2, 
    "citing_paper_authors": "Zhongjun, He | Yao, Meng | Yajuan, L&uuml; | Hao, Yu | Qun, Liu", 
    "raw_text": "Johnson et al (2007) reduced the phrase table based on the significance testing of phrase pair co-occurrence in bilingual corpus", 
    "clean_text": "Johnson et al (2007) reduced the phrase table based on the significance testing of phrase pair co-occurrence in bilingual corpus.", 
    "keep_for_gold": 0
  }, 
  {
    "citance_No": 5, 
    "citing_paper_id": "N09-1015", 
    "citing_paper_authority": 2, 
    "citing_paper_authors": "Yu, Chen | Martin, Kay | Andreas, Eisele", 
    "raw_text": "Various filtering techniques, such as (Johnsonetal., 2007) and (Chen et al, 2008), have been applied to eliminate a large portion of the translation rules that were judged unlikely to be of value for the current translation", 
    "clean_text": "Various filtering techniques, such as (Johnson et al., 2007) and (Chen et al, 2008), have been applied to eliminate a large portion of the translation rules that were judged unlikely to be of value for the current translation.", 
    "keep_for_gold": 0
  }, 
  {
    "citance_No": 6, 
    "citing_paper_id": "W11-2154", 
    "citing_paper_authority": 0, 
    "citing_paper_authors": "Marion, Potet | Rapha&euml;l, Rubino | Benjamin, Lecouteux | St&eacute;phane, Huet | Laurent, Besacier | Herv&eacute;, Blanchon | Fabrice, Lef&egrave;vre", 
    "raw_text": "We filtered the obtained phrase table using the method described in (Johnson et al, 2007)", 
    "clean_text": "We filtered the obtained phrase table using the method described in (Johnson et al, 2007).", 
    "keep_for_gold": 0
  }, 
  {
    "citance_No": 7, 
    "citing_paper_id": "W10-1705", 
    "citing_paper_authority": 6, 
    "citing_paper_authors": "Ond&#x159;ej, Bojar | Kamil, Kos", 
    "raw_text": "Significance filtering of the phrase tables (Johnson et al,2007) implemented for Moses by Chris Dyer; default set tings of filter value a+e and the cut-off 30", 
    "clean_text": "Significance filtering of the phrase tables (Johnson et al,2007) implemented for Moses by Chris Dyer.", 
    "keep_for_gold": 0
  }, 
  {
    "citance_No": 8, 
    "citing_paper_id": "P11-1064", 
    "citing_paper_authority": 13, 
    "citing_paper_authors": "Graham, Neubig | Taro, Watanabe | Eiichiro, Sumita | Shinsuke, Mori | Tatsuya, Kawahara", 
    "raw_text": "In addition to the previously mentioned phrase alignment techniques, there has also been a significant body of work on phrase extraction (Moore and Quirk (2007), Johnson et al (2007a), inter alia)", 
    "clean_text": "", 
    "keep_for_gold": 0
  }, 
  {
    "citance_No": 9, 
    "citing_paper_id": "P11-1064", 
    "citing_paper_authority": 13, 
    "citing_paper_authors": "Graham, Neubig | Taro, Watanabe | Eiichiro, Sumita | Shinsuke, Mori | Tatsuya, Kawahara", 
    "raw_text": "Our work differs in that it uses Bayesian techniques instead of MDL, and works on two languages, not one. Adaptor grammars, models in which non terminals memorize subtrees that lie below them, have been used for word segmentation or other monolingual tasks (Johnson et al, 2007b)", 
    "clean_text": "", 
    "keep_for_gold": 0
  }, 
  {
    "citance_No": 10, 
    "citing_paper_id": "W10-3804", 
    "citing_paper_authority": 0, 
    "citing_paper_authors": "Hailong, Cao | Andrew, Finch | Eiichiro, Sumita", 
    "raw_text": "Johnson et al, (2007) presented a technique for pruning the phrase table in a PBMT system using Fisher? s exact test", 
    "clean_text": "Johnson et al, (2007) presented a technique for pruning the phrase table in a PBMT system using Fisher's exact test.", 
    "keep_for_gold": 0
  }, 
  {
    "citance_No": 11, 
    "citing_paper_id": "W10-3804", 
    "citing_paper_authority": 0, 
    "citing_paper_authors": "Hailong, Cao | Andrew, Finch | Eiichiro, Sumita", 
    "raw_text": "Yang and Zheng (2008) extended the work in Johnson et al, (2007) to a hierarchical PBMT model, which is built on synchronous context free grammars (SCFG)", 
    "clean_text": "Yang and Zheng (2008) extended the work in Johnson et al, (2007) to a hierarchical PBMT model, which is built on synchronous context free grammars (SCFG).", 
    "keep_for_gold": 0
  }, 
  {
    "citance_No": 12, 
    "citing_paper_id": "D11-1054", 
    "citing_paper_authority": 12, 
    "citing_paper_authors": "Alan, Ritter | Colin, Cherry | William B., Dolan", 
    "raw_text": "ing whether its phrases form a valid mapping. We consider all possible phrase-pairs in the training data,1 then use Fisher? s Exact Test to filter out pairs with low correlation (Johnson et al, 2007)", 
    "clean_text": "We consider all possible phrase-pairs in the training data, then use Fisher's Exact Test to filter out pairs with low correlation (Johnson et al, 2007).", 
    "keep_for_gold": 0
  }, 
  {
    "citance_No": 13, 
    "citing_paper_id": "W09-1114", 
    "citing_paper_authority": 5, 
    "citing_paper_authors": "Abhishek, Arun | Chris, Dyer | Barry, Haddow | Philip, Blunsom | Adam, Lopez | Philipp, Koehn", 
    "raw_text": "To reduce the size of the phrase table, we used the association-score technique suggested by Johnson et al (2007a)", 
    "clean_text": "To reduce the size of the phrase table, we used the association-score technique suggested by Johnson et al (2007a).", 
    "keep_for_gold": 0
  }, 
  {
    "citance_No": 14, 
    "citing_paper_id": "P09-2060", 
    "citing_paper_authority": 4, 
    "citing_paper_authors": "Mei, Yang | Jing, Zheng", 
    "raw_text": "Removing those pairs could lead to improved translation quality. (Johnson et al, 2007) has presented a technique for pruning the phrase table in a phrase based SMT system using Fisher? s exact test", 
    "clean_text": "(Johnson et al, 2007) has presented a technique for pruning the phrase table in a phrase based SMT system using Fisher's exact test.", 
    "keep_for_gold": 1
  }, 
  {
    "citance_No": 15, 
    "citing_paper_id": "P09-2060", 
    "citing_paper_authority": 4, 
    "citing_paper_authors": "Mei, Yang | Jing, Zheng", 
    "raw_text": "In this paper, we extend the work in (Johnsonet al, 2007) to a hierarchical phrase-based translation model, which is built on synchronous context free grammars (SCFG)", 
    "clean_text": "In this paper, we extend the work in (Johnson et al, 2007) to a hierarchical phrase-based translation model, which is built on synchronous context free grammars (SCFG).", 
    "keep_for_gold": 0
  }, 
  {
    "citance_No": 16, 
    "citing_paper_id": "W11-2132", 
    "citing_paper_authority": 5, 
    "citing_paper_authors": "Patrik, Lambert | Holger, Schwenk | Christophe, Servan | Sadaf, Abdul-Rauf", 
    "raw_text": "Many of these automatically extracted translations are probably wrong an dare never used since their probabilities are (fortunately) small in comparison to better translations. Therefore, several approaches were proposed to filter these phrase-tables, reducing considerably their size without any loss of the quality, or even achieving improved performance (Johnson et al, 2007) .Given these observations, adaptation of the translation model of PBSMT systems could be performed by modifying the probability distribution of the existing phrases without necessarily modifying the entries", 
    "clean_text": "Therefore, several approaches were proposed to filter these phrase-tables, reducing considerably their size without any loss of the quality, or even achieving improved performance (Johnson et al, 2007).", 
    "keep_for_gold": 0
  }, 
  {
    "citance_No": 17, 
    "citing_paper_id": "D12-1058", 
    "citing_paper_authority": 2, 
    "citing_paper_authors": "Atsushi, Fujita | Pierre, Isabelle | Roland, Kuhn", 
    "raw_text": "First, statistically unreliable translation pairs (Johnson et al2007) are filtered out", 
    "clean_text": "First, statistically unreliable translation pairs (Johnson et al2007) are filtered out.", 
    "keep_for_gold": 1
  }, 
  {
    "citance_No": 18, 
    "citing_paper_id": "D12-1058", 
    "citing_paper_authority": 2, 
    "citing_paper_authors": "Atsushi, Fujita | Pierre, Isabelle | Roland, Kuhn", 
    "raw_text": "The resulting translation pairs were then filtered with the significance pruning technique of (Johnson et al2007), using?+? as threshold", 
    "clean_text": "The resulting translation pairs were then filtered with the significance pruning technique of (Johnson et al2007), using a+e as threshold.", 
    "keep_for_gold": 0
  }, 
  {
    "citance_No": 19, 
    "citing_paper_id": "D12-1089", 
    "citing_paper_authority": 4, 
    "citing_paper_authors": "Daisy, Stanton | Richard, Zens | Peng, Xu", 
    "raw_text": "In this paper, we address the other problem of any statistical machine translation system: large phrase tables. Johnson et al (2007) has shown that large portions of the phrase table can be removed without loss in translation quality", 
    "clean_text": "Johnson et al (2007) has shown that large portions of the phrase table can be removed without loss in translation quality.", 
    "keep_for_gold": 0
  }, 
  {
    "citance_No": 20, 
    "citing_paper_id": "D12-1089", 
    "citing_paper_authority": 4, 
    "citing_paper_authors": "Daisy, Stanton | Richard, Zens | Peng, Xu", 
    "raw_text": "It is thus not surprising that some of them perform poorly, as our experimental results will show. The work of Johnson et al (2007) is promising as it shows that large parts of the phrase table can be removed without affecting translation quality", 
    "clean_text": "The work of Johnson et al (2007) is promising as it shows that large parts of the phrase table can be removed without affecting translation quality.", 
    "keep_for_gold": 0
  }
]
