[
  {
    "citance_No": 1, 
    "citing_paper_id": "W05-0820", 
    "citing_paper_authority": 10, 
    "citing_paper_authors": "Philipp, Koehn | Christof, Monz", 
    "raw_text": "However, the field is moving fast, and a number of steps help to improve upon the provided baseline setup ,e.g., larger language models trained on general text (up to a billion words have been used), better reodering mod els (e.g., suggested by Tillman (2004) and Och et al (2004)), better language-specific preprocessing (Koehn and Knight, 2003) and restructuring (Collins et al, 2005), additional feature functions such as word class language models, and minimum error rate training (Och, 2003) to optimize parameters. Some of these steps (e.g., improved reordering models) go beyond the current capabilities of Pharaoh", 
    "clean_text": "", 
    "keep_for_gold": 0
  }, 
  {
    "citance_No": 2, 
    "citing_paper_id": "C08-1137", 
    "citing_paper_authority": 1, 
    "citing_paper_authors": "Jiajun, Zhang | Chengqing, Zong | Shoushan, Li", 
    "raw_text": "The most notable models are given by Xia and McCord (2004), Collins et al (2005), Li et al (2007) and Wang et al (2007)", 
    "clean_text": "", 
    "keep_for_gold": 0
  }, 
  {
    "citance_No": 3, 
    "citing_paper_id": "D09-1021", 
    "citing_paper_authority": 5, 
    "citing_paper_authors": "Xavier, Carreras | Michael John, Collins", 
    "raw_text": "This result was found to be significant (p= 0.021) under the paired bootstrap re sampling method of Koehn (2004), and is close to significant (p= 0.058 )under the sign test of Collins et al (2005)", 
    "clean_text": "This result was found to be significant (p= 0.021) under the paired bootstrap resampling method of Koehn (2004), and is close to significant (p= 0.058) under the sign test of Collins et al (2005).", 
    "keep_for_gold": 0
  }, 
  {
    "citance_No": 4, 
    "citing_paper_id": "P11-1004", 
    "citing_paper_authority": 9, 
    "citing_paper_authors": "Ann, Clifton | Anoop, Sarkar", 
    "raw_text": "Our best performing method used unsupervised morphology with L-match (see Section 2.2) and the improvement is significant: bootstrap re sampling provides a confidence margin of? 0.77 and a t-test (Collins et al, 2005) showed significance with p= 0.001", 
    "clean_text": "Our best performing method used unsupervised morphology with L-match (see Section 2.2) and the improvement is significant: bootstrap resampling provides a confidence margin of 0.77 and a t-test (Collins et al, 2005) showed significance with p= 0.001.", 
    "keep_for_gold": 0
  }, 
  {
    "citance_No": 5, 
    "citing_paper_id": "P10-2033", 
    "citing_paper_authority": 5, 
    "citing_paper_authors": "Marine, Carpuat | Yuval, Marton | Nizar, Habash", 
    "raw_text": "In contrast with our reordering approach, they integrate subject span information as a log-linear model feature which enc our Table 3: Evaluation on all test sets: on the total of 4432 test sentences, improvements are statistically significant at the 99% level using bootstrap re sampling (Koehn, 2004) system BLEUr4n4 (%) TER (%) medium baseline 44.35 48.34+ VS reordering 44.65 (+0.30) 47.78 (-0.56) large baseline 51.45 42.45+ VS reordering 51.70 (+0.25) 42.21 (-0.24) ages a phrase-based SMT decoder to use phrasal translations that do not break subject boundaries. Syntactically motivated reordering for phrase based SMT has been more successful on language pairs other than Arabic-English, perhaps due to more accurate parsers and less ambiguous reordering patterns than for Arabic VS. For instance, Collins et al (2005) apply six manually defined transformations to German parse trees which improve German-English translation by 0.4 BLEU on the Europarl task", 
    "clean_text": "", 
    "keep_for_gold": 0
  }, 
  {
    "citance_No": 6, 
    "citing_paper_id": "W09-0429", 
    "citing_paper_authority": 11, 
    "citing_paper_authors": "Philipp, Koehn | Barry, Haddow", 
    "raw_text": "For German? English, we additionally incorpo rated rule-based reordering? We parse the input using the Collins parser (Collins, 1997) and apply a set of reordering rules to re-arrange the German sentence so that it corresponds more closely English word order (Collins et al, 2005) .compound splitting? We split German com pound words (mostly nouns), based on the frequency of the words in the potential decompositions (Koehn and Knight, 2003a) .part-of-speech language model? We use factored translation models (Koehn and Hoang, 2007) to also output part-of-speech tags with each word in a single phrase mapping and runa second n-gram model over them", 
    "clean_text": "We parse the input using the Collins parser (Collins, 1997) and apply a set of reordering rules to re-arrange the German sentence so that it corresponds more closely English word order (Collins et al, 2005).", 
    "keep_for_gold": 0
  }, 
  {
    "citance_No": 7, 
    "citing_paper_id": "D08-1064", 
    "citing_paper_authority": 15, 
    "citing_paper_authors": "David, Chiang | Steve, DeNeefe | Yee Seng, Chan | Hwee Tou, Ng", 
    "raw_text": "We are aware of two methods that have been pro posed for significance testing with B???: bootstrap re sampling (Koehn, 2004b; Zhang et al, 2004) and the sign test (Collins et al, 2005)", 
    "clean_text": "We are aware of two methods that have been proposed for significance testing with BLUE: bootstrap resampling (Koehn, 2004b; Zhang et al, 2004) and the sign test (Collins et al, 2005).", 
    "keep_for_gold": 1
  }, 
  {
    "citance_No": 8, 
    "citing_paper_id": "D08-1064", 
    "citing_paper_authority": 15, 
    "citing_paper_authors": "David, Chiang | Steve, DeNeefe | Yee Seng, Chan | Hwee Tou, Ng", 
    "raw_text": "But Collins et al (2005) note that it is not clear whether the conditions re quired by bootstrap re sampling are met in the case of B???, and recommend the sign test instead", 
    "clean_text": "But Collins et al (2005) note that it is not clear whether the conditions required by bootstrap resampling are met in the case of BLUE, and recommend the sign test instead.", 
    "keep_for_gold": 1
  }, 
  {
    "citance_No": 9, 
    "citing_paper_id": "P10-2005", 
    "citing_paper_authority": 1, 
    "citing_paper_authors": "Bing, Xiang | Yonggang, Deng | Bowen, Zhou", 
    "raw_text": "All results are statistically significant with p &lt; 0.05 using the sign-test described in (Collins et al, 2005)", 
    "clean_text": "All results are statistically significant with p= 0.05 using the sign-test described in (Collins et al, 2005).", 
    "keep_for_gold": 0
  }, 
  {
    "citance_No": 10, 
    "citing_paper_id": "W11-2150", 
    "citing_paper_authority": 0, 
    "citing_paper_authors": "Maxim, Khalilov | Khalil, Sima'an", 
    "raw_text": "Clause restructuring performed with hand-crafted reordering rules for German-to English and Chinese-to-English tasks are presented in (Collins et al, 2005) and (Wang et al, 2007), respectively", 
    "clean_text": "Clause restructuring performed with hand-crafted reordering rules for German-to-English and Chinese-to-English tasks are presented in (Collins et al, 2005) and (Wang et al, 2007), respectively.", 
    "keep_for_gold": 0
  }, 
  {
    "citance_No": 11, 
    "citing_paper_id": "W11-2150", 
    "citing_paper_authority": 0, 
    "citing_paper_authors": "Maxim, Khalilov | Khalil, Sima'an", 
    "raw_text": "At the same time, many reorderings can be performed more efficiently based on fixed (hand-crafted) rules (as it is done in (Collins et al, 2005))", 
    "clean_text": "At the same time, many reorderings can be performed more efficiently based on fixed (hand-crafted) rules (as it is done in (Collins et al, 2005)).", 
    "keep_for_gold": 0
  }, 
  {
    "citance_No": 12, 
    "citing_paper_id": "W06-1626", 
    "citing_paper_authority": 10, 
    "citing_paper_authors": "Ying, Zhang | Almut Silja, Hildebrand | Stephan, Vogel", 
    "raw_text": "We followed the approximation described in (Collins et al, 2005) to get around this problem", 
    "clean_text": "We followed the approximation described in (Collins et al, 2005) to get around this problem.", 
    "keep_for_gold": 0
  }, 
  {
    "citance_No": 13, 
    "citing_paper_id": "W12-4203", 
    "citing_paper_authority": 0, 
    "citing_paper_authors": "Dominikus, Wetzel | Francis, Bond", 
    "raw_text": "Furthermore, we implement parallel rephrasing, changing the meaning of both source and target text simultaneously. There is, on the other hand, little work in phrase based SMT especially targeting negated sentences. Collins et al (2005) approach the problem of properly translating negation in their general reordering setting", 
    "clean_text": "Collins et al (2005) approach the problem of properly translating negation in their general reordering setting.", 
    "keep_for_gold": 0
  }, 
  {
    "citance_No": 14, 
    "citing_paper_id": "W11-2147", 
    "citing_paper_authority": 0, 
    "citing_paper_authors": "Maria, Holmqvist | Sara, Stymne | Lars, Ahrenberg", 
    "raw_text": "To make the word order of German input sentences more English-like a version of the rules of (Collins et al, 2005) were partially implemented using tagged output from the RFTagger", 
    "clean_text": "To make the word order of German input sentences more English-like a version of the rules of (Collins et al, 2005) were partially implemented using tagged output from the RFTagger.", 
    "keep_for_gold": 0
  }, 
  {
    "citance_No": 15, 
    "citing_paper_id": "P11-1064", 
    "citing_paper_authority": 13, 
    "citing_paper_authors": "Graham, Neubig | Taro, Watanabe | Eiichiro, Sumita | Shinsuke, Mori | Tatsuya, Kawahara", 
    "raw_text": "Bold numbers are not significantly different from the best result according to the sign test (p &lt; 0.05) (Collins et al, 2005)", 
    "clean_text": "Bold numbers are not significantly different from the best result according to the sign test (p= 0.05) (Collins et al, 2005).", 
    "keep_for_gold": 0
  }, 
  {
    "citance_No": 16, 
    "citing_paper_id": "W06-1628", 
    "citing_paper_authority": 20, 
    "citing_paper_authors": "Brooke, Cowan | Ivona, Kucerova | Michael John, Collins", 
    "raw_text": "The test data for the experiments consisted of 2,000 sentences, and was the same test set as that used by Collins et al (2005)", 
    "clean_text": "The test data for the experiments consisted of 2,000 sentences, and was the same test set as that used by Collins et al (2005).", 
    "keep_for_gold": 0
  }, 
  {
    "citance_No": 17, 
    "citing_paper_id": "P11-1130", 
    "citing_paper_authority": 4, 
    "citing_paper_authors": "Preslav, Nakov | Hwee Tou, Ng", 
    "raw_text": "System BLEU NIST TER METEOR TESLA 1k baseline 23.81 6.7013 64.50 49.26 1.6794 paraphrases 25.27 6.9974 63.03 52.32 1.7579 2k baseline 27.43 7.3790 61.03 54.29 1.8718 paraphrases 29.19 7.7306 59.37 57.32 2.0031 5k baseline 31.53 8.0992 57.12 59.09 2.1172 paraphrases 33.35 8.4127 55.41 61.67 2.2240 10k baseline 33.69 8.5314 55.24 62.26 2.2656 paraphrases 35.23 8.7564 53.60 63.97 2.3634 20k baseline 36.68 8.9604 52.56 64.67 2.3961 paraphrases 37.46 9.0941 52.16 66.42 2.4621 40k baseline 38.49 9.3016 51.20 66.68 2.5166 paraphrases 39.00 9.4184 50.68 67.60 2.5604 80k baseline 40.53 9.6047 49.88 68.77 2.6331 paraphrases 40.95 9.6289 49.09 69.10 2.6628 160k baseline 41.80 9.7479 48.97 69.59 2.6887 paraphrases 42.30 9.8062 48.29 69.62 2.7049 320k baseline 43.02 9.8974 47.44 70.23 2.7398 paraphrases 43.73 9.9945 47.07 70.87 2.7856 Table 3: Results for different evaluation measures: for baseline and lattice+ sent-par+ word-par+ phrase-par (in% for all measures except for NIST) .Adding weights obtained using word-level pivoting in lattice+ sent-par+ word-par helps a bit more, and also using phrase-level paraphrasing weights yields even bigger further improvements for lattice+ sent-par+ word-par+ phrase-par. Overall, our morphological paraphrases yield statistically significant improvements (p &lt; 0.01) in BLEU, according to Collins et al (2005)? s sign test, for bi-texts as large as 320,000 sentence pairs", 
    "clean_text": "", 
    "keep_for_gold": 0
  }, 
  {
    "citance_No": 18, 
    "citing_paper_id": "P11-2067", 
    "citing_paper_authority": 0, 
    "citing_paper_authors": "Susan, Howlett | Mark, Dras", 
    "raw_text": "The PSMT distortion model typically does not consider linguistic information, and as such encounters difficulty in language pairs that require specific long-distance reorderings, such as German? English.Collins et al (2005) address this problem by reordering German sentences to more closely parallel English word order, prior to translation by aPSMT system", 
    "clean_text": "Collins et al (2005) address this problem by reordering German sentences to more closely parallel English word order, prior to translation by a PSMT system.", 
    "keep_for_gold": 0
  }, 
  {
    "citance_No": 19, 
    "citing_paper_id": "P11-2067", 
    "citing_paper_authority": 0, 
    "citing_paper_authors": "Susan, Howlett | Mark, Dras", 
    "raw_text": "Collins et al (2005) (German-to-English) use six hand-crafted reordering rules targeting the placement of verbs, subjects, particles and negation", 
    "clean_text": "Collins et al (2005) (German-to-English) use six hand-crafted reordering rules targeting the placement of verbs, subjects, particles and negation.", 
    "keep_for_gold": 1
  }, 
  {
    "citance_No": 20, 
    "citing_paper_id": "P11-2067", 
    "citing_paper_authority": 0, 
    "citing_paper_authors": "Susan, Howlett | Mark, Dras", 
    "raw_text": "Zwarts and Dras (2007) implement six rules for Dutch-to-English translation, analogous to those of Collins et al (2005), as part of an exploration of dependency distance in syntax-augmented PSMT.Considering only their baseline and reordered systems, the improvement is from 20.7 to only 20.8; they attribute their poor result to the parser used", 
    "clean_text": "Zwarts and Dras (2007) implement six rules for Dutch-to-English translation, analogous to those of Collins et al (2005), as part of an exploration of dependency distance in syntax-augmented PSMT.", 
    "keep_for_gold": 0
  }
]
