[
  {
    "citance_No": 1, 
    "citing_paper_id": "D08-1060", 
    "citing_paper_authority": 7, 
    "citing_paper_authors": "Bing, Zhao | Yaser, Al-Onaizan", 
    "raw_text": "In Marton and Resnik (2008) ,hiero variables were disambiguated with additional binary feature functions, with their weights optimized in standard MER training", 
    "clean_text": "In Marton and Resnik (2008), hiero variables were disambiguated with additional binary feature functions, with their weights optimized in standard MER training.", 
    "keep_for_gold": 0
  }, 
  {
    "citance_No": 2, 
    "citing_paper_id": "P14-1106", 
    "citing_paper_authority": 0, 
    "citing_paper_authors": "Junhui, Li | Yuval, Marton | Philip, Resnik | Hal, Daum\u00c3\u00a9 III", 
    "raw_text": "Our stronger baseline employs, in addition, the fine-grained syntactic soft constraint features of Marton and Resnik (2008), here after MR08", 
    "clean_text": "Our stronger baseline employs, in addition, the fine-grained syntactic soft constraint features of Marton and Resnik (2008), here after MR08.", 
    "keep_for_gold": 0
  }, 
  {
    "citance_No": 3, 
    "citing_paper_id": "P14-1106", 
    "citing_paper_authority": 0, 
    "citing_paper_authors": "Junhui, Li | Yuval, Marton | Philip, Resnik | Hal, Daum\u00c3\u00a9 III", 
    "raw_text": "Marton and Resnik (2008) employed soft syntactic constraints with weighted binary features and no MaxEnt model", 
    "clean_text": "Marton and Resnik (2008) employed soft syntactic constraints with weighted binary features and no MaxEnt model.", 
    "keep_for_gold": 0
  }, 
  {
    "citance_No": 4, 
    "citing_paper_id": "C10-2086", 
    "citing_paper_authority": 0, 
    "citing_paper_authors": "Shui, Liu | Sheng, Li | Tiejun, Zhao | Min, Zhang | Pengyuan, Liu", 
    "raw_text": "Marton and Resnik (2008) utilize the language linguistic analysis that is derived from parse tree to constrain the translation in a soft way", 
    "clean_text": "Marton and Resnik (2008) utilize the language linguistic analysis that is derived from parse tree to constrain the translation in a soft way.", 
    "keep_for_gold": 0
  }, 
  {
    "citance_No": 5, 
    "citing_paper_id": "C10-2086", 
    "citing_paper_authority": 0, 
    "citing_paper_authors": "Shui, Liu | Sheng, Li | Tiejun, Zhao | Min, Zhang | Pengyuan, Liu", 
    "raw_text": "Chiang (2005), Marton and Resnik (2008) explored the constituent match/violation in hie ro; Xiong (2009 a) added constituent parse tree based linguistic analysis into BTG model; Xiong (2009 b) added source dependency structure to BTG; Zhang (2009) added tree-kernel to BTG model", 
    "clean_text": "Chiang (2005), Marton and Resnik (2008) explored the constituent match/violation in hiero; Xiong (2009 a) added constituent parse tree based linguistic analysis into BTG model; Xiong (2009 b) added source dependency structure to BTG; Zhang (2009) added tree-kernel to BTG model.", 
    "keep_for_gold": 0
  }, 
  {
    "citance_No": 6, 
    "citing_paper_id": "P10-2004", 
    "citing_paper_authority": 0, 
    "citing_paper_authors": "Hailong, Cao | Eiichiro, Sumita", 
    "raw_text": "We believe a greater improvement can be expected if we apply our idea to finer-grained approaches that use constraints softly (Marton and Resnik (2008) and Cherry (2008))", 
    "clean_text": "We believe a greater improvement can be expected if we apply our idea to finer-grained approaches that use constraints softly (Marton and Resnik (2008) and Cherry (2008)).", 
    "keep_for_gold": 0
  }, 
  {
    "citance_No": 7, 
    "citing_paper_id": "N10-1129", 
    "citing_paper_authority": 12, 
    "citing_paper_authors": "Spence, Green | Michel, Galley | Christopher D., Manning", 
    "raw_text": "By relaxing the distortion limit, we have left room formore sophisticated re-ordering models in conventional phrase-based decoders while maintaining a significant performance advantage over hierarchical systems (Marton and Resnik, 2008)", 
    "clean_text": "By relaxing the distortion limit, we have left room for more sophisticated re-ordering models in conventional phrase-based decoders while maintaining a significant performance advantage over hierarchical systems (Marton and Resnik, 2008).", 
    "keep_for_gold": 0
  }, 
  {
    "citance_No": 8, 
    "citing_paper_id": "C10-2044", 
    "citing_paper_authority": 1, 
    "citing_paper_authors": "Zhongjun, He | Yao, Meng | Hao, Yu", 
    "raw_text": "Marton and Resnik (2008) revised this method by distinguishing different constituent syntactic types, and defined features for each type to count whether a phrase matches or crosses the syntactic boundary", 
    "clean_text": "Marton and Resnik (2008) revised this method by distinguishing different constituent syntactic types, and defined features for each type to count whether a phrase matches or crosses the syntactic boundary.", 
    "keep_for_gold": 1
  }, 
  {
    "citance_No": 9, 
    "citing_paper_id": "N09-1025", 
    "citing_paper_authority": 56, 
    "citing_paper_authors": "David, Chiang | Kevin, Knight | Wei, Wang", 
    "raw_text": "Soft syntactic constraints Neither of our systems uses source-side syntactic information; hence, both could potentially benefit from soft syntactic constraints as described by Marton and Resnik (2008) .In brief, these features use the output of an in dependent syntactic parser on the source sentence, rewarding decoder constituents that match syntactic constituents and punishing decoder constituents that cross syntactic constituents", 
    "clean_text": "Neither of our systems uses source-side syntactic information; hence, both could potentially benefit from soft syntactic constraints as described by Marton and Resnik (2008).", 
    "keep_for_gold": 0
  }, 
  {
    "citance_No": 10, 
    "citing_paper_id": "W10-1761", 
    "citing_paper_authority": 4, 
    "citing_paper_authors": "Hieu, Hoang | Philipp, Koehn", 
    "raw_text": "Marton and Resnik (2008) add feature functions to penalize or reward non-terminals which cross constituent boundaries of the source sentence", 
    "clean_text": "Marton and Resnik (2008) add feature functions to penalize or reward non-terminals which cross constituent boundaries of the source sentence.", 
    "keep_for_gold": 0
  }, 
  {
    "citance_No": 11, 
    "citing_paper_id": "W10-3804", 
    "citing_paper_authority": 0, 
    "citing_paper_authors": "Hailong, Cao | Andrew, Finch | Eiichiro, Sumita", 
    "raw_text": "Marton and Resnik (2008) and Cherry (2008) imposed syntactic constraints on the PBMT system by making use of prior linguistic knowledge in the form of syntax analysis", 
    "clean_text": "Marton and Resnik (2008) and Cherry (2008) imposed syntactic constraints on the PBMT system by making use of prior linguistic knowledge in the form of syntax analysis.", 
    "keep_for_gold": 0
  }, 
  {
    "citance_No": 12, 
    "citing_paper_id": "E09-1044", 
    "citing_paper_authority": 15, 
    "citing_paper_authors": "Gonzalo, Iglesias | Adri&agrave; de, Gispert | Eduardo R., Banga | William, Byrne", 
    "raw_text": "Marton and Resnik (2008) exploit shallow correspondences of hierarchical rules with source syntactic constituents extracted from parallel text, an approach also investigated by Chiang (2005)", 
    "clean_text": "Marton and Resnik (2008) exploit shallow correspondences of hierarchical rules with source syntactic constituents extracted from parallel text, an approach also investigated by Chiang (2005).", 
    "keep_for_gold": 0
  }, 
  {
    "citance_No": 13, 
    "citing_paper_id": "P10-2002", 
    "citing_paper_authority": 3, 
    "citing_paper_authors": "Lei, Cui | Dongdong, Zhang | Mu, Li | Ming, Zhou | Tiejun, Zhao", 
    "raw_text": "We compare our method with the baseline and some typical approaches listed in Table 1 where XP+ denotes the approach in (Marton and Resnik,2008) and TOFW (topological ordering of function words) stands for the method in (Setiawan et al., 2009)", 
    "clean_text": "We compare our method with the baseline and some typical approaches listed in Table 1 where XP+ denotes the approach in (Marton and Resnik, 2008) and TOFW (topological ordering of function words) stands for the method in (Setiawan et al., 2009).", 
    "keep_for_gold": 0
  }, 
  {
    "citance_No": 14, 
    "citing_paper_id": "P13-1124", 
    "citing_paper_authority": 2, 
    "citing_paper_authors": "Hendra, Setiawan | Bowen, Zhou | Bing, Xiang | Libin, Shen", 
    "raw_text": "Early works reward/penalize spans that respect the syntactic parse constituents of an input sentence (Chiang, 2005), and (Marton and Resnik, 2008)", 
    "clean_text": "Early works reward/penalize spans that respect the syntactic parse constituents of an input sentence (Chiang, 2005), and (Marton and Resnik, 2008).", 
    "keep_for_gold": 0
  }, 
  {
    "citance_No": 15, 
    "citing_paper_id": "P09-1036", 
    "citing_paper_authority": 12, 
    "citing_paper_authors": "Deyi, Xiong | Min, Zhang | Aiti, Aw | Haizhou, Li", 
    "raw_text": "On the contrary, Marton and Resnik (2008) and Cherry (2008) accumulate a count whenever hypotheses violate constituent boundaries", 
    "clean_text": "On the contrary, Marton and Resnik (2008) and Cherry (2008) accumulate a count whenever hypotheses violate constituent boundaries.", 
    "keep_for_gold": 0
  }, 
  {
    "citance_No": 16, 
    "citing_paper_id": "P09-1036", 
    "citing_paper_authority": 12, 
    "citing_paper_authors": "Deyi, Xiong | Min, Zhang | Aiti, Aw | Haizhou, Li", 
    "raw_text": "Marton and Resnik (2008) find that some constituency types favor matching the source parse while others encourage violations", 
    "clean_text": "Marton and Resnik (2008) find that some constituency types favor matching the source parse while others encourage violations.", 
    "keep_for_gold": 0
  }, 
  {
    "citance_No": 17, 
    "citing_paper_id": "P09-1036", 
    "citing_paper_authority": 12, 
    "citing_paper_authors": "Deyi, Xiong | Min, Zhang | Aiti, Aw | Haizhou, Li", 
    "raw_text": "To compare with the CMVC, we also conduct experiments using (Marton and Resnik, 2008)? s XP+", 
    "clean_text": "To compare with the CMVC, we also conduct experiments using (Marton and Resnik, 2008)'s XP+.", 
    "keep_for_gold": 0
  }, 
  {
    "citance_No": 18, 
    "citing_paper_id": "P09-1036", 
    "citing_paper_authority": 12, 
    "citing_paper_authors": "Deyi, Xiong | Min, Zhang | Aiti, Aw | Haizhou, Li", 
    "raw_text": "Like (Marton and Resnik, 2008), we find that the XP+feature obtains a significant improvement of 1.08 BLEU over the baseline", 
    "clean_text": "Like (Marton and Resnik, 2008), we find that the XP+feature obtains a significant improvement of 1.08 BLEU over the baseline.", 
    "keep_for_gold": 0
  }, 
  {
    "citance_No": 19, 
    "citing_paper_id": "P09-1036", 
    "citing_paper_authority": 12, 
    "citing_paper_authors": "Deyi, Xiong | Min, Zhang | Aiti, Aw | Haizhou, Li", 
    "raw_text": "Experiments show that our model achieves subs tan tial improvements over baseline and significantly outperforms (Marton and Resnik, 2008)? s XP+", 
    "clean_text": "Experiments show that our model achieves substantial improvements over baseline and significantly outperforms (Marton and Resnik, 2008)'s XP+.", 
    "keep_for_gold": 0
  }, 
  {
    "citance_No": 20, 
    "citing_paper_id": "P09-1036", 
    "citing_paper_authority": 12, 
    "citing_paper_authors": "Deyi, Xiong | Min, Zhang | Aiti, Aw | Haizhou, Li", 
    "raw_text": "MartonandResnik (2008) find that their constituent constraints are sensitive to language pairs", 
    "clean_text": "Marton and Resnik (2008) find that their constituent constraints are sensitive to language pairs.", 
    "keep_for_gold": 1
  }
]
