[
  {
    "citance_No": 1, 
    "citing_paper_id": "W04-1213", 
    "citing_paper_authority": 26, 
    "citing_paper_authors": "Nigel, Collier | Jin-Dong, Kim", 
    "raw_text": "Similarly, CRFs were employed by one system in isolation (Settles, 2004) and by another system in combination with SVMs (Song et al, 2004)", 
    "clean_text": "Similarly, CRFs were employed by one system in isolation (Settles, 2004) and by another system in combination with SVMs (Song et al, 2004).", 
    "keep_for_gold": 0
  }, 
  {
    "citance_No": 2, 
    "citing_paper_id": "W04-1213", 
    "citing_paper_authority": 26, 
    "citing_paper_authors": "Nigel, Collier | Jin-Dong, Kim", 
    "raw_text": "However, one participant (Settles, 2004) reported that their at tempt to utilize gazetteers (together with other resources) had failed in gaining better overall performance. To overcome the shortage of training materials, several systems attempted to use external resources", 
    "clean_text": "However, one participant (Settles, 2004) reported that their at tempt to utilize gazetteers (together with other resources) had failed in gaining better overall performance.", 
    "keep_for_gold": 0
  }, 
  {
    "citance_No": 3, 
    "citing_paper_id": "W04-1213", 
    "citing_paper_authority": 26, 
    "citing_paper_authors": "Nigel, Collier | Jin-Dong, Kim", 
    "raw_text": "Settles (2004)? s CRF system deserves special note inthe sense that it achieved comparable performance to top ranked systems with a rather simple feature set", 
    "clean_text": "Settles (2004)'s CRF system deserves special note in the sense that it achieved comparable performance to top ranked systems with a rather simple feature set.", 
    "keep_for_gold": 0
  }, 
  {
    "citance_No": 4, 
    "citing_paper_id": "W06-3318", 
    "citing_paper_authority": 3, 
    "citing_paper_authors": "Baohua, Gu", 
    "raw_text": "While most of earlier approaches rely on handcrafted rules or dictionaries, many recent works adopt machine learning approaches ,e.g, SVM (Lee, 2003), HMM (Zhou, 2004), Maximum Entropy (Lin, 2004) and CRF (Settles,2004), especially with the availability of annotated corpora such as GENIA, achieving state-of-the-art performance", 
    "clean_text": "While most of earlier approaches rely on handcrafted rules or dictionaries, many recent works adopt machine learning approaches ,e.g, SVM (Lee, 2003), HMM (Zhou, 2004), Maximum Entropy (Lin, 2004) and CRF (Settles,2004), especially with the availability of annotated corpora such as GENIA, achieving state-of-the-art performance.", 
    "keep_for_gold": 0
  }, 
  {
    "citance_No": 5, 
    "citing_paper_id": "W10-1911", 
    "citing_paper_authority": 4, 
    "citing_paper_authors": "Md. Faisal Mahbub, Chowdhury | Alberto, Lavelli", 
    "raw_text": "Genes/Proteins are not the Same Many of the existing BNER systems, which are mainly tuned for gene/protein identification, use features such as token shape (also known as word class and brief word class (Settles, 2004)), Greek alphabet matching, Roman number matching andso forth", 
    "clean_text": "Genes/Proteins are not the Same Many of the existing BNER systems, which are mainly tuned for gene/protein identification, use features such as token shape (also known as word class and brief word class (Settles, 2004)), Greek alphabet matching, Roman number matching and so forth.", 
    "keep_for_gold": 0
  }, 
  {
    "citance_No": 6, 
    "citing_paper_id": "I08-2078", 
    "citing_paper_authority": 0, 
    "citing_paper_authors": "Shing-Kit, Chan | Wai, Lam | Xiaofeng, Yu", 
    "raw_text": "(Settles, 2004) reported that a system using a subset of features out performed one using a full set of features", 
    "clean_text": "(Settles, 2004) reported that a system using a subset of features out performed one using a full set of features.", 
    "keep_for_gold": 0
  }, 
  {
    "citance_No": 7, 
    "citing_paper_id": "I08-2078", 
    "citing_paper_authority": 0, 
    "citing_paper_authors": "Shing-Kit, Chan | Wai, Lam | Xiaofeng, Yu", 
    "raw_text": "(I) of a named entity of type X, or 1http: //research.nii.ac.jp/ ?collier/workshops/JNLPBA04st.htm System F1 (Zhou and Su, 2004) 72.55 Online Cascaded 72.16 (Okanohara et al, 2006) 71.48 (Kim et al, 2005) 71.19 (Finkel et al, 2004) 70.06 (Settles, 2004) 69.80 Table 1: Comparisons with other systems on overall performance (in percentage)", 
    "clean_text": "", 
    "keep_for_gold": 0
  }, 
  {
    "citance_No": 8, 
    "citing_paper_id": "I08-2078", 
    "citing_paper_authority": 0, 
    "citing_paper_authors": "Shing-Kit, Chan | Wai, Lam | Xiaofeng, Yu", 
    "raw_text": "The features used in our experiments mainly fol low the work of (Settles, 2004) and (Collins, 2001)", 
    "clean_text": "The features used in our experiments mainly follow the work of (Settles, 2004) and (Collins, 2001).", 
    "keep_for_gold": 0
  }, 
  {
    "citance_No": 9, 
    "citing_paper_id": "I08-2078", 
    "citing_paper_authority": 0, 
    "citing_paper_authors": "Shing-Kit, Chan | Wai, Lam | Xiaofeng, Yu", 
    "raw_text": "Our performance of the single-phase CRF with maximum likelihood training is 69.44%, which agrees with (Settles, 2004) who also uses similar settings", 
    "clean_text": "Our performance of the single-phase CRF with maximum likelihood training is 69.44%, which agrees with (Settles, 2004) who also uses similar settings.", 
    "keep_for_gold": 0
  }, 
  {
    "citance_No": 10, 
    "citing_paper_id": "I08-5003", 
    "citing_paper_authority": 0, 
    "citing_paper_authors": "Anil Kumar, Singh", 
    "raw_text": "4,500, 5 kg NETE Terms Maximum Entropy, Archeology Table 1: The named entity tag set used for the shared task? Affixes like Hyderabad, Rampur, Mehdipatnam, Lingampally? Gazetteer features: class in the gazetteer? Left and right context? Token length ,e.g. the number of letters in a word? Previous history in the document or the corpus? Classes of preceding NEs The machine learning techniques tried for NER include the following:? Hidden Markov Models or HMM (Zhou and Su, 2001)? Decision Trees (Isozaki, 2001)? Maximum Entropy (Borthwick et al, 1998)? Support Vector Machines or SVM (Takeuchi and Collier, 2002)? Conditional Random Fields or CRF (Settles, 2004) Different ways of classifying named entities have been used ,i.e., there are more than one tag sets for NER", 
    "clean_text": "", 
    "keep_for_gold": 0
  }, 
  {
    "citance_No": 11, 
    "citing_paper_id": "I05-1057", 
    "citing_paper_authority": 0, 
    "citing_paper_authors": "Seonho, Kim | Juntae, Yoon | Kyung-Mi, Park | Hae-Chang, Rim", 
    "raw_text": "Comparisons with other systems System Precision Recall F-score Zhou et. al (2004) 69.42 75.99 72.55 Our system 72.77 69.68 71.19 Finkel et. al (2004) 71.62 68.56 70.06 Settles (2004) 70.0 69.0 69.5 model outperforms the ME based model", 
    "clean_text": "", 
    "keep_for_gold": 0
  }, 
  {
    "citance_No": 12, 
    "citing_paper_id": "W07-1502", 
    "citing_paper_authority": 3, 
    "citing_paper_authors": "Katrin, Tomanek | Joachim, Wermter | Udo, Hahn", 
    "raw_text": "After an initialization phase needed by AL to take off (which can con sider ably be accelerated when one carefully selects the sentences of the first AL round, see Section 4.2), AL selects, by and large, only sentences which contain at least one entity mention of the type of inter 10The named enatity tagger used throughout in this section is based on Conditional Random Fields and similar to the one presented by (Settles, 2004)", 
    "clean_text": "The named entity tagger used throughout in this section is based on Conditional Random Fields and similar to the one presented by (Settles, 2004).", 
    "keep_for_gold": 0
  }, 
  {
    "citance_No": 13, 
    "citing_paper_id": "W10-1838", 
    "citing_paper_authority": 1, 
    "citing_paper_authors": "Udo, Hahn | Katrin, Tomanek | Elena, Beisswanger | Erik, Faessler", 
    "raw_text": "Hence, the use of a named entity tagger supports the evaluation results when comparing the various biomedical entity recognition (Settles, 2004)", 
    "clean_text": "Hence, the use of a named entity tagger supports the evaluation results when comparing the various biomedical entity recognition (Settles, 2004).", 
    "keep_for_gold": 0
  }
]
