[
  {
    "citance_No": 1, 
    "citing_paper_id": "D07-1014", 
    "citing_paper_authority": 18, 
    "citing_paper_authors": "David A., Smith | Noah A., Smith", 
    "raw_text": "Koo et al (2007) and McDonald and Satta (2007) both describe how the Matrix Tree Theorem can beapplied to computing the sum of scores of edge factored dependency trees and the edge marginals", 
    "clean_text": "Koo et al (2007) and McDonald and Satta (2007) both describe how the Matrix Tree Theorem can be applied to computing the sum of scores of edge factored dependency trees and the edge marginals.", 
    "keep_for_gold": 0
  }, 
  {
    "citance_No": 2, 
    "citing_paper_id": "P13-2109", 
    "citing_paper_authority": 10, 
    "citing_paper_authors": "Andre, Martins | Miguel, Almeida | Noah A., Smith", 
    "raw_text": "The main obstacle is that non-projective parsing is NP-hard beyond arc-factored models (McDonaldand Satta, 2007)", 
    "clean_text": "The main obstacle is that non-projective parsing is NP-hard beyond arc-factored models (McDonald and Satta, 2007).", 
    "keep_for_gold": 1
  }, 
  {
    "citance_No": 3, 
    "citing_paper_id": "P09-1041", 
    "citing_paper_authority": 7, 
    "citing_paper_authors": "Gregory, Druck | Gideon S., Mann | Andrew, McCallum", 
    "raw_text": "362marginal p (yi=k|x;?) can be computed by dividing this score by Zx (McDonald and Satta, 2007) .Computing all edge expectations with this algorithm takes O (n5) time", 
    "clean_text": "The marginal p (yi=k|x;theta) can be computed by dividing this score by Zx (McDonald and Satta, 2007).", 
    "keep_for_gold": 0
  }, 
  {
    "citance_No": 4, 
    "citing_paper_id": "P09-1041", 
    "citing_paper_authority": 7, 
    "citing_paper_authors": "Gregory, Druck | Gideon S., Mann | Andrew, McCallum", 
    "raw_text": "Because these features consider multiple edges, including them in the CRF model would make exact inference intractable (McDonald and Satta, 2007)", 
    "clean_text": "Because these features consider multiple edges, including them in the CRF model would make exact inference intractable (McDonald and Satta, 2007).", 
    "keep_for_gold": 0
  }, 
  {
    "citance_No": 5, 
    "citing_paper_id": "D08-1017", 
    "citing_paper_authority": 29, 
    "citing_paper_authors": "Andr&eacute; Filipe, Torres Martins | Dipanjan, Das | Noah A., Smith | Eric P., Xing", 
    "raw_text": "for non projective dependency parsing (McDonald and Satta, 2007)", 
    "clean_text": "Exact algorithms for dependency parsing (Eisner and Satta, 1999; McDonald et al., 2005b) are tractable only when the model makes very strong, linguistically unsupportable independence assumptions, such as \"arc factorization\" for nonprojective dependency parsing (McDonald and Satta, 2007).", 
    "keep_for_gold": 0
  }, 
  {
    "citance_No": 6, 
    "citing_paper_id": "D08-1017", 
    "citing_paper_authority": 29, 
    "citing_paper_authors": "Andr&eacute; Filipe, Torres Martins | Dipanjan, Das | Noah A., Smith | Eric P., Xing", 
    "raw_text": "Theoretical studies of note include the work of Neuhaus and Bo ?ker (1997) showing that the recognition problem for a mini$ Figure 1: A projective dependency parse (top), and a non projective dependency parse (bottom) for two English sentences; examples from McDonald and Satta (2007)", 
    "clean_text": "A projective dependency parse (top), and a non-projective dependency parse (bottom) for two English sentences; examples from McDonald and Satta (2007).", 
    "keep_for_gold": 0
  }, 
  {
    "citance_No": 7, 
    "citing_paper_id": "D08-1017", 
    "citing_paper_authority": 29, 
    "citing_paper_authors": "Andr&eacute; Filipe, Torres Martins | Dipanjan, Das | Noah A., Smith | Eric P., Xing", 
    "raw_text": "In the projective case, the arc-factored assumption can be weakened in certain ways while maintaining polynomial parser runtime (Eisner and Satta, 1999), but not in the non projective case (McDonald and Satta, 2007), where finding the highest-scoring tree becomes NP-hard.McDonald and Pereira (2006) adopted an approximation based on O (n3) projective parsing followed by rearrangement to permit crossing arcs, achieving higher performance", 
    "clean_text": "In the projective case, the arc-factored assumption can be weakened in certain ways while maintaining polynomial parser runtime (Eisner and Satta, 1999), but not in the non-projective case (McDonald and Satta, 2007), where finding the highest-scoring tree becomes NP-hard.McDonald and Pereira (2006) adopted an approximation based on O (n3) projective parsing followed by rearrangement to permit crossing arcs, achieving higher performance.", 
    "keep_for_gold": 0
  }, 
  {
    "citance_No": 8, 
    "citing_paper_id": "D08-1017", 
    "citing_paper_authority": 29, 
    "citing_paper_authors": "Andr&eacute; Filipe, Torres Martins | Dipanjan, Das | Noah A., Smith | Eric P., Xing", 
    "raw_text": "Exact parsing under such model, with arbitrary second-order features, is intractable (McDonald and Satta, 2007)", 
    "clean_text": "Exact parsing under such model, with arbitrary second-order features, is intractable (McDonald and Satta, 2007).", 
    "keep_for_gold": 0
  }, 
  {
    "citance_No": 9, 
    "citing_paper_id": "P09-1039", 
    "citing_paper_authority": 54, 
    "citing_paper_authors": "Andre, Martins | Noah A., Smith | Eric P., Xing", 
    "raw_text": "Theoretical studies of note include the work of Neuhaus and Bo ?ker (1997) showing that the recognition problem for a mini$ Figure 1: A projective dependency parse (top), and a non projective dependency parse (bottom) for two English sentences; examples from McDonald and Satta (2007)", 
    "clean_text": "A projective dependency parse (top), and a non-projective dependency parse (bottom) for two English sentences; examples from McDonald and Satta (2007).", 
    "keep_for_gold": 0
  }, 
  {
    "citance_No": 10, 
    "citing_paper_id": "P09-1039", 
    "citing_paper_authority": 54, 
    "citing_paper_authors": "Andre, Martins | Noah A., Smith | Eric P., Xing", 
    "raw_text": "While in the projective case, the arc-factored assumption can be weakened in certain ways while maintaining polynomial parser runtime (Eisner and Satta,1999), the same does not happen in the nonprojec tive case, where finding the highest-scoring tree becomes NP-hard (McDonald and Satta, 2007)", 
    "clean_text": "While in the projective case, the arc-factored assumption can be weakened in certain ways while maintaining polynomial parser runtime (Eisner and Satta,1999), the same does not happen in the nonprojective case, where finding the highest-scoring tree becomes NP-hard (McDonald and Satta, 2007).", 
    "keep_for_gold": 0
  }, 
  {
    "citance_No": 11, 
    "citing_paper_id": "P09-1039", 
    "citing_paper_authority": 54, 
    "citing_paper_authors": "Andre, Martins | Noah A., Smith | Eric P., Xing", 
    "raw_text": "While, as pointed out by McDonald and Satta (2007), the inclusion of these features makes inference NP hard, by relaxing the integer constraints we obtain approximate algorithms that are very efficient and competitive with state-of-the-art methods", 
    "clean_text": "While, as pointed out by McDonald and Satta (2007), the inclusion of these features makes inference NP hard, by relaxing the integer constraints we obtain approximate algorithms that are very efficient and competitive with state-of-the-art methods.", 
    "keep_for_gold": 0
  }, 
  {
    "citance_No": 12, 
    "citing_paper_id": "E09-1034", 
    "citing_paper_authority": 4, 
    "citing_paper_authors": "Carlos, G&oacute;mez-Rodr&iacute;guez | David, Weir | John, Carroll", 
    "raw_text": "da Linguaxe e RI, Bolsas para Estad?? as INCITE? FSE co financed) .the problem is intractable in the absence of this assumption (McDonald and Satta, 2007)", 
    "clean_text": "the problem is intractable in the absence of this assumption (McDonald and Satta, 2007).", 
    "keep_for_gold": 0
  }, 
  {
    "citance_No": 13, 
    "citing_paper_id": "E09-1055", 
    "citing_paper_authority": 15, 
    "citing_paper_authors": "Marco, Kuhlmann | Giorgio, Satta", 
    "raw_text": "Exhaustive non projective dependency parsing with more powerful models is intractable (McDonald and Satta, 2007), and one has to resort to approximation algorithms (McDonald and Pereira, 2006) .In this paper, we propose to attack non-projective dependency parsing in a principled way, using polynomial chart-parsing algorithms developed for mildly context-sensitive grammar formalisms", 
    "clean_text": "Exhaustive non projective dependency parsing with more powerful models is intractable (McDonald and Satta, 2007), and one has to resort to approximation algorithms (McDonald and Pereira, 2006).", 
    "keep_for_gold": 0
  }, 
  {
    "citance_No": 14, 
    "citing_paper_id": "C10-1094", 
    "citing_paper_authority": 7, 
    "citing_paper_authors": "Joakim, Nivre | Laura, Rimell | Ryan, McDonald | Carlos, G&oacute;mez-Rodr&iacute;guez", 
    "raw_text": "Unfortunately, global inference and learning for graph-based dependency parsing is typically NP-hard (McDonald and Satta, 2007)", 
    "clean_text": "Unfortunately, global inference and learning for graph-based dependency parsing is typically NP-hard (McDonald and Satta, 2007).", 
    "keep_for_gold": 0
  }, 
  {
    "citance_No": 15, 
    "citing_paper_id": "D10-1125", 
    "citing_paper_authority": 41, 
    "citing_paper_authors": "Terry, Koo | Alexander M., Rush | Michael John, Collins | Tommi, Jaakkola | David, Sontag", 
    "raw_text": "Unfortunately, the non-projective parsing problem is known to be NP-hard for all but the simplest models (McDonald and Satta, 2007)", 
    "clean_text": "Unfortunately, the non-projective parsing problem is known to be NP-hard for all but the simplest models (McDonald and Satta, 2007).", 
    "keep_for_gold": 0
  }, 
  {
    "citance_No": 16, 
    "citing_paper_id": "D10-1125", 
    "citing_paper_authority": 41, 
    "citing_paper_authors": "Terry, Koo | Alexander M., Rush | Michael John, Collins | Tommi, Jaakkola | David, Sontag", 
    "raw_text": "McDonald and Pereira (2006) and McDonaldandSatta (2007) describe complexity results for non projective parsing, showing that parsing for a variety of models is NP-hard", 
    "clean_text": "McDonald and Pereira (2006) and McDonald and Satta (2007) describe complexity results for non projective parsing, showing that parsing for a variety of models is NP-hard.", 
    "keep_for_gold": 0
  }, 
  {
    "citance_No": 17, 
    "citing_paper_id": "D07-1015", 
    "citing_paper_authority": 16, 
    "citing_paper_authors": "Terry, Koo | Amir, Globerson | Xavier, Carreras | Michael John, Collins", 
    "raw_text": "Second, McDonald and Satta (2007) propose an O (n5) algorithm for computing the marginals, as opposed to the O (n3) matrix-inversion approach used by Smith and Smith (2007) and ourselves", 
    "clean_text": "Second, McDonald and Satta (2007) propose an O (n5) algorithm for computing the marginals, as opposed to the O (n3) matrix-inversion approach used by Smith and Smith (2007) and ourselves.", 
    "keep_for_gold": 0
  }, 
  {
    "citance_No": 18, 
    "citing_paper_id": "D07-1015", 
    "citing_paper_authority": 16, 
    "citing_paper_authors": "Terry, Koo | Amir, Globerson | Xavier, Carreras | Michael John, Collins", 
    "raw_text": "For example, both papers propose minimum-risk decoding, and McDonald and Satta (2007) discuss unsupervised learning and language modeling, while Smith and Smith (2007) define hidden variable models based on spanning trees", 
    "clean_text": "For example, both papers propose minimum-risk decoding, and McDonald and Satta (2007) discuss unsupervised learning and language modeling, while Smith and Smith (2007) define hidden variable models based on spanning trees.", 
    "keep_for_gold": 0
  }
]
