[
  {
    "citance_No": 1, 
    "citing_paper_id": "N01-1023", 
    "citing_paper_authority": 27, 
    "citing_paper_authors": "Anoop, Sarkar", 
    "raw_text": "Co-Training has been used before in applications like word-sense disambiguation (Yarowsky, 1995), web-page classification (Blum and Mitchell, 1998) and named entity identification (Collins and Singer, 1999)", 
    "clean_text": "Co-Training has been used before in applications like word-sense disambiguation (Yarowsky, 1995), web-page classification (Blum and Mitchell, 1998) and named entity identification (Collins and Singer, 1999).", 
    "keep_for_gold": 0
  }, 
  {
    "citance_No": 2, 
    "citing_paper_id": "N01-1023", 
    "citing_paper_authority": 27, 
    "citing_paper_authors": "Anoop, Sarkar", 
    "raw_text": "They also discuss an application of classifying web pages by using their method of mutually constrained models. (Collins and Singer, 1999) further extend the use of classifiers that have mutual constraints by adding terms toAdaBoost which force the classifiers to agree (called Co Boosting)", 
    "clean_text": "(Collins and Singer, 1999) further extend the use of classifiers that have mutual constraints by adding terms to AdaBoost which force the classifiers to agree (called Co Boosting).", 
    "keep_for_gold": 1
  }, 
  {
    "citance_No": 3, 
    "citing_paper_id": "W04-3234", 
    "citing_paper_authority": 15, 
    "citing_paper_authors": "Dayne, Freitag", 
    "raw_text": "Examples of this are Cucerzan and Yarowsky (1999), Thelen and Riloff (2002), and Collins and Singer (1999)", 
    "clean_text": "", 
    "keep_for_gold": 0
  }, 
  {
    "citance_No": 4, 
    "citing_paper_id": "W03-1509", 
    "citing_paper_authority": 3, 
    "citing_paper_authors": "Youzheng, Wu | Zhao, Jun | Bo, Xu", 
    "raw_text": "Recent methods for English NER focus on machine-learning algorithms such as DL-CoTrain, CoBoost [Collins and Singer 1999], HMM [Daniel M. Bikel 1997], maximum entropy model [Borthwick, et al 1999] and so on", 
    "clean_text": "Recent methods for English NER focus on machine-learning algorithms such as DL-CoTrain, CoBoost [Collins and Singer 1999], HMM [Daniel M. Bikel 1997], maximum entropy model [Borthwick, et al 1999] and so on.", 
    "keep_for_gold": 0
  }, 
  {
    "citance_No": 5, 
    "citing_paper_id": "C02-1154", 
    "citing_paper_authority": 15, 
    "citing_paper_authors": "Roman, Yangarber | Winston, Lin | Ralph, Grishman", 
    "raw_text": "DL-CoTrain, (Collins and Singer, 1999), learns capitalized proper name NEs from a syn tactically analyzed corpus", 
    "clean_text": "DL-CoTrain, (Collins and Singer, 1999), learns capitalized proper name NEs from a syntactically analyzed corpus.", 
    "keep_for_gold": 0
  }, 
  {
    "citance_No": 6, 
    "citing_paper_id": "C02-1154", 
    "citing_paper_authority": 15, 
    "citing_paper_authors": "Roman, Yangarber | Winston, Lin | Ralph, Grishman", 
    "raw_text": "(Collins and Singer, 1999) also makes use of competing categories (person, organization, and location), which cover 96% of all the instances itset out to classify", 
    "clean_text": "(Collins and Singer, 1999) also makes use of competing categories (person, organization, and location), which cover 96% of all the instances it set out to classify.", 
    "keep_for_gold": 0
  }, 
  {
    "citance_No": 7, 
    "citing_paper_id": "W06-2204", 
    "citing_paper_authority": 1, 
    "citing_paper_authors": "Brian, McLernon | Nicholas, Kushmerick", 
    "raw_text": "In (Collins and Singer, 1999) Collins and Singer show that unlabeled data can be used to reduce the level of supervision required for named entity classification", 
    "clean_text": "In (Collins and Singer, 1999) Collins and Singer show that unlabeled data can be used to reduce the level of supervision required for named entity classification.", 
    "keep_for_gold": 0
  }, 
  {
    "citance_No": 8, 
    "citing_paper_id": "W09-1116", 
    "citing_paper_authority": 0, 
    "citing_paper_authors": "Shane, Bergsma | Dekang, Lin | Randy, Goebel", 
    "raw_text": "Collins and Singer (1999) and Cucerzan and Yarowsky (1999) apply bootstrapping to the related task of named-entity recognition", 
    "clean_text": "Collins and Singer (1999) and Cucerzan and Yarowsky (1999) apply bootstrapping to the related task of named-entity recognition.", 
    "keep_for_gold": 0
  }, 
  {
    "citance_No": 9, 
    "citing_paper_id": "W03-1022", 
    "citing_paper_authority": 21, 
    "citing_paper_authors": "Massimiliano, Ciaramita | Mark, Johnson", 
    "raw_text": "(Collins and Singer, 1999)", 
    "clean_text": "", 
    "keep_for_gold": 0
  }, 
  {
    "citance_No": 10, 
    "citing_paper_id": "W03-1022", 
    "citing_paper_authority": 21, 
    "citing_paper_authors": "Massimiliano, Ciaramita | Mark, Johnson", 
    "raw_text": "Collins and Singer (1999) for example report that 88% of the named entities occurring in their data set belong to these three categories (Collins and Singer, 1999)", 
    "clean_text": "Collins and Singer (1999) for example report that 88% of the named entities occurring in their data set belong to these three categories (Collins and Singer, 1999).", 
    "keep_for_gold": 0
  }, 
  {
    "citance_No": 11, 
    "citing_paper_id": "E09-1018", 
    "citing_paper_authority": 20, 
    "citing_paper_authors": "Eugene, Charniak | Micha, Elsner", 
    "raw_text": "While EM has worked quite well for a few tasks, notably ma chine translations (starting with the IBM models 1-5 (Brown et al, 1993), it has not had success inmost others, such as part-of-speech tagging (Merialdo, 1991), named-entity recognition (Collinsand Singer, 1999) and context-free-grammar induction (numerous attempts, too many to mention)", 
    "clean_text": "While EM has worked quite well for a few tasks, notably machine translations (starting with the IBM models 1-5 (Brown et al, 1993), it has not had success in most others, such as part-of-speech tagging (Merialdo, 1991), named-entity recognition (Collins and Singer, 1999) and context-free-grammar induction (numerous attempts, too many to mention).", 
    "keep_for_gold": 0
  }, 
  {
    "citance_No": 12, 
    "citing_paper_id": "W10-3504", 
    "citing_paper_authority": 7, 
    "citing_paper_authors": "Fabio Massimo, Zanzotto | Marco, Pennacchiotti", 
    "raw_text": "This can be either a fixed number of added unlabelled examples (Blum and Mitchell, 1998), the performance drop on a control set of labelled instances, or a filter on the disagreement of h1 and h2 in classifying U (Collins and Singer, 1999)", 
    "clean_text": "This can be either a fixed number of added unlabelled examples (Blum and Mitchell, 1998), the performance drop on a control set of labelled instances, or a filter on the disagreement of h1 and h2 in classifying U (Collins and Singer, 1999).", 
    "keep_for_gold": 0
  }, 
  {
    "citance_No": 13, 
    "citing_paper_id": "W07-1712", 
    "citing_paper_authority": 0, 
    "citing_paper_authors": "Sophia, Katrenko | Pieter, Adriaans", 
    "raw_text": "In addition, we would also like to explore the semi-supervised techniques such as co-training and self-training (Collins and Singer, 1999)", 
    "clean_text": "In addition, we would also like to explore the semi-supervised techniques such as co-training and self-training (Collins and Singer, 1999).", 
    "keep_for_gold": 0
  }, 
  {
    "citance_No": 14, 
    "citing_paper_id": "W09-2208", 
    "citing_paper_authority": 1, 
    "citing_paper_authors": "Wenhui, Liao | Sriharsha, Veeramachaneni", 
    "raw_text": "Algorithms such as co-training (Blum and Mitchell, 1998) (Collins and Singer, 1999) (Pierce and Cardie, 2001) and the Yarowsky algorithm (Yarowsky, 1995) make assumptions about the data that permit such an ap proach. The main requirement for the automatically generated training data in addition to high accuracy, is that it covers regions in the feature space with low probability density", 
    "clean_text": "", 
    "keep_for_gold": 0
  }, 
  {
    "citance_No": 15, 
    "citing_paper_id": "W09-2208", 
    "citing_paper_authority": 1, 
    "citing_paper_authors": "Wenhui, Liao | Sriharsha, Veeramachaneni", 
    "raw_text": "Collins et al (Collins and Singer, 1999) proposed two algorithms for NER by modifying Yarowsky ?smethod (Yarowsky, 1995) and the framework suggested by (Blum and Mitchell, 1998)", 
    "clean_text": "Collins et al (Collins and Singer, 1999) proposed two algorithms for NER by modifying Yarowsky's method (Yarowsky, 1995) and the framework suggested by (Blum and Mitchell, 1998).", 
    "keep_for_gold": 0
  }, 
  {
    "citance_No": 16, 
    "citing_paper_id": "W06-2207", 
    "citing_paper_authority": 7, 
    "citing_paper_authors": "Mihai, Surdeanu | Jordi, Turmo | Alicia, Ageno", 
    "raw_text": "This approach was shown to perform well on real-world natural language problems (Collins and Singer, 1999)", 
    "clean_text": "This approach was shown to perform well on real-world natural language problems (Collins and Singer, 1999).", 
    "keep_for_gold": 0
  }, 
  {
    "citance_No": 17, 
    "citing_paper_id": "W06-2207", 
    "citing_paper_authority": 7, 
    "citing_paper_authors": "Mihai, Surdeanu | Jordi, Turmo | Alicia, Ageno", 
    "raw_text": "(4 )prec (p, y)= count (p, y) count (p) (5) where prec (p, y) is the raw precision of pattern p in the set of documents labeled with category y. Criterion 2: Collins This criterion was used in a lightly-supervised NE recognizer (Collins and Singer, 1999)", 
    "clean_text": "This criterion was used in a lightly-supervised NE recognizer (Collins and Singer, 1999).", 
    "keep_for_gold": 0
  }, 
  {
    "citance_No": 18, 
    "citing_paper_id": "W06-2207", 
    "citing_paper_authority": 7, 
    "citing_paper_authors": "Mihai, Surdeanu | Jordi, Turmo | Alicia, Ageno", 
    "raw_text": "(6) Similarly to (Collins and Singer, 1999) we used T= 0.95 for all experiments reported here", 
    "clean_text": "(6) Similarly to (Collins and Singer, 1999) we used T= 0.95 for all experiments reported here.", 
    "keep_for_gold": 0
  }, 
  {
    "citance_No": 19, 
    "citing_paper_id": "P12-1065", 
    "citing_paper_authority": 2, 
    "citing_paper_authors": "Max, Whitney | Anoop, Sarkar", 
    "raw_text": "We use Collins and Singer (1999) for our exact specification of Yarowsky.2 It uses DL rule scores ?fj?| ?fj |+ \u000f|? f |+ L\u000f (1) where \u000f is a smoothing constant", 
    "clean_text": "We use Collins and Singer (1999) for our exact specification of Yarowsky.", 
    "keep_for_gold": 0
  }, 
  {
    "citance_No": 20, 
    "citing_paper_id": "P12-1065", 
    "citing_paper_authority": 2, 
    "citing_paper_authors": "Max, Whitney | Anoop, Sarkar", 
    "raw_text": "3This is not clearly specified in Collins and Singer (1999), 3.2 Yarowsky-cautious", 
    "clean_text": "This is not clearly specified in Collins and Singer (1999), but is used for DL-CoTrain in the same paper.", 
    "keep_for_gold": 0
  }
]
