[
  {
    "citance_No": 1, 
    "citing_paper_id": "H05-1083", 
    "citing_paper_authority": 14, 
    "citing_paper_authors": "Xiaoqiang, Luo | Imed, Zitouni", 
    "raw_text": "For this reason, we compute an unweighted entity-constrained mention F-measure (Luo, 2005) and report all contrastive experiments with this metric", 
    "clean_text": "For this reason, we compute an unweighted entity-constrained mention F-measure (Luo, 2005) and report all contrastive experiments with this metric.", 
    "keep_for_gold": 0
  }, 
  {
    "citance_No": 2, 
    "citing_paper_id": "H05-1083", 
    "citing_paper_authority": 14, 
    "citing_paper_authors": "Xiaoqiang, Luo | Imed, Zitouni", 
    "raw_text": "But the metric has a systematic bias for systems generating fewer entities (Bagga and Baldwin, 1998)? see Luo (2005)", 
    "clean_text": "But the metric has a systematic bias for systems generating fewer entities (Bagga and Baldwin, 1998) - see Luo (2005).", 
    "keep_for_gold": 0
  }, 
  {
    "citance_No": 3, 
    "citing_paper_id": "P14-2006", 
    "citing_paper_authority": 2, 
    "citing_paper_authors": "Sameer S., Pradhan | Xiaoqiang, Luo | Marta, Recasens | Eduard, Hovy | Vincent, Ng | Michael, Strube", 
    "raw_text": "Following the timely emphasis on end-to-end evaluation, the official track used predicted mentions and measured performance using five co reference measures: MUC (Vilain et al, 1995), B 3 (Bagga and Baldwin, 1998), CEAF e (Luo, 2005), CEAF m (Luo, 2005), and BLANC (Recasens and Hovy, 2011)", 
    "clean_text": "Following the timely emphasis on end-to-end evaluation, the official track used predicted mentions and measured performance using five coreference measures: MUC (Vilain et al, 1995), B 3 (Bagga and Baldwin, 1998), CEAF e (Luo, 2005), CEAF m (Luo, 2005), and BLANC (Recasens and Hovy, 2011).", 
    "keep_for_gold": 0
  }, 
  {
    "citance_No": 4, 
    "citing_paper_id": "P14-2006", 
    "citing_paper_authority": 2, 
    "citing_paper_authors": "Sameer S., Pradhan | Xiaoqiang, Luo | Marta, Recasens | Eduard, Hovy | Vincent, Ng | Michael, Strube", 
    "raw_text": "However, it turns out that the CEAF metric (Luo, 2005) was always intended to work seamlessly on predicted mentions, and so has been the case with the B 3 metric", 
    "clean_text": "However, it turns out that the CEAF metric (Luo, 2005) was always intended to work seamlessly on predicted mentions, and so has been the case with the B 3 metric.", 
    "keep_for_gold": 0
  }, 
  {
    "citance_No": 5, 
    "citing_paper_id": "P11-1079", 
    "citing_paper_authority": 8, 
    "citing_paper_authors": "Hamidreza, Kobdani | Hinrich, Sch&uuml;tze | Michael, Schiehlen | Hans, Kamp", 
    "raw_text": "We report recall, precision, and F1 for MUC (Vilain et al, 1995), B3 (Bagga and Baldwin, 1998) ,andCEAF (Luo, 2005)", 
    "clean_text": "We report recall, precision, and F1 for MUC (Vilain et al, 1995), B3 (Bagga and Baldwin, 1998), and CEAF (Luo, 2005).", 
    "keep_for_gold": 0
  }, 
  {
    "citance_No": 6, 
    "citing_paper_id": "S10-1020", 
    "citing_paper_authority": 0, 
    "citing_paper_authors": "Olga, Uryupina", 
    "raw_text": "Three runs have been submitted for the SemEval task 1 on Coreference Resolution (Recasens et al, 2010), optimizing Corry? s performance for BLANC (Recasens and Hovy, in prep), MUC (Vilain et al, 1995) and CEAF (Luo, 2005)", 
    "clean_text": "Three runs have been submitted for the SemEval task 1 on Coreference Resolution (Recasens et al, 2010), optimizing Corry's performance for BLANC (Recasens and Hovy, in prep), MUC (Vilain et al, 1995) and CEAF (Luo, 2005).", 
    "keep_for_gold": 0
  }, 
  {
    "citance_No": 7, 
    "citing_paper_id": "S10-1020", 
    "citing_paper_authority": 0, 
    "citing_paper_authors": "Olga, Uryupina", 
    "raw_text": "We have collected a number of runs on the development data to optimize the performance level for a particular score: BLANC (Recasens and Hovy, in prep), MUC (Vilain et al, 1995) or CEAF (Luo, 2005)", 
    "clean_text": "We have collected a number of runs on the development data to optimize the performance level for a particular score: BLANC (Recasens and Hovy, in prep), MUC (Vilain et al, 1995) or CEAF (Luo, 2005).", 
    "keep_for_gold": 0
  }, 
  {
    "citance_No": 8, 
    "citing_paper_id": "P10-1143", 
    "citing_paper_authority": 16, 
    "citing_paper_authors": "Cosmin Adrian, Bejan | Sanda M., Harabagiu", 
    "raw_text": "As shown in Table 1, we extracted from ACE and ECB corpora 45289 and 21175 system mentions, respectively. We report results in terms of recall (R), precision (P), and F-score (F) by employing the mention-based B3 metric (Bagga and Baldwin, 1998), the entity-based CEAF metric (Luo, 2005), and the pairwise F1 (PW) metric", 
    "clean_text": "We report results in terms of recall (R), precision (P), and F-score (F) by employing the mention-based B3 metric (Bagga and Baldwin, 1998), the entity-based CEAF metric (Luo, 2005), and the pairwise F1 (PW) metric.", 
    "keep_for_gold": 0
  }, 
  {
    "citance_No": 9, 
    "citing_paper_id": "W10-2301", 
    "citing_paper_authority": 1, 
    "citing_paper_authors": "Zheng, Chen | Heng, Ji", 
    "raw_text": "Category Evaluation Measures set mapping purity, inverse purity, F-measure pair counting rand index, Jaccard Coefficient, Folks and Mallows FM entropy entropy, mutual information, VI, V editing distance editing distance co reference resolution MUC (Vilain et al,1995), B-Cubed (Bagga and Baldwin, 1998), CEAF (Luo, 2005) Table 3", 
    "clean_text": "Category Evaluation Measures set mapping purity, inverse purity, F-measure pair counting rand index, Jaccard Coefficient, Folks and Mallows FM entropy entropy, mutual information, VI, V editing distance editing distance co reference resolution MUC (Vilain et al,1995), B-Cubed (Bagga and Baldwin, 1998), CEAF (Luo, 2005) Table 3.", 
    "keep_for_gold": 0
  }, 
  {
    "citance_No": 10, 
    "citing_paper_id": "P11-1117", 
    "citing_paper_authority": 0, 
    "citing_paper_authors": "Dingcheng, Li | Tim, Miller | William, Schuler", 
    "raw_text": "This is similar to Luo (2005) where a Bell tree is used to score and store the searching path. In this paper, we present a supervised pro noun resolution system based on Factorial HiddenMarkov Models (FHMMs)", 
    "clean_text": "This is similar to Luo (2005) where a Bell tree is used to score and store the searching path.", 
    "keep_for_gold": 1
  }, 
  {
    "citance_No": 11, 
    "citing_paper_id": "D09-1120", 
    "citing_paper_authority": 42, 
    "citing_paper_authors": "Aria, Haghighi | Dan, Klein", 
    "raw_text": "4? CEAF (Luo, 2005): For a similarity function between predicted and true clusters, CEAFscores the best match between true and predicted clusters using this function", 
    "clean_text": "CEAF (Luo, 2005): For a similarity function between predicted and true clusters, CEAF scores the best match between true and predicted clusters using this function.", 
    "keep_for_gold": 0
  }, 
  {
    "citance_No": 12, 
    "citing_paper_id": "D09-1120", 
    "citing_paper_authority": 42, 
    "citing_paper_authors": "Aria, Haghighi | Dan, Klein", 
    "raw_text": "We use the? 3 similarity function from Luo (2005)", 
    "clean_text": "We use the similarity function from Luo (2005).", 
    "keep_for_gold": 0
  }, 
  {
    "citance_No": 13, 
    "citing_paper_id": "D12-1068", 
    "citing_paper_authority": 0, 
    "citing_paper_authors": "Ivor Wai-Hung, Tsang | Qiao Liang, Xiang | Qi, Mao | Jian Bo, Yang | Kian Ming A., Chai | Hai Leong, Chieu", 
    "raw_text": "The performance measure function for document D is? (g (D); f (D)), where g (D) and f (D) represent the co reference ground-truth and prediction by model f on document D respectively. In co reference resolution, typical performance measure functions include MUC (Vilain et al1995), Rand index (Rand, 1971), B-CUBED (Bagga and Baldwin, 1998) and CEAF (Luo, 2005)", 
    "clean_text": "In coreference resolution, typical performance measure functions include MUC (Vilain et al, 1995), Rand index (Rand, 1971), B-CUBED (Bagga and Baldwin, 1998) and CEAF (Luo, 2005).", 
    "keep_for_gold": 0
  }, 
  {
    "citance_No": 14, 
    "citing_paper_id": "D12-1068", 
    "citing_paper_authority": 0, 
    "citing_paper_authors": "Ivor Wai-Hung, Tsang | Qiao Liang, Xiang | Qi, Mao | Jian Bo, Yang | Kian Ming A., Chai | Hai Leong, Chieu", 
    "raw_text": "In all our experiments, we use two popular performance measures, B-CUBED Fmeasure (Bagga and Baldwin, 1998) and CEAF F measure (Luo, 2005) 1, to evaluate the co reference resolution result", 
    "clean_text": "In all our experiments, we use two popular performance measures, B-CUBED Fmeasure (Bagga and Baldwin, 1998) and CEAF F measure (Luo, 2005), to evaluate the co reference resolution result.", 
    "keep_for_gold": 0
  }, 
  {
    "citance_No": 15, 
    "citing_paper_id": "C10-2125", 
    "citing_paper_authority": 4, 
    "citing_paper_authors": "Emili, Sapena | Llu&iacute;s, Padr&oacute; | Jordi, Turmo", 
    "raw_text": "To evaluate our system we use CEAF (Luo, 2005) and B3 (Bagga and Baldwin, 1998)", 
    "clean_text": "To evaluate our system we use CEAF (Luo, 2005) and B3 (Bagga and Baldwin, 1998).", 
    "keep_for_gold": 0
  }, 
  {
    "citance_No": 16, 
    "citing_paper_id": "D12-1113", 
    "citing_paper_authority": 7, 
    "citing_paper_authors": "Lev, Ratinov | Dan, Roth", 
    "raw_text": "4 we compare the end clustering quality acrossa variety of thresholds and for various system flavors using three metrics: MUC (Vilain et al 1995), B3 (Bagga and Baldwin, 1998) and CEAF (Luo, 2005) 13", 
    "clean_text": "We compare the end clustering quality across a variety of thresholds and for various system flavors using three metrics: MUC (Vilain et al 1995), B3 (Bagga and Baldwin, 1998) and CEAF (Luo, 2005).", 
    "keep_for_gold": 0
  }, 
  {
    "citance_No": 17, 
    "citing_paper_id": "P10-2029", 
    "citing_paper_authority": 14, 
    "citing_paper_authors": "Veselin, Stoyanov | Claire, Cardie | Nathan, Gilbert | Ellen, Riloff | David, Buttler | David, Hysom", 
    "raw_text": "158 Step Available modules Classification various learners in the Weka toolkit libSVM (Chang and Lin, 2001) SVMlight (Joachims, 2002) Clustering Single-link Best-First Most Recent First Scoring MUC score (Vilain et al, 1995) B3 score (Bagga and Baldwin, 1998) CEAF score (Luo, 2005) Table 2: Available implementations for different modules available in Reconcile", 
    "clean_text": "", 
    "keep_for_gold": 0
  }, 
  {
    "citance_No": 18, 
    "citing_paper_id": "P10-1144", 
    "citing_paper_authority": 5, 
    "citing_paper_authors": "Marta, Recasens | Eduard, Hovy", 
    "raw_text": "CEAF (Luo, 2005)", 
    "clean_text": "", 
    "keep_for_gold": 0
  }, 
  {
    "citance_No": 19, 
    "citing_paper_id": "W11-1903", 
    "citing_paper_authority": 4, 
    "citing_paper_authors": "Emili, Sapena | Llu&iacute;s, Padr&oacute; | Jordi, Turmo", 
    "raw_text": "Both parameters were empirically adjusted on the development set for the evaluation measure used in this shared task: the unweighted average of MUC (Vilain et al, 1995), B3 (Bagga and Baldwin, 1998) and entity-based CEAF (Luo, 2005) .Figure 4: Development process", 
    "clean_text": "Both parameters were empirically adjusted on the development set for the evaluation measure used in this shared task: the unweighted average of MUC (Vilain et al, 1995), B3 (Bagga and Baldwin, 1998) and entity-based CEAF (Luo, 2005).", 
    "keep_for_gold": 0
  }, 
  {
    "citance_No": 20, 
    "citing_paper_id": "N09-1065", 
    "citing_paper_authority": 8, 
    "citing_paper_authors": "Vincent, Ng", 
    "raw_text": "Results are reported in terms of recall (R), precision (P), and F-measure (F), obtained using two co refer ence scoring programs: the MUC scorer (Vilain et al., 1995) and the CEAF scorer (Luo, 2005)", 
    "clean_text": "Results are reported in terms of recall (R), precision (P), and F-measure (F), obtained using two coreference scoring programs: the MUC scorer (Vilain et al., 1995) and the CEAF scorer (Luo, 2005).", 
    "keep_for_gold": 0
  }
]
