[
  {
    "citance_No": 1, 
    "citing_paper_id": "P14-1106", 
    "citing_paper_authority": 0, 
    "citing_paper_authors": "Junhui, Li | Yuval, Marton | Philip, Resnik | Hal, Daum\u00c3\u00a9 III", 
    "raw_text": "where? i is the corresponding weight of feature? i. See (Chiang, 2007) for more details", 
    "clean_text": "See (Chiang, 2007) for more details.", 
    "keep_for_gold": 0
  }, 
  {
    "citance_No": 2, 
    "citing_paper_id": "W11-2166", 
    "citing_paper_authority": 0, 
    "citing_paper_authors": "Mark, Hopkins | Greg, Langmead | Tai, Vo", 
    "raw_text": "In this section, we express the hierarchical phrase based extraction technique of (Chiang, 2007) as an extraction program", 
    "clean_text": "In this section, we express the hierarchical phrase based extraction technique of (Chiang, 2007) as an extraction program.", 
    "keep_for_gold": 0
  }, 
  {
    "citance_No": 3, 
    "citing_paper_id": "W11-2166", 
    "citing_paper_authority": 0, 
    "citing_paper_authors": "Mark, Hopkins | Greg, Langmead | Tai, Vo", 
    "raw_text": "For instance, (Chiang, 2007) lists six criteria that he uses in practice to restrict the generation of Hiero rules", 
    "clean_text": "For instance, (Chiang, 2007) lists six criteria that he uses in practice to restrict the generation of Hiero rules.", 
    "keep_for_gold": 0
  }, 
  {
    "citance_No": 4, 
    "citing_paper_id": "W11-1012", 
    "citing_paper_authority": 1, 
    "citing_paper_authors": "Qin, Gao | Stephan, Vogel", 
    "raw_text": "Hierarchical Phrase-based Machine Translation, proposed by Chiang (Chiang, 2007), uses ageneral non-terminal label X but does not use linguistic information from the source or the target language", 
    "clean_text": "Hierarchical Phrase-based Machine Translation, proposed by Chiang (Chiang, 2007), uses a general non-terminal label X but does not use linguistic information from the source or the target language.", 
    "keep_for_gold": 0
  }, 
  {
    "citance_No": 5, 
    "citing_paper_id": "P12-1100", 
    "citing_paper_authority": 2, 
    "citing_paper_authors": "Yang, Feng | Dongdong, Zhang | Mu, Li | Qun, Liu", 
    "raw_text": "The hierarchical phrase-based model (Chiang, 2007) makes an advance of statistical machine translation by employing hierarchical phrases, which not only uses phrases to learn local translations but also uses hierarchical phrases to capture reorderings of word sand sub phrases which can cover a large scope", 
    "clean_text": "The hierarchical phrase-based model (Chiang, 2007) makes an advance of statistical machine translation by employing hierarchical phrases, which not only uses phrases to learn local translations but also uses hierarchical phrases to capture reorderings of words and subphrases which can cover a large scope.", 
    "keep_for_gold": 1
  }, 
  {
    "citance_No": 6, 
    "citing_paper_id": "P12-1100", 
    "citing_paper_authority": 2, 
    "citing_paper_authors": "Yang, Feng | Dongdong, Zhang | Mu, Li | Qun, Liu", 
    "raw_text": "We evaluate the distribution of these rules in the same way as Chiang (2007)", 
    "clean_text": "We evaluate the distribution of these rules in the same way as Chiang (2007).", 
    "keep_for_gold": 0
  }, 
  {
    "citance_No": 7, 
    "citing_paper_id": "P12-1100", 
    "citing_paper_authority": 2, 
    "citing_paper_authors": "Yang, Feng | Dongdong, Zhang | Mu, Li | Qun, Liu", 
    "raw_text": "So we follow the method described in Chiang (2007) to filter the rule set except that we allow two nonterminals to be adjacent", 
    "clean_text": "So we follow the method described in Chiang (2007) to filter the rule set except that we allow two nonterminals to be adjacent.", 
    "keep_for_gold": 0
  }, 
  {
    "citance_No": 8, 
    "citing_paper_id": "P12-1100", 
    "citing_paper_authority": 2, 
    "citing_paper_authors": "Yang, Feng | Dongdong, Zhang | Mu, Li | Qun, Liu", 
    "raw_text": "We compared our loose decoder and tight decoder with our in-house hierarchical phrase-based decoder (Chiang, 2007) and the tree-to-string decoder (Liu et al., 2006)", 
    "clean_text": "We compared our loose decoder and tight decoder with our in-house hierarchical phrase-based decoder (Chiang, 2007) and the tree-to-string decoder (Liu et al., 2006).", 
    "keep_for_gold": 0
  }, 
  {
    "citance_No": 9, 
    "citing_paper_id": "D10-1027", 
    "citing_paper_authority": 18, 
    "citing_paper_authors": "Liang, Huang | Haitao, Mi", 
    "raw_text": "Furthermore, language model integration becomes more expensive here since the decoder now has to maintain target-language boundary words at both ends of a sub translation (Huang and Chiang, 2007), whereas a phrase-based decoder only needs to do this at one end since the translation is always growing left-to-right", 
    "clean_text": "Furthermore, language model integration becomes more expensive here since the decoder now has to maintain target-language boundary words at both ends of a subtranslation (Huang and Chiang, 2007), whereas a phrase-based decoder only needs to do this at one end since the translation is always growing left-to-right.", 
    "keep_for_gold": 0
  }, 
  {
    "citance_No": 10, 
    "citing_paper_id": "D10-1027", 
    "citing_paper_authority": 18, 
    "citing_paper_authors": "Liang, Huang | Haitao, Mi", 
    "raw_text": "The complexity of this dynamic programming algorithm for g-gram decoding is O (2nn2|V |g? 1) where n is the sentence length and |V| is the English vocabulary size (Huang and Chiang, 2007)", 
    "clean_text": "The complexity of this dynamic programming algorithm for g-gram decoding is O(2nn 2 |V | g\u22121 ) where n is the sentence length and |V | is the English vocabulary size (Huang and Chiang, 2007).", 
    "keep_for_gold": 0
  }, 
  {
    "citance_No": 11, 
    "citing_paper_id": "D10-1027", 
    "citing_paper_authority": 18, 
    "citing_paper_authors": "Liang, Huang | Haitao, Mi", 
    "raw_text": "This is also the case with other syntax-based models like Hiero or GHKM: language model integration overhead is the most significant factor that causes syntax-based decoding to be slow (Chiang, 2007)", 
    "clean_text": "This is also the case with other syntax-based models like Hiero or GHKM: language model integration overhead is the most significant factor that causes syntax-based decoding to be slow (Chiang, 2007).", 
    "keep_for_gold": 0
  }, 
  {
    "citance_No": 12, 
    "citing_paper_id": "D10-1027", 
    "citing_paper_authority": 18, 
    "citing_paper_authors": "Liang, Huang | Haitao, Mi", 
    "raw_text": "Fol lowing previous work (Chiang, 2007), we assume a constant number of English translations for each foreign word in the input sentence, so |V|= O (n)", 
    "clean_text": "Following previous work (Chiang, 2007), we assume a constant number of English translations for each foreign word in the input sentence, so |V|= O (n).", 
    "keep_for_gold": 0
  }, 
  {
    "citance_No": 13, 
    "citing_paper_id": "D10-1027", 
    "citing_paper_authority": 18, 
    "citing_paper_authors": "Liang, Huang | Haitao, Mi", 
    "raw_text": "The work of Watanabe et al (2006) is closest inspirit to ours: they also design an incremental decoding algorithm, but for the hierarchical phrase-based system (Chiang, 2007) instead", 
    "clean_text": "The work of Watanabe et al (2006) is closest in spirit to ours: they also design an incremental decoding algorithm, but for the hierarchical phrase-based system (Chiang, 2007) instead.", 
    "keep_for_gold": 0
  }, 
  {
    "citance_No": 14, 
    "citing_paper_id": "W11-2160", 
    "citing_paper_authority": 10, 
    "citing_paper_authors": "Jonathan, Weese | Juri, Ganitkevitch | Chris, Callison-Burch | Matt, Post | Adam, Lopez", 
    "raw_text": "A Hiero grammar (Chiang, 2007) is an SCFGwith only one type of nonterminal symbol, traditionally labeled X. A Hiero grammar can be extracted from a parallel corpus of word-aligned sentence pairs as follows: If (f ji, e l k) is a sub-phrase of the sentence pair, we say it is consistent with the pair? s alignment if none of the words in f ji are aligned to words outside of elk, and vice-versa", 
    "clean_text": "A Hiero grammar (Chiang, 2007) is an SCFG with only one type of nonterminal symbol, traditionally labeled X.", 
    "keep_for_gold": 0
  }, 
  {
    "citance_No": 15, 
    "citing_paper_id": "W11-2160", 
    "citing_paper_authority": 10, 
    "citing_paper_authors": "Jonathan, Weese | Juri, Ganitkevitch | Chris, Callison-Burch | Matt, Post | Adam, Lopez", 
    "raw_text": "maximum rule span? maximum span of consistent phrase pairs? maximum number of nonterminals? minimum number of aligned terminals in rule 2http: //aws.amazon.com/elasticmapreduce/? whether to allow adjacent nonterminals on source side? whether to allow unaligned words at the edges of consistent phrase pairs Chiang (2007) gives reasonable heuristic choices for these parameters when extracting a Hiero grammar, and Lopez (2008) confirms some of them (maximum rule span of 10, maximum number of source side symbols at 5, and maximum number of non terminals at 2 per rule)", 
    "clean_text": "Chiang (2007) gives reasonable heuristic choices for these parameters when extracting a Hiero grammar, and Lopez (2008) confirms some of them (maximum rule span of 10, maximum number of sourceside symbols at 5, and maximum number of nonterminals at 2 per rule).", 
    "keep_for_gold": 0
  }, 
  {
    "citance_No": 16, 
    "citing_paper_id": "N09-1049", 
    "citing_paper_authority": 10, 
    "citing_paper_authors": "Gonzalo, Iglesias | Adri&agrave; de, Gispert | Eduardo R., Banga | William, Byrne", 
    "raw_text": "433 Hiero Search Refinements Huang and Chiang (2007) offer several refinements to cube pruning to improve translation speed", 
    "clean_text": "Huang and Chiang (2007) offer several refinements to cube pruning to improve translation speed.", 
    "keep_for_gold": 0
  }, 
  {
    "citance_No": 17, 
    "citing_paper_id": "N09-1049", 
    "citing_paper_authority": 10, 
    "citing_paper_authors": "Gonzalo, Iglesias | Adri&agrave; de, Gispert | Eduardo R., Banga | William, Byrne", 
    "raw_text": "Venugopal et al (2007) introduce a Hiero variant with relaxed constraints for hypothesis recombination during parsing; speed and results are comparable to those of cube pruning, as described by Chiang (2007)", 
    "clean_text": "Venugopal et al (2007) introduce a Hiero variant with relaxed constraints for hypothesis recombination during parsing; speed and results are comparable to those of cube pruning, as described by Chiang (2007).", 
    "keep_for_gold": 0
  }, 
  {
    "citance_No": 18, 
    "citing_paper_id": "N09-1049", 
    "citing_paper_authority": 10, 
    "citing_paper_authors": "Gonzalo, Iglesias | Adri&agrave; de, Gispert | Eduardo R., Banga | William, Byrne", 
    "raw_text": "We contrast two hierarchical phrase-based decoders. The first decoder, Hiero Cube Pruning (HCP), is a kbest decoder using cube pruning implemented as described by Chiang (2007)", 
    "clean_text": "The first decoder, Hiero Cube Pruning (HCP), is a k-best decoder using cube pruning implemented as described by Chiang (2007).", 
    "keep_for_gold": 0
  }, 
  {
    "citance_No": 19, 
    "citing_paper_id": "N09-1049", 
    "citing_paper_authority": 10, 
    "citing_paper_authors": "Gonzalo, Iglesias | Adri&agrave; de, Gispert | Eduardo R., Banga | William, Byrne", 
    "raw_text": "Standard MET (Och, 2003) iterative parameter estimation under IBM BLEU (Papineni et al, 2001) is performed on the corresponding development set. For the HCP system, MET is done following Chiang (2007)", 
    "clean_text": "For the HCP system, MET is done following Chiang (2007).", 
    "keep_for_gold": 0
  }, 
  {
    "citance_No": 20, 
    "citing_paper_id": "N10-1128", 
    "citing_paper_authority": 11, 
    "citing_paper_authors": "Chris, Dyer | Philip, Resnik", 
    "raw_text": "A language model was incorporated using cube pruning (Huang and Chiang, 2007), using a 200 best limit at each node during LM integration", 
    "clean_text": "A language model was incorporated using cube pruning (Huang and Chiang, 2007), using a 200 best limit at each node during LM integration.", 
    "keep_for_gold": 0
  }
]
