[
  {
    "citance_No": 1, 
    "citing_paper_id": "N04-1030", 
    "citing_paper_authority": 68, 
    "citing_paper_authors": "Sameer S., Pradhan | Wayne H., Ward | Kadri, Hacioglu | James H., Martin | Daniel, Jurafsky", 
    "raw_text": "The Gildea and Hockenmaier (G& amp; H) SystemThe Gildea and Hockenmaier (2003) system uses features extracted from Combinatory Categorial Grammar (CCG) corresponding to the features that were used by G& amp; J and G& amp; P systems", 
    "clean_text": "The Gildea and Hockenmaier (2003) system uses features extracted from Combinatory Categorial Grammar (CCG) corresponding to the features that were used by G&J and G&P systems.", 
    "keep_for_gold": 0
  }, 
  {
    "citance_No": 2, 
    "citing_paper_id": "P10-1022", 
    "citing_paper_authority": 1, 
    "citing_paper_authors": "Matthew, Honnibal | James R., Curran | Johan, Bos", 
    "raw_text": "Figure 1 shows an ex ample with multiple core arguments. This analysis allows recovery of verbal arguments of nominalised raising and control verbs, a construction which both Gildea and Hockenmaier (2003) and Boxwell and White (2008) identify as aproblem case when aligning Propbank and CCGbank", 
    "clean_text": "This analysis allows recovery of verbal arguments of nominalised raising and control verbs, a construction which both Gildea and Hockenmaier (2003) and Boxwell and White (2008) identify as a problem case when aligning Propbank and CCGbank.", 
    "keep_for_gold": 0
  }, 
  {
    "citance_No": 3, 
    "citing_paper_id": "W04-1116", 
    "citing_paper_authority": 4, 
    "citing_paper_authors": "Jia-Ming, You | Keh-Jiann, Chen", 
    "raw_text": "Conventionally there are two kinds of methods for role assignments, one is using only statistical information (Gildea and Jurafsky, 2002) and the other is combining with grammar rules (Gildea and Hockenmaier, 2003)", 
    "clean_text": "Conventionally there are two kinds of methods for role assignments, one is using only statistical information (Gildea and Jurafsky, 2002) and the other is combining with grammar rules (Gildea and Hockenmaier, 2003).", 
    "keep_for_gold": 0
  }, 
  {
    "citance_No": 4, 
    "citing_paper_id": "C04-1204", 
    "citing_paper_authority": 4, 
    "citing_paper_authors": "Yusuke, Miyao | Jun'ichi, Tsujii", 
    "raw_text": "prop were superior to an existing study using the Collins parser (75.9/69.6) (Gildea and Hock en maier, 2003), and the results were approaching existing studies on the same task using a CCG parser (76.1/73.5) (Gildea and Hockenmaier, 2003)", 
    "clean_text": "", 
    "keep_for_gold": 0
  }, 
  {
    "citance_No": 5, 
    "citing_paper_id": "P05-1072", 
    "citing_paper_authority": 27, 
    "citing_paper_authors": "Sameer S., Pradhan | Wayne H., Ward | Kadri, Hacioglu | James H., Martin | Daniel, Jurafsky", 
    "raw_text": "Gildea and Hockenmaier (2003) report that using features extracted from a Combinatory Categorial Grammar (CCG) representation improves semantic labeling performance on core arguments", 
    "clean_text": "Gildea and Hockenmaier (2003) report that using features extracted from a Combinatory Categorial Grammar (CCG) representation improves semantic labeling performance on core arguments.", 
    "keep_for_gold": 1
  }, 
  {
    "citance_No": 6, 
    "citing_paper_id": "C04-1186", 
    "citing_paper_authority": 21, 
    "citing_paper_authors": "Kadri, Hacioglu", 
    "raw_text": "However, this mismatch is significantly less than the 23% mismatch reported in (Gildea and Hockenmaier, 2003) between the CCGBank and an earlier version of the PropBank", 
    "clean_text": "However, this mismatch is significantly less than the 23% mismatch reported in (Gildea and Hockenmaier, 2003) between the CCGBank and an earlier version of the PropBank.", 
    "keep_for_gold": 0
  }, 
  {
    "citance_No": 7, 
    "citing_paper_id": "D07-1062", 
    "citing_paper_authority": 3, 
    "citing_paper_authors": "Yudong, Liu | Anoop, Sarkar", 
    "raw_text": "In order to generalize the path feature (see Table 1 in Section 3) which is probably the most salient (while being the most data sparse )feature for SRL, previous work has extracted features from other syntactic representations, such as CCGderivations (Gildea and Hockenmaier, 2003) and dependency trees (Hacioglu, 2004) or integrated features from different parsers (Pradhan et al, 2005b) .To avoid explicit feature engineering on trees, (Moschitti, 2004) used convolution kernels on selective portions of syntactic trees", 
    "clean_text": "In order to generalize the path feature (see Table 1 in Section 3) which is probably the most salient (while being the most data sparse) feature for SRL, previous work has extracted features from other syntactic representations, such as CCG derivations (Gildea and Hockenmaier, 2003) and dependency trees (Hacioglu, 2004) or integrated features from different parsers (Pradhan et al, 2005b).", 
    "keep_for_gold": 0
  }, 
  {
    "citance_No": 8, 
    "citing_paper_id": "C08-1050", 
    "citing_paper_authority": 12, 
    "citing_paper_authors": "Richard, Johansson | Pierre, Nugues", 
    "raw_text": "For instance, Gildea and Hockenmaier (2003) reported that a CCG-based parser gives improved results over the Collins parser. Dependency syntax has only received little attention for the SRL task, despite a surge of inter est in dependency parsing during the last few years (Buchholz and Marsi, 2006)", 
    "clean_text": "For instance, Gildea and Hockenmaier (2003) reported that a CCG-based parser gives improved results over the Collins parser.", 
    "keep_for_gold": 0
  }, 
  {
    "citance_No": 9, 
    "citing_paper_id": "D10-1072", 
    "citing_paper_authority": 0, 
    "citing_paper_authors": "Stephen, Boxwell | Dennis, Mehay | Chris, Brew", 
    "raw_text": "As with a previous approach in CCG semantic role labeling (GildeaandHockenmaier, 2003), this feature shows the ex act nature of the syntactic dependency between the predicate and the word we are considering, if any such dependency exists", 
    "clean_text": "As with a previous approach in CCG semantic role labeling (Gildea and Hockenmaier, 2003), this feature shows the exact nature of the syntactic dependency between the predicate and the word we are considering, if any such dependency exists.", 
    "keep_for_gold": 0
  }, 
  {
    "citance_No": 10, 
    "citing_paper_id": "W09-2601", 
    "citing_paper_authority": 0, 
    "citing_paper_authors": "Yudong, Liu | Anoop, Sarkar", 
    "raw_text": "We also compare with the CCG-based SRL presented in (Gildea and Hockenmaier, 2003) 7, which has a similar motivation as this paper, except they use the Combinatory Categorial Grammar formalism and the CCGBank syntactic Treebank which was converted from the Penn Tree bank. Scoring strategy To have a fair evaluation of arguments between the LTAG-spinal dependency parse and the Penn Treebank phrase structure, we report the root/head-word based scoring strategy for performance comparison, where a case is counted as positive as long as the root of the argument e-tree is correctly identified in LTAG-spinal and the headword of the argument constituent is correctly identified in phrase structure", 
    "clean_text": "We also compare with the CCG-based SRL presented in (Gildea and Hockenmaier, 2003) , which has a similar motivation as this paper, except they use the Combinatory Categorial Grammar formalism and the CCGBank syntactic Treebank which was converted from the Penn Tree bank.", 
    "keep_for_gold": 0
  }, 
  {
    "citance_No": 11, 
    "citing_paper_id": "W09-2601", 
    "citing_paper_authority": 0, 
    "citing_paper_authors": "Yudong, Liu | Anoop, Sarkar", 
    "raw_text": "As a result they show that the oracle f-score improves by over 2 points over the (Gildea and Hockenmaier, 2003) oracle results for the numbered arguments only (A0,..., A5)", 
    "clean_text": "As a result they show that the oracle f-score improves by over 2 points over the (Gildea and Hockenmaier, 2003) oracle results for the numbered arguments only (A0,..., A5).", 
    "keep_for_gold": 0
  }, 
  {
    "citance_No": 12, 
    "citing_paper_id": "P09-1005", 
    "citing_paper_authority": 4, 
    "citing_paper_authors": "Stephen, Boxwell | Dennis, Mehay | Chris, Brew", 
    "raw_text": "In contrast to the approach in (Punyakanok et al, 2008), which tags constituents directly, we tag headwords and then associate them with a constituent, as in a previous CCG-based approach (Gildea and Hockenmaier, 2003)", 
    "clean_text": "In contrast to the approach in (Punyakanok et al, 2008), which tags constituents directly, we tag headwords and then associate them with a constituent, as in a previous CCG-based approach (Gildea and Hockenmaier, 2003).", 
    "keep_for_gold": 0
  }, 
  {
    "citance_No": 13, 
    "citing_paper_id": "P09-1005", 
    "citing_paper_authority": 4, 
    "citing_paper_authors": "Stephen, Boxwell | Dennis, Mehay | Chris, Brew", 
    "raw_text": "Thisfeature has been shown (Gildea and Hockenmaier, 2003) to be an effective substitute for tree path-based features", 
    "clean_text": "This feature has been shown (Gildea and Hockenmaier, 2003) to be an effective substitute for tree path-based features.", 
    "keep_for_gold": 0
  }, 
  {
    "citance_No": 14, 
    "citing_paper_id": "P09-1005", 
    "citing_paper_authority": 4, 
    "citing_paper_authors": "Stephen, Boxwell | Dennis, Mehay | Chris, Brew", 
    "raw_text": "(Gildea and Hockenmaier, 2003) with each associated with a binary indicator feature", 
    "clean_text": "", 
    "keep_for_gold": 0
  }, 
  {
    "citance_No": 15, 
    "citing_paper_id": "P09-1005", 
    "citing_paper_authority": 4, 
    "citing_paper_authors": "Stephen, Boxwell | Dennis, Mehay | Chris, Brew", 
    "raw_text": "We follow a previous CCG based approach (Gildea and Hockenmaier, 2003) in using a feature to describe the PARGrelationship between the two words, if one exists", 
    "clean_text": "We follow a previous CCG based approach (Gildea and Hockenmaier, 2003) in using a feature to describe the PARG relationship between the two words, if one exists.", 
    "keep_for_gold": 0
  }, 
  {
    "citance_No": 16, 
    "citing_paper_id": "P09-1005", 
    "citing_paper_authority": 4, 
    "citing_paper_authors": "Stephen, Boxwell | Dennis, Mehay | Chris, Brew", 
    "raw_text": "Using a version of Brutus incorporating only the CCGbased features described above, we achieve better results than a previous CCG based system (Gildea and Hockenmaier, 2003, henceforth G& amp; H)", 
    "clean_text": "Using a version of Brutus incorporating only the CCG-based features described above, we achieve better results than a previous CCG based system (Gildea and Hockenmaier, 2003, henceforth G&H).", 
    "keep_for_gold": 0
  }
]
