[
  {
    "citance_No": 1, 
    "citing_paper_id": "W06-0307", 
    "citing_paper_authority": 0, 
    "citing_paper_authors": "Li, Zhang | John A., Barnden | Robert J., Hendley | Alan M., Wallington", 
    "raw_text": "To determine whether semantic restrictions are being violated, domain information from ontologies/thesauri such as WordNet could be used and/or statistical techniques as used by Mason (2004)", 
    "clean_text": "To determine whether semantic restrictions are being violated, domain information from ontologies/thesauri such as WordNet could be used and/or statistical techniques as used by Mason (2004).", 
    "keep_for_gold": 0
  }, 
  {
    "citance_No": 2, 
    "citing_paper_id": "W06-3506", 
    "citing_paper_authority": 23, 
    "citing_paper_authors": "Matt, Gedigian | John, Bryant | Srinivas, Narayanan | Branimir, Ciric", 
    "raw_text": "Previous work on automated metaphor detection includes Fass (1991), Martin (1990), and Mason (2004)", 
    "clean_text": "Previous work on automated metaphor detection includes Fass (1991), Martin (1990), and Mason (2004).", 
    "keep_for_gold": 0
  }, 
  {
    "citance_No": 3, 
    "citing_paper_id": "W07-0103", 
    "citing_paper_authority": 20, 
    "citing_paper_authors": "Saisuresh, Krishnakumaran | Xiaojin, Zhu", 
    "raw_text": "The CorMet system (Mason, 2004) dynamically mines domain specific corpora to find less frequent 19usages and identifies conceptual metaphors", 
    "clean_text": "The CorMet system (Mason, 2004) dynamically mines domain specific corpora to find less frequent usages and identifies conceptual metaphors.", 
    "keep_for_gold": 1
  }, 
  {
    "citance_No": 4, 
    "citing_paper_id": "P11-1029", 
    "citing_paper_authority": 5, 
    "citing_paper_authors": "Tony, Veale", 
    "raw_text": "Mason (2004) shows how statistical analysis can automatically detect and extract conventional metaphors from corpora, though creative metaphors still remain a tantalizing challenge", 
    "clean_text": "Mason (2004) shows how statistical analysis can automatically detect and extract conventional metaphors from corpora, though creative metaphors still remain a tantalizing challenge.", 
    "keep_for_gold": 1
  }, 
  {
    "citance_No": 5, 
    "citing_paper_id": "W07-0104", 
    "citing_paper_authority": 4, 
    "citing_paper_authors": "Julia, Birke | Anoop, Sarkar", 
    "raw_text": "((Mason, 2004), p. 23)", 
    "clean_text": "", 
    "keep_for_gold": 0
  }, 
  {
    "citance_No": 6, 
    "citing_paper_id": "W07-0104", 
    "citing_paper_authority": 4, 
    "citing_paper_authors": "Julia, Birke | Anoop, Sarkar", 
    "raw_text": "((Mason, 2004), p. 24), finding mappings like LIQUID? MONEY.Metaphor processing has even been approached with connectionist systems storing world-knowledge as probabilistic dependencies (Narayanan, 1999)", 
    "clean_text": "By finding semantic differences between the selectional preferences, it can articulate the higher-order structure of conceptual metaphors ((Mason, 2004), p. 24), finding mappings like LIQUID -> MONEY.", 
    "keep_for_gold": 0
  }, 
  {
    "citance_No": 7, 
    "citing_paper_id": "W10-0303", 
    "citing_paper_authority": 2, 
    "citing_paper_authors": "Eric P. S., Baumer | James P., White | Bill, Tomlinson", 
    "raw_text": "CorMet (Mason, 2004) is designed to extract known conventional metaphors from domain-specific textual corpora, which are derived from Googlequeries.CorMet calculates selectional preferences and associations (Resnik, 1993) for each corpus? s character is tic verbs ,i.e., those verbs at least twice as frequent in the corpus as in general English", 
    "clean_text": "CorMet (Mason, 2004) is designed to extract known conventional metaphors from domain-specific textual corpora, which are derived from Google queries.", 
    "keep_for_gold": 0
  }, 
  {
    "citance_No": 8, 
    "citing_paper_id": "W10-0303", 
    "citing_paper_authority": 2, 
    "citing_paper_authors": "Eric P. S., Baumer | James P., White | Bill, Tomlinson", 
    "raw_text": "The CMI system described in this pa per is informed largely by CorMet (Mason, 2004)", 
    "clean_text": "The CMI system described in this paper is informed largely by CorMet (Mason, 2004).", 
    "keep_for_gold": 0
  }, 
  {
    "citance_No": 9, 
    "citing_paper_id": "E06-1042", 
    "citing_paper_authority": 26, 
    "citing_paper_authors": "Julia, Birke | Anoop, Sarkar", 
    "raw_text": "((Mason, 2004), p. 23)", 
    "clean_text": "", 
    "keep_for_gold": 0
  }, 
  {
    "citance_No": 10, 
    "citing_paper_id": "E06-1042", 
    "citing_paper_authority": 26, 
    "citing_paper_authors": "Julia, Birke | Anoop, Sarkar", 
    "raw_text": "((Mason, 2004), p. 24), finding mappings like LIQUID? MONEY", 
    "clean_text": "", 
    "keep_for_gold": 0
  }, 
  {
    "citance_No": 11, 
    "citing_paper_id": "W07-0102", 
    "citing_paper_authority": 5, 
    "citing_paper_authors": "Astrid, Reining | Birte, L&ouml;nneker-Rodman", 
    "raw_text": "Our method is different from automated work on metaphor recognition such as (Mason, 2004) and (Gedigian et al, 2006) in that it includes nouns as parts of speech", 
    "clean_text": "Our method is different from automated work on metaphor recognition such as (Mason, 2004) and (Gedigian et al, 2006) in that it includes nouns as parts of speech.", 
    "keep_for_gold": 0
  }
]
