[
  {
    "citance_No": 1, 
    "citing_paper_id": "P03-1055", 
    "citing_paper_authority": 17, 
    "citing_paper_authors": "Peter, Dienes | Amit, Dubey", 
    "raw_text": "Johnson (2002) proposes an algorithm that isable to find long-distance dependencies, as a post processing step, after parsing", 
    "clean_text": "Johnson (2002) proposes an algorithm that is able to find long-distance dependencies, as a post processing step, after parsing.", 
    "keep_for_gold": 1
  }, 
  {
    "citance_No": 2, 
    "citing_paper_id": "P03-1055", 
    "citing_paper_authority": 17, 
    "citing_paper_authors": "Peter, Dienes | Amit, Dubey", 
    "raw_text": "As our interest lies in trace detection and antecedent recovery, we adopt the evaluation measures introduced by Johnson (2002)", 
    "clean_text": "As our interest lies in trace detection and antecedent recovery, we adopt the evaluation measures introduced by Johnson (2002).", 
    "keep_for_gold": 0
  }, 
  {
    "citance_No": 3, 
    "citing_paper_id": "P03-1055", 
    "citing_paper_authority": 17, 
    "citing_paper_authors": "Peter, Dienes | Amit, Dubey", 
    "raw_text": "F-score Here Here Here Johnson LABELED 86.5% 72.9% 79.1%? UNLABELED 93.3% 78.6% 85.3%? NP? NP 87.8% 79.6% 83.5%? WH? NP 92.5% 75.6% 83.2% 81.0% PRO? NP 68.7% 70.4% 69.5%? COMP? SBAR 93.8% 78.6% 85.5% 88.0% UNIT 99.1% 92.5% 95.7% 92.0% WH? S 94.4% 91.3% 92.8% 87.0% WH? ADVP 81.6% 46.8% 59.5% 56.0% CLAUSE 80.4% 68.3% 73.8% 70.0% COMP? WHNP 67.2% 38.3% 48.8% 47.0% Table 5: EE-detection results on Section 23 and comparison with Johnson (2002) (where applicable) .trolled PROs (PRO? NP) is rather low, since it is a difficult task to tell them apart from NP traces: they are confused in 10 \u0000 15% of the cases", 
    "clean_text": "", 
    "keep_for_gold": 0
  }, 
  {
    "citance_No": 4, 
    "citing_paper_id": "P03-1055", 
    "citing_paper_authority": 17, 
    "citing_paper_authors": "Peter, Dienes | Amit, Dubey", 
    "raw_text": "In this section, we validate the two-step approach, by applying the parser to the output of the trace tagger, and comparing the antecedent recovery accuracy to Johnson (2002)", 
    "clean_text": "In this section, we validate the two-step approach, by applying the parser to the output of the trace tagger, and comparing the antecedent recovery accuracy to Johnson (2002).", 
    "keep_for_gold": 0
  }, 
  {
    "citance_No": 5, 
    "citing_paper_id": "P03-1055", 
    "citing_paper_authority": 17, 
    "citing_paper_authors": "Peter, Dienes | Amit, Dubey", 
    "raw_text": "F-score Here Here Here Johnson OVERALL 80.5% 66.0% 72.6% 68.0% NP? NP 71.2% 62.8% 66.8% 60.0% WH? NP 91.6% 71.9% 80.6% 80.0% PRO? NP 68.7% 70.4% 69.5% 50.0% COMP? SBAR 93.8% 78.6% 85.5% 88.0% UNIT 99.1% 92.5% 95.7% 92.0% WH? S 86.7% 83.9% 84.8% 87.0% WH? ADVP 67.1% 31.3% 42.7% 56.0% CLAUSE 80.4% 68.3% 73.8% 70.0% COMP? WHNP 67.2% 38.8% 48.8% 47.0% Table 7: Antecedent recovery results for the combined NOINSERT model and comparison with Johnson (2002) .NOINSERT model was also faster, taking on aver age 2.7 seconds per sentence and enumerating about 160,000 edges whereas the INSERT model took 25 seconds on average and enumerated 2 million edges", 
    "clean_text": "", 
    "keep_for_gold": 0
  }, 
  {
    "citance_No": 6, 
    "citing_paper_id": "P03-1055", 
    "citing_paper_authority": 17, 
    "citing_paper_authors": "Peter, Dienes | Amit, Dubey", 
    "raw_text": "Comparing our results to Johnson (2002), we find that the NOINSERT model outperforms that of Johnson by 4.6% (see Table 7)", 
    "clean_text": "Comparing our results to Johnson (2002), we find that the NOINSERT model outperforms that of Johnson by 4.6% (see Table 7).", 
    "keep_for_gold": 0
  }, 
  {
    "citance_No": 7, 
    "citing_paper_id": "P03-1055", 
    "citing_paper_authority": 17, 
    "citing_paper_authors": "Peter, Dienes | Amit, Dubey", 
    "raw_text": "Excluding Johnson (2002)? s pattern-matching algorithm, most recent work on finding head? dependencies with statistical parser has used statistical versions of deep grammar formalisms, such as CCG (Clark et al, 2002) or LFG (Riezler et al, 2002)", 
    "clean_text": "Excluding Johnson (2002)'s pattern-matching algorithm, most recent work on finding head - dependencies with statistical parser has used statistical versions of deep grammar formalisms, such as CCG (Clark et al, 2002) or LFG (Riezler et al, 2002).", 
    "keep_for_gold": 0
  }, 
  {
    "citance_No": 8, 
    "citing_paper_id": "N06-1024", 
    "citing_paper_authority": 18, 
    "citing_paper_authors": "Ryan, Gabbard | Seth, Kulick | Mitchell P., Marcus", 
    "raw_text": "Finally, it is not clear that their numbers are in fact comparable to those of Dienes and Dubey on parsed data because the metrics used are not quite equivalent, par tic ularly for (NP*) s: among other differences, unlike Jijkoun and de Rijke? s metric (taken from (Johnson, 2002)), Dienes and Dubey? s is sensitive to the string extent of the antecedent node, penalizing them if the parser makes attachment errors involving the antecedent even if the system recovered the long? distance dependency itself correctly", 
    "clean_text": "Finally, it is not clear that their numbers are in fact comparable to those of Dienes and Dubey on parsed data because the metrics used are not quite equivalent, particularly for (NP*) s: among other differences, unlike Jijkoun and de Rijke's metric (taken from (Johnson, 2002)), Dienes and Dubey's is sensitive to the string extent of the antecedent node, penalizing them if the parser makes attachment errors involving the antecedent even if the system recovered the long-distance dependency itself correctly.", 
    "keep_for_gold": 0
  }, 
  {
    "citance_No": 9, 
    "citing_paper_id": "D07-1065", 
    "citing_paper_authority": 0, 
    "citing_paper_authors": "Denis, Filimonov | Mary P., Harper", 
    "raw_text": "Johnson (2002) used corpus-induced patterns to insert gaps into both gold standard trees and parser output", 
    "clean_text": "Johnson (2002) used corpus-induced patterns to insert gaps into both gold standard trees and parser output.", 
    "keep_for_gold": 0
  }, 
  {
    "citance_No": 10, 
    "citing_paper_id": "D07-1065", 
    "citing_paper_authority": 0, 
    "citing_paper_authors": "Denis, Filimonov | Mary P., Harper", 
    "raw_text": "We compare our algorithm under a variety of conditions to the work of (Johnson, 2002) and (Gabbardet al, 2006)", 
    "clean_text": "We compare our algorithm under a variety of conditions to the work of (Johnson, 2002) and (Gabbard et al, 2006).", 
    "keep_for_gold": 0
  }, 
  {
    "citance_No": 11, 
    "citing_paper_id": "D07-1065", 
    "citing_paper_authority": 0, 
    "citing_paper_authors": "Denis, Filimonov | Mary P., Harper", 
    "raw_text": "The first metric, which was introduced by Johnson (2002), has been widely reported by researchers investigating gap insertion", 
    "clean_text": "The first metric, which was introduced by Johnson (2002), has been widely reported by researchers investigating gap insertion.", 
    "keep_for_gold": 0
  }, 
  {
    "citance_No": 12, 
    "citing_paper_id": "W04-3215", 
    "citing_paper_authority": 11, 
    "citing_paper_authors": "Stephen, Clark | Mark, Steedman | James R., Curran", 
    "raw_text": "Correct dependency recovery for object extraction is also difficult for shallow methods such as Johnson (2002) and Dienes and Dubey (2003) .We consider three types of object extraction: object relative clauses, free object relatives, and tough adjectives (Hockenmaier, 2003a)", 
    "clean_text": "Correct dependency recovery for object extraction is also difficult for shallow methods such as Johnson (2002) and Dienes and Dubey (2003).", 
    "keep_for_gold": 0
  }, 
  {
    "citance_No": 13, 
    "citing_paper_id": "C04-1157", 
    "citing_paper_authority": 1, 
    "citing_paper_authors": "Leif Arda, Nielsen", 
    "raw_text": "WhileCharniak? s parser does not generate empty category information, Johnson (2002) has developed an algorithm that extracts patterns from the Treebank which can be used to insert empty Words+ POS+ features Algorithm Recall Precision F1 Recall Precision F1 MBL 56.05 63.02 59.33 78.32 79.39 78.85 GIS-MaxEnt 40.00 57.03 47.02 65.06 68.64 66.80 L-BFGS-MaxEnt 60.08 70.77 64.99 78.92 87.27 82.88 Table 9: Cross-validation on the Treebankcategories into the parser? s output", 
    "clean_text": "While Charniak's parser does not generate empty category information, Johnson (2002) has developed an algorithm that extracts patterns from the Treebank which can be used to insert empty categories into the parser's output.", 
    "keep_for_gold": 1
  }, 
  {
    "citance_No": 14, 
    "citing_paper_id": "P04-1042", 
    "citing_paper_authority": 18, 
    "citing_paper_authors": "Roger, Levy | Christopher D., Manning", 
    "raw_text": "Johnson (2002) was the first post-processing approach to non-local dependency recovery, using a simple pattern-matching algorithm on context-free trees", 
    "clean_text": "Johnson (2002) was the first post-processing approach to non-local dependency recovery, using a simple pattern-matching algorithm on context-free trees.", 
    "keep_for_gold": 1
  }, 
  {
    "citance_No": 15, 
    "citing_paper_id": "P04-1042", 
    "citing_paper_authority": 18, 
    "citing_paper_authors": "Roger, Levy | Christopher D., Manning", 
    "raw_text": "This approach contrasts with Johnson (2002), who treats empty/antecedent identification as a joint task, and with Dienes and Dubey (2003a, b), who always identify empties first and determine antecedents later", 
    "clean_text": "This approach contrasts with Johnson (2002), who treats empty/antecedent identification as a joint task, and with Dienes and Dubey (2003a, b), who always identify empties first and determine antecedents later.", 
    "keep_for_gold": 0
  }, 
  {
    "citance_No": 16, 
    "citing_paper_id": "P04-1042", 
    "citing_paper_authority": 18, 
    "citing_paper_authors": "Roger, Levy | Christopher D., Manning", 
    "raw_text": "style (Gazdar et al, 1985) parsers, and in concrete terms it closely matches the information derived from Johnson (2002)? s connected local tree set patterns", 
    "clean_text": "in an abstract sense it mediates the gap-threading information incorporated into GPSG-style (Gazdar et al., 1985) parsers, and in concrete terms it closely matches the information derived from Johnson (2002)'s connected local tree set patterns.", 
    "keep_for_gold": 0
  }, 
  {
    "citance_No": 17, 
    "citing_paper_id": "P04-1042", 
    "citing_paper_authority": 18, 
    "citing_paper_authors": "Roger, Levy | Christopher D., Manning", 
    "raw_text": "Our algorithm? s performance can be compared with the work of Johnson (2002) and Dienes and Dubey (2003a) on WSJ", 
    "clean_text": "Our algorithm's performance can be compared with the work of Johnson (2002) and Dienes and Dubey (2003a) on WSJ.", 
    "keep_for_gold": 0
  }, 
  {
    "citance_No": 18, 
    "citing_paper_id": "P04-1042", 
    "citing_paper_authority": 18, 
    "citing_paper_authors": "Roger, Levy | Christopher D., Manning", 
    "raw_text": "In Table 2 we present comparative results, using the PARSEVAL-based evaluation metric introduced by Johnson (2002)? a correct empty category inference requires the string position of the empty category, combined with the left and right boundaries plus syntactic category of the antecedent, if any, for purposes of comparison.9,10 Note that this evaluation metric does not re quire correct attachment of the empty category into 8A complete description of feature templates can be found at http: //nlp.stanford.edu/ ?rog/acl2004/templates/index.html 9For purposes of comparability with Johnson (2002) we used Charniak? s 2000 parser as P. 10Our algorithm was evaluated on a more stringent standard for NP-* than in previous work: control loci-related mappings were done after dislocated nodes were actually relocated by the algorithm, so an incorrect dislocation remapping can render incorrect the indices of a correct NP-* labeled bracketing", 
    "clean_text": "For purposes of comparability with Johnson (2002) we used Charniak's 2000 parser as P.", 
    "keep_for_gold": 0
  }, 
  {
    "citance_No": 19, 
    "citing_paper_id": "P04-1042", 
    "citing_paper_authority": 18, 
    "citing_paper_authors": "Roger, Levy | Christopher D., Manning", 
    "raw_text": "P is parser, G is string-to-context-free-gold-tree mapping, A is present remapping algorithm, J is Johnson 2002, D is the COM BINED model of Dienes 2003.the parse tree", 
    "clean_text": "P is parser, G is string-to-context-free-gold-tree mapping, A is present remapping algorithm, J is Johnson 2002, D is the COMBINED model of Dienes 2003.", 
    "keep_for_gold": 0
  }, 
  {
    "citance_No": 20, 
    "citing_paper_id": "P04-1042", 
    "citing_paper_authority": 18, 
    "citing_paper_authors": "Roger, Levy | Christopher D., Manning", 
    "raw_text": "To further compare the results of our algorithm with previous work, we obtained the output trees produced by Johnson (2002) and Dienes (2003) and evaluated them on typed dependency performance", 
    "clean_text": "To further compare the results of our algorithm with previous work, we obtained the output trees produced by Johnson (2002) and Dienes (2003) and evaluated them on typed dependency performance.", 
    "keep_for_gold": 0
  }
]
