[
  {
    "citance_No": 1, 
    "citing_paper_id": "W04-3254", 
    "citing_paper_authority": 9, 
    "citing_paper_authors": "Simone, Teufel | Hans, van Halteren", 
    "raw_text": "It also corresponds to the pyramid measure proposed by Nenkovaand Passonneau (2004), which also considers an estimation of the maximum value reachable", 
    "clean_text": "It also corresponds to the pyramid measure proposed by Nenkova and Passonneau (2004), which also considers an estimation of the maximum value reachable.", 
    "keep_for_gold": 0
  }, 
  {
    "citance_No": 2, 
    "citing_paper_id": "P14-2041", 
    "citing_paper_authority": 0, 
    "citing_paper_authors": "Beata, Beigman Klebanov | Nitin, Madnani | Jill, Burstein | Swapna, Somasundaran", 
    "raw_text": "In evaluations of summarization algorithms, it is common practice to derive the gold standard con tent importance scores from human summaries, as done, for example, in the pyramid method, where the importance of a content element corresponds to the number of reference human summaries that make use of it (Nenkova and Passonneau, 2004) .Selection of the appropriate content plays a crucial role in attaining a high score for the essays we consider here, as suggested by the quotes from the scoring rubric in? 1, as well as by a corpus study by Plakans and Gebril (2013)", 
    "clean_text": "In evaluations of summarization algorithms, it is common practice to derive the gold standard con tent importance scores from human summaries, as done, for example, in the pyramid method, where the importance of a content element corresponds to the number of reference human summaries that make use of it (Nenkova and Passonneau, 2004).", 
    "keep_for_gold": 0
  }, 
  {
    "citance_No": 3, 
    "citing_paper_id": "C08-1087", 
    "citing_paper_authority": 24, 
    "citing_paper_authors": "Vahed, Qazvinian | Dragomir R., Radev", 
    "raw_text": "Second, facts should not be equally weighted in this model, as some of them may show more important contributions of a pa per, while others may not. To evaluate our system, we use the pyramid evaluation method (Nenkova and Passonneau, 2004) at sentence level", 
    "clean_text": "To evaluate our system, we use the pyramid evaluation method (Nenkova and Passonneau, 2004) at sentence level.", 
    "keep_for_gold": 0
  }, 
  {
    "citance_No": 4, 
    "citing_paper_id": "C08-1087", 
    "citing_paper_authority": 24, 
    "citing_paper_authors": "Vahed, Qazvinian | Dragomir R., Radev", 
    "raw_text": "Each fact in the citation summary of a paper is a summarization content unit (SCU) (Nenkova and Passonneau, 2004), and the fact distribution matrix, created by annotation, provides the information about the importance of each fact in the citation summary", 
    "clean_text": "Each fact in the citation summary of a paper is a summarization content unit (SCU) (Nenkova and Passonneau, 2004), and the fact distribution matrix, created by annotation, provides the information about the importance of each fact in the citation summary.", 
    "keep_for_gold": 0
  }, 
  {
    "citance_No": 5, 
    "citing_paper_id": "C10-1101", 
    "citing_paper_authority": 10, 
    "citing_paper_authors": "Vahed, Qazvinian | Dragomir R., Radev | Arzucan, &Ouml;zg&uuml;r", 
    "raw_text": "These annotations give the list of nuggets covered by each sentence in each citation summary, which are equivalent to the summarization content unit (SCU) as described in (Nenkova and Passonneau, 2004)", 
    "clean_text": "These annotations give the list of nuggets covered by each sentence in each citation summary, which are equivalent to the summarization content unit (SCU) as described in (Nenkova and Passonneau, 2004).", 
    "keep_for_gold": 0
  }, 
  {
    "citance_No": 6, 
    "citing_paper_id": "N09-1070", 
    "citing_paper_authority": 11, 
    "citing_paper_authors": "Feifan, Liu | Deana, Pennell | Fei, Liu | Yang, Liu", 
    "raw_text": "The second metric we use is similar to Pyramid (Nenkova and Passonneau, 2004), which has been used for summarization evaluation", 
    "clean_text": "The second metric we use is similar to Pyramid (Nenkova and Passonneau, 2004), which has been used for summarization evaluation.", 
    "keep_for_gold": 0
  }, 
  {
    "citance_No": 7, 
    "citing_paper_id": "N07-2055", 
    "citing_paper_authority": 1, 
    "citing_paper_authors": "Liang, Zhou | Namhee, Kwon | Eduard, Hovy", 
    "raw_text": "In the PYRAMID scheme for manual evaluation of summaries (Nenkova and Passonneau, 2004), ma chine-generated summaries were compared with human-written ones at the nugget level", 
    "clean_text": "In the PYRAMID scheme for manual evaluation of summaries (Nenkova and Passonneau, 2004), machine-generated summaries were compared with human-written ones at the nugget level.", 
    "keep_for_gold": 0
  }, 
  {
    "citance_No": 8, 
    "citing_paper_id": "N07-2055", 
    "citing_paper_authority": 1, 
    "citing_paper_authors": "Liang, Zhou | Namhee, Kwon | Eduard, Hovy", 
    "raw_text": "2007), the PYRAMID framework (Nenkova and Passonneau, 2004) was used for manual summary evaluations", 
    "clean_text": "the PYRAMID framework (Nenkova and Passonneau, 2004) was used for manual summary evaluations.", 
    "keep_for_gold": 0
  }, 
  {
    "citance_No": 9, 
    "citing_paper_id": "D09-1032", 
    "citing_paper_authority": 9, 
    "citing_paper_authors": "Annie, Louis | Ani, Nenkova", 
    "raw_text": "Pyramid evaluation: The pyramid evaluation method (Nenkova and Passonneau, 2004) has been developed for reliable and diagnostic assessment of content selection quality in summarization and has been used in several large scale evaluations (Nenkova et al, 2007)", 
    "clean_text": "Pyramid evaluation: The pyramid evaluation method (Nenkova and Passonneau, 2004) has been developed for reliable and diagnostic assessment of content selection quality in summarization and has been used in several large scale evaluations (Nenkova et al, 2007).", 
    "keep_for_gold": 0
  }, 
  {
    "citance_No": 10, 
    "citing_paper_id": "P06-1108", 
    "citing_paper_authority": 0, 
    "citing_paper_authors": "Harry, Halpin | Johanna D., Moore", 
    "raw_text": "that are crucial details of the text that may have a variety of syntactic forms (Nenkova and Passonneau, 2004)", 
    "clean_text": "Paralleling work in summarization, it is hypothesized that the quality of a rewritten story can be defined by the presence or absence of 'semantic content units' that are crucial details of the text that may have a variety of syntactic forms (Nenkova and Passonneau, 2004).", 
    "keep_for_gold": 0
  }, 
  {
    "citance_No": 11, 
    "citing_paper_id": "N06-1057", 
    "citing_paper_authority": 15, 
    "citing_paper_authors": "Liang, Zhou | Chin-Yew, Lin | Dragos Stefan, Munteanu | Eduard, Hovy", 
    "raw_text": "Three most noticeable efforts in manual evaluation are SEE (Lin and Hovy, 2001), Factoid (Van Halteren and Teufel, 2003), and the Pyramid method (Nenkova and Passonneau, 2004)", 
    "clean_text": "Three most noticeable efforts in manual evaluation are SEE (Lin and Hovy, 2001), Factoid (Van Halteren and Teufel, 2003), and the Pyramid method (Nenkova and Passonneau, 2004).", 
    "keep_for_gold": 0
  }, 
  {
    "citance_No": 12, 
    "citing_paper_id": "N06-1057", 
    "citing_paper_authority": 15, 
    "citing_paper_authors": "Liang, Zhou | Chin-Yew, Lin | Dragos Stefan, Munteanu | Eduard, Hovy", 
    "raw_text": "This paraphrase matching process is observed in the Pyramid annotation procedure shown in (Nenkova and Passonneau, 2004) over three summary sets (10 summaries each)", 
    "clean_text": "This paraphrase matching process is observed in the Pyramid annotation procedure shown in (Nenkova and Passonneau, 2004) over three summary sets (10 summaries each).", 
    "keep_for_gold": 0
  }, 
  {
    "citance_No": 13, 
    "citing_paper_id": "N06-1057", 
    "citing_paper_authority": 15, 
    "citing_paper_authors": "Liang, Zhou | Chin-Yew, Lin | Dragos Stefan, Munteanu | Eduard, Hovy", 
    "raw_text": "We envisage that this claim is also valid for summary comparisons. From an in-depth analysis on the manually created SCUs of the DUC2003 summary set D30042 (Nenkova and Passonneau, 2004), we find that 54.48% of 1746 cases where a non-stop word from one SCU did not match with its supposedly human-aligned pairing SCUs are in need of some level of paraphrase matching support", 
    "clean_text": "From an in-depth analysis on the manually created SCUs of the DUC2003 summary set D30042 (Nenkova and Passonneau, 2004), we find that 54.48% of 1746 cases where a non-stop word from one SCU did not match with its supposedly human-aligned pairing SCUs are in need of some level of paraphrase matching support.", 
    "keep_for_gold": 0
  }, 
  {
    "citance_No": 14, 
    "citing_paper_id": "N07-1027", 
    "citing_paper_authority": 1, 
    "citing_paper_authors": "Jimmy, Lin", 
    "raw_text": "To assess the quality of system responses, we adopt the nugget-based methodology used previously for many types of complex questions (Voorhees, 2003), which shares similarities with the pyramid evaluation scheme used in summarization (Nenkova and Passonneau, 2004)", 
    "clean_text": "To assess the quality of system responses, we adopt the nugget-based methodology used previously for many types of complex questions (Voorhees, 2003), which shares similarities with the pyramid evaluation scheme used in summarization (Nenkova and Passonneau, 2004).", 
    "keep_for_gold": 0
  }, 
  {
    "citance_No": 15, 
    "citing_paper_id": "P11-1049", 
    "citing_paper_authority": 19, 
    "citing_paper_authors": "Taylor, Berg-Kirkpatrick | Dan, Gillick | Dan, Klein", 
    "raw_text": "Theyreport a marginal increase in the automatic word overlap metric ROUGE (Lin, 2004), but a decline in manual Pyramid (Nenkova and Passonneau, 2004)", 
    "clean_text": "They report a marginal increase in the automatic word overlap metric ROUGE (Lin, 2004), but a decline in manual Pyramid (Nenkova and Passonneau, 2004).", 
    "keep_for_gold": 0
  }, 
  {
    "citance_No": 16, 
    "citing_paper_id": "P11-1049", 
    "citing_paper_authority": 19, 
    "citing_paper_authors": "Taylor, Berg-Kirkpatrick | Dan, Gillick | Dan, Klein", 
    "raw_text": "Pyramid (Nenkova and Passonneau, 2004) is a manually evaluated measure of recall on facts or Semantic Content Units appearing in the reference summaries", 
    "clean_text": "Pyramid (Nenkova and Passonneau, 2004) is a manually evaluated measure of recall on facts or Semantic Content Units appearing in the reference summaries.", 
    "keep_for_gold": 0
  }, 
  {
    "citance_No": 17, 
    "citing_paper_id": "P07-2015", 
    "citing_paper_authority": 2, 
    "citing_paper_authors": "Maria, Fuentes Fort | Enrique, Alfonseca | Horacio, Rodr&iacute;quez", 
    "raw_text": "The pyramid method (Nenkova and Passonneau, 2004) addresses the problem by using multiple human summaries to create a gold-standard, 1http: //www-nlpir.nist.gov/projects/duc/ and by exploiting the frequency of information in the human summaries in order to assign importance to different facts", 
    "clean_text": "The pyramid method (Nenkova and Passonneau, 2004) addresses the problem by using multiple human summaries to create a gold-standard.", 
    "keep_for_gold": 0
  }, 
  {
    "citance_No": 18, 
    "citing_paper_id": "W05-0906", 
    "citing_paper_authority": 2, 
    "citing_paper_authors": "Jimmy, Lin | Dina, Demner-Fushman", 
    "raw_text": "As an example, the Pyramid Method (Nenkova and Passonneau, 2004), represents a good first attempt at a realistic model of human variations", 
    "clean_text": "As an example, the Pyramid Method (Nenkova and Passonneau, 2004), represents a good first attempt at a realistic model of human variations.", 
    "keep_for_gold": 0
  }, 
  {
    "citance_No": 19, 
    "citing_paper_id": "P12-1106", 
    "citing_paper_authority": 0, 
    "citing_paper_authors": "Ziheng, Lin | Chang, Liu | Hwee Tou, Ng | Min-Yen, Kan", 
    "raw_text": "Nenkova and Passonneau (2004) proposed a manual evaluation method that was based on the idea that there is no single best model summary for a collection of documents", 
    "clean_text": "Nenkova and Passonneau (2004) proposed a manual evaluation method that was based on the idea that there is no single best model summary for a collection of documents.", 
    "keep_for_gold": 1
  }, 
  {
    "citance_No": 20, 
    "citing_paper_id": "C10-2122", 
    "citing_paper_authority": 6, 
    "citing_paper_authors": "Horacio, Saggion | Juan-Manuel, Torres-Moreno | Iria, da Cunha | Eric, SanJuan | Patricia, Velazquez-Morales", 
    "raw_text": "In recent years the Pyramidsevaluation method (Nenkova and Passonneau, 2004) was introduced", 
    "clean_text": "In recent years the Pyramids evaluation method (Nenkova and Passonneau, 2004) was introduced.", 
    "keep_for_gold": 0
  }
]
