[
  {
    "citance_No": 1, 
    "citing_paper_id": "P98-1045", 
    "citing_paper_authority": 5, 
    "citing_paper_authors": "Alessandro, Cucchiarelli | Danilo, Luzi | Paola, Velardi", 
    "raw_text": "The only exception is in (Wacholder et al 1997) where the reported performance for the sole semantic disambiguation task of PNs is 79%", 
    "clean_text": "The only exception is in (Wacholder et al 1997) where the reported performance for the sole semantic disambiguation task of PNs is 79%.", 
    "keep_for_gold": 0
  }, 
  {
    "citance_No": 2, 
    "citing_paper_id": "I08-1071", 
    "citing_paper_authority": 2, 
    "citing_paper_authors": "Wisam, Dakka | Silviu, Cucerzan", 
    "raw_text": "Since the introduction of this task in MUC-6 (Grishman and Sundheim, 1996), numerous systems using various ways of exploiting entity-specific and local context features were proposed, from relatively simple character based models such as Cucerzan and Yarowsky (2002) and Klein et al (2003) to complex models making use of various lexical, syntactic ,morpho logical, and orthographical information, such as Wacholder et al (1997), Fleischman and Hovy (2002), and Florian et al (2003)", 
    "clean_text": "Since the introduction of this task in MUC-6 (Grishman and Sundheim, 1996), numerous systems using various ways of exploiting entity-specific and local context features were proposed, from relatively simple character based models such as Cucerzan and Yarowsky (2002) and Klein et al (2003) to complex models making use of various lexical, syntactic ,morpho logical, and orthographical information, such as Wacholder et al (1997), Fleischman and Hovy (2002), and Florian et al (2003).", 
    "keep_for_gold": 0
  }, 
  {
    "citance_No": 3, 
    "citing_paper_id": "D07-1074", 
    "citing_paper_authority": 67, 
    "citing_paper_authors": "Silviu, Cucerzan", 
    "raw_text": "Ravin and Kazi (1999) further refined the method of solving co reference through measuring context similarity and integrated it into Nominator (Wacholder et al, 1997), which was one of the first successful systems for named entity recognition and co-reference resolution", 
    "clean_text": "Ravin and Kazi (1999) further refined the method of solving co-reference through measuring context similarity and integrated it into Nominator (Wacholder et al, 1997), which was one of the first successful systems for named entity recognition and co-reference resolution.", 
    "keep_for_gold": 0
  }, 
  {
    "citance_No": 4, 
    "citing_paper_id": "D07-1074", 
    "citing_paper_authority": 67, 
    "citing_paper_authors": "Silviu, Cucerzan", 
    "raw_text": "The entity identification and in-document co refer ence components resemble the Nominator system (Wacholder et al, 1997)", 
    "clean_text": "The entity identification and in-document co reference components resemble the Nominator system (Wacholder et al, 1997).", 
    "keep_for_gold": 0
  }, 
  {
    "citance_No": 5, 
    "citing_paper_id": "D07-1074", 
    "citing_paper_authority": 67, 
    "citing_paper_authors": "Silviu, Cucerzan", 
    "raw_text": "As Wacholder et al (1997) noted, it is fairly common for one of the mentions of an entity in a document to be a long, typical surface form of that entity (e.g.,? George W. Bush?), while the other mentions are shorter surface forms (e.g.,? Bush?)", 
    "clean_text": "As Wacholder et al (1997) noted, it is fairly common for one of the mentions of an entity in a document to be a long, typical surface form of that entity (e.g., George W. Bush), while the other mentions are shorter surface forms (e.g., Bush).", 
    "keep_for_gold": 0
  }, 
  {
    "citance_No": 6, 
    "citing_paper_id": "A00-1026", 
    "citing_paper_authority": 4, 
    "citing_paper_authors": "Thomas C., Rindflesch | Jayant V., Rajan | Lawrence, Hunter", 
    "raw_text": "(2) &lt; CCchemokine receptor 1& gt; BINDS &lt; leukocyte chemoattractant& gt; &lt; CCchemokine r ceptor 1& gt; BINDS &lt ;hematopoiesis regulator macrophage inflammatory protein1alpha& gt; &lt; CCchemokine r ceptor 1& gt; BINDS &lt; related CCchemokine& gt; Considerable interest in information extraction has concentrated on identifying named entities in text pertaining to current events (for example, Wacholder et al 1997, Voorhees and Harman 1998, and MUC-7); however, several recent efforts have been directed at biomolecular data (Blaschke t al. 1999, Craven and Kumlien 1999, and Rindflesch et al 2000, for example)", 
    "clean_text": "", 
    "keep_for_gold": 0
  }, 
  {
    "citance_No": 7, 
    "citing_paper_id": "N03-2024", 
    "citing_paper_authority": 13, 
    "citing_paper_authors": "Ani, Nenkova | Kathleen R., McKeown", 
    "raw_text": "We were interested in the occurrence of features such as type and number of premodifiers, presence and type of post modifiers, and form of name reference for people. We constructed a large, automatically annotated corpus by merging the output of Charniak? s statistical parser (Charniak, 2000) with that of the IBM named entity recognition system Nominator (Wacholder et al,1997)", 
    "clean_text": "We constructed a large, automatically annotated corpus by merging the output of Charniak's statistical parser (Charniak, 2000) with that of the IBM named entity recognition system Nominator (Wacholder et al,1997).", 
    "keep_for_gold": 0
  }, 
  {
    "citance_No": 8, 
    "citing_paper_id": "C02-1130", 
    "citing_paper_authority": 20, 
    "citing_paper_authors": "Michael, Fleischman | Eduard, Hovy", 
    "raw_text": "Wacholder et al (1997) use hand-written rules and knowledge bases to classify proper names into broad categories", 
    "clean_text": "Wacholder et al (1997) use hand-written rules and knowledge bases to classify proper names into broad categories.", 
    "keep_for_gold": 1
  }, 
  {
    "citance_No": 9, 
    "citing_paper_id": "W03-0405", 
    "citing_paper_authority": 43, 
    "citing_paper_authors": "Gideon S., Mann | David, Yarowsky", 
    "raw_text": "Approaches to this problem include Wacholder et al (1997), focusing on the variation of surface name for a given referent, and Smith and Crane (2002), resolving geographic name ambiguity", 
    "clean_text": "Approaches to this problem include Wacholder et al (1997), focusing on the variation of surface name for a given referent, and Smith and Crane (2002), resolving geographic name ambiguity.", 
    "keep_for_gold": 0
  }, 
  {
    "citance_No": 10, 
    "citing_paper_id": "W03-0428", 
    "citing_paper_authority": 25, 
    "citing_paper_authors": "Dan, Klein | Joseph, Smarr | Huy, Nguyen | Christopher D., Manning", 
    "raw_text": "A common approach is to extract word-internal features from unknown words, for example suffix, capitalization, or punctuation features (Mikheev, 1997, Wacholder et al, 1997, Bikel et al, 1997)", 
    "clean_text": "A common approach is to extract word-internal features from unknown words, for example suffix, capitalization, or punctuation features (Mikheev, 1997, Wacholder et al, 1997, Bikel et al, 1997).", 
    "keep_for_gold": 0
  }
]
