[
  {
    "citance_No": 1, 
    "citing_paper_id": "W11-2153", 
    "citing_paper_authority": 2, 
    "citing_paper_authors": "Martin, Popel | David, Mare&#x10D;ek | Nathan, Green | Zden&#x11B;k, &#x17D;abokrtsk&yacute;", 
    "raw_text": "The present paper deals with five parsers evaluated within the translation frame work: three genuine dependency parsers, namely the parsers described in (McDonald et al, 2005), (Nivre et al, 2007), and (Zhang and Nivre, 2011), and two constituency parsers (Charniak and Johnson, 2005) and (Klein and Manning, 2003), whose outputs we reconverted to dependency structures by Penn Converter (Johansson and Nugues, 2007)", 
    "clean_text": "The present paper deals with five parsers evaluated within the translation frame work: three genuine dependency parsers, namely the parsers described in (McDonald et al, 2005), (Nivre et al, 2007), and (Zhang and Nivre, 2011), and two constituency parsers (Charniak and Johnson, 2005) and (Klein and Manning, 2003), whose outputs we reconverted to dependency structures by Penn Converter (Johansson and Nugues, 2007).", 
    "keep_for_gold": 0
  }, 
  {
    "citance_No": 2, 
    "citing_paper_id": "W11-2153", 
    "citing_paper_authority": 2, 
    "citing_paper_authors": "Martin, Popel | David, Mare&#x10D;ek | Nathan, Green | Zden&#x11B;k, &#x17D;abokrtsk&yacute;", 
    "raw_text": "ZPar? Zparparser7 which is basically an alternative implementation of the Malt parser, employing a richer set of non-local features as described by Zhang and Nivre (2011)", 
    "clean_text": "ZPar - Zpar parser which is basically an alternative implementation of the Malt parser, employing a richer set of non-local features as described by Zhang and Nivre (2011).", 
    "keep_for_gold": 0
  }, 
  {
    "citance_No": 3, 
    "citing_paper_id": "P14-1125", 
    "citing_paper_authority": 3, 
    "citing_paper_authors": "Meishan, Zhang | Yue, Zhang | Wanxiang, Che | Ting, Liu", 
    "raw_text": "The dependency parsing features are taken from the work of Zhang and Nivre (2011), and the features for joint word segmentation and POS-tagging are taken from Zhang and Clark (2010) 1. The word-level dependency parsing fea-", 
    "clean_text": "The dependency parsing features are taken from the work of Zhang and Nivre (2011), and the features for joint word segmentation and POS-tagging are taken from Zhang and Clark (2010).", 
    "keep_for_gold": 0
  }, 
  {
    "citance_No": 4, 
    "citing_paper_id": "P14-1125", 
    "citing_paper_authority": 3, 
    "citing_paper_authors": "Meishan, Zhang | Yue, Zhang | Wanxiang, Che | Ting, Liu", 
    "raw_text": "(Zhang and Nivre, 2011)", 
    "clean_text": "", 
    "keep_for_gold": 0
  }, 
  {
    "citance_No": 5, 
    "citing_paper_id": "P13-2019", 
    "citing_paper_authority": 1, 
    "citing_paper_authors": "Guangyou, Zhou | Jun, Zhao", 
    "raw_text": "107 Type Systems UAS DA D Duan et al (2007) 83.88 84.36 Huang and Sagae (2010) 85.20 85.52Zhang and Nivre (2011) 86.0 C Zhang and Clark (2008) 86.21Bohnet and Kuhn (2012) 87.5 H Li et al (2012) 86.44 -Ours 85.88 86.52 S Chen et al (2009) 86.70 Table 3: Comparison of different approaches on CTB5 test set", 
    "clean_text": "", 
    "keep_for_gold": 0
  }, 
  {
    "citance_No": 6, 
    "citing_paper_id": "P13-2019", 
    "citing_paper_authority": 1, 
    "citing_paper_authors": "Guangyou, Zhou | Jun, Zhao", 
    "raw_text": "We report the experimental results on CTB5 test set in Table 4. Our results are better than most systems on this data split, except Zhang and Nivre (2011), Li et al (2012) and Chen et al (2009)", 
    "clean_text": "Our results are better than most systems on this data split, except Zhang and Nivre (2011), Li et al (2012) and Chen et al (2009).", 
    "keep_for_gold": 0
  }, 
  {
    "citance_No": 7, 
    "citing_paper_id": "P13-2111", 
    "citing_paper_authority": 4, 
    "citing_paper_authors": "Yoav, Goldberg | Kai, Zhao | Liang, Huang", 
    "raw_text": "d is treated as a constant by Huang and Sagae but actually it could be a variable.documented Python implementation for the labeled arc-eager system with the rich feature set of Zhang and Nivre (2011) is available on the first author? s homepage", 
    "clean_text": "Python implementation for the labeled arc-eager system with the rich feature set of Zhang and Nivre (2011) is available on the first author's homepage.", 
    "keep_for_gold": 0
  }, 
  {
    "citance_No": 8, 
    "citing_paper_id": "P13-2111", 
    "citing_paper_authority": 4, 
    "citing_paper_authors": "Yoav, Goldberg | Kai, Zhao | Liang, Huang", 
    "raw_text": "ArcS use feature set of Huang and Sagae (2010) (50 templates), and ArcE that of Zhang and Nivre (2011) (72 templates) .As parsing time is dominated by score computation, the effect is too small to be measured on natural language sentences, but it is noticeable for longer sentences", 
    "clean_text": "ArcS use feature set of Huang and Sagae (2010) (50 templates), and ArcE that of Zhang and Nivre (2011) (72 templates).", 
    "keep_for_gold": 0
  }, 
  {
    "citance_No": 9, 
    "citing_paper_id": "P12-1071", 
    "citing_paper_authority": 6, 
    "citing_paper_authors": "Zhenghua, Li | Ting, Liu | Wanxiang, Che", 
    "raw_text": "Li11 refers to the second-order graph-based model of Li et al (2011), whereas Z& amp; N11 is the feature-rich transition-based model of Zhang and Nivre (2011) .At this point, both CTB5 and CTB6 contain dependency structures conforming to the style of CDT", 
    "clean_text": "Li11 refers to the second-order graph-based model of Li et al (2011), whereas Z&N11 is the feature-rich transition-based model of Zhang and Nivre (2011).", 
    "keep_for_gold": 0
  }, 
  {
    "citance_No": 10, 
    "citing_paper_id": "P12-1110", 
    "citing_paper_authority": 8, 
    "citing_paper_authors": "Jun, Hatori | Takuya, Matsuzaki | Yusuke, Miyao | Jun'ichi, Tsujii", 
    "raw_text": "More efficient decoding would also allow the use of the look-ahead features (Hatori et al, 2011) and richer parsing features (Zhang and Nivre, 2011) .Acknowledgement We are grateful to the anonymous reviewers for their comments and suggestions, and to Xianchao Wu, Kun Yu, Pontus Stenetorp, and Shinsuke Mori for their helpful feedback", 
    "clean_text": "More efficient decoding would also allow the use of the look-ahead features (Hatori et al, 2011) and richer parsing features (Zhang and Nivre, 2011).", 
    "keep_for_gold": 0
  }, 
  {
    "citance_No": 11, 
    "citing_paper_id": "D12-1030", 
    "citing_paper_authority": 14, 
    "citing_paper_authors": "Hao, Zhang | Ryan, McDonald", 
    "raw_text": "Additionally, we look at higher-order dependency arc label features, which is novel to graph-based parsing, though commonly exploited in transition-based parsing (Zhang and Nivre, 2011)", 
    "clean_text": "Additionally, we look at higher-order dependency arc label features, which is novel to graph-based parsing, though commonly exploited in transition-based parsing (Zhang and Nivre, 2011).", 
    "keep_for_gold": 0
  }, 
  {
    "citance_No": 12, 
    "citing_paper_id": "D12-1030", 
    "citing_paper_authority": 14, 
    "citing_paper_authors": "Hao, Zhang | Ryan, McDonald", 
    "raw_text": "The speed of our parser is 220 tokens per second, which is over 4times faster than an exact third-order parser that at Figure 1: Example Sentence.tains UAS of 92.81% and comparable to the state-of the-art transition-based system of Zhang and Nivre (2011) that employs beam search", 
    "clean_text": "The speed of our parser is 220 tokens per second, which is over 4 times faster than an exact third-order parser that at Figure 1: Example Sentence.tains UAS of 92.81% and comparable to the state-of the-art transition-based system of Zhang and Nivre (2011) that employs beam search.", 
    "keep_for_gold": 0
  }, 
  {
    "citance_No": 13, 
    "citing_paper_id": "D12-1030", 
    "citing_paper_authority": 14, 
    "citing_paper_authors": "Hao, Zhang | Ryan, McDonald", 
    "raw_text": "We compare our method to a state-of-the-art graph-based parser (Koo and Collins, 2010) as well as a state-of-the-art transition-based parser that uses a beam (Zhang and Nivre, 2011) and the dynamic programming transition-based parser of Huang and Sagae (2010) .Additionally, we compare to our own implementation of exact first to third-order graph-based parsing and the transition-based system of Zhang and Nivre (2011) with varying beam sizes", 
    "clean_text": "We compare our method to a state-of-the-art graph-based parser (Koo and Collins, 2010) as well as a state-of-the-art transition-based parser that uses a beam (Zhang and Nivre, 2011) and the dynamic programming transition-based parser of Huang and Sagae (2010). Additionally, we compare to our own implementation of exact first to third-order graph-based parsing and the transition-based system of Zhang and Nivre (2011) with varying beam sizes.", 
    "keep_for_gold": 0
  }, 
  {
    "citance_No": 14, 
    "citing_paper_id": "D12-1030", 
    "citing_paper_authority": 14, 
    "citing_paper_authors": "Hao, Zhang | Ryan, McDonald", 
    "raw_text": "We also report results for a re-implementation of exact first to third-order graph-based parsing and a re implementation of Zhang and Nivre (2011) in order to compare parser speed", 
    "clean_text": "We also report results for a re-implementation of exact first to third-order graph-based parsing and a re-implementation of Zhang and Nivre (2011) in order to compare parser speed.", 
    "keep_for_gold": 0
  }, 
  {
    "citance_No": 15, 
    "citing_paper_id": "D12-1030", 
    "citing_paper_authority": 14, 
    "citing_paper_authors": "Hao, Zhang | Ryan, McDonald", 
    "raw_text": "Second, at a similar toks/sec parser speed, our method achieves better performance than the transition-based model of Zhang and Nivre (2011) with a beam of 256", 
    "clean_text": "Second, at a similar toks/sec parser speed, our method achieves better performance than the transition-based model of Zhang and Nivre (2011) with a beam of 256.", 
    "keep_for_gold": 0
  }, 
  {
    "citance_No": 16, 
    "citing_paper_id": "D12-1030", 
    "citing_paper_authority": 14, 
    "citing_paper_authors": "Hao, Zhang | Ryan, McDonald", 
    "raw_text": "Here we use the identical training/validation/evaluation splits and experimental set-up as Zhang and Nivre (2011)", 
    "clean_text": "Here we use the identical training/validation/evaluation splits and experimental set-up as Zhang and Nivre (2011).", 
    "keep_for_gold": 0
  }, 
  {
    "citance_No": 17, 
    "citing_paper_id": "D12-1030", 
    "citing_paper_authority": 14, 
    "citing_paper_authors": "Hao, Zhang | Ryan, McDonald", 
    "raw_text": "Here we compare to our re-implementations of Zhang and Nivre (2011), exact first to third-order parsing and Rush and Petrov (2012) for the data sets in which they reported results", 
    "clean_text": "Here we compare to our re-implementations of Zhang and Nivre (2011), exact first to third-order parsing and Rush and Petrov (2012) for the data sets in which they reported results.", 
    "keep_for_gold": 0
  }, 
  {
    "citance_No": 18, 
    "citing_paper_id": "D12-1030", 
    "citing_paper_authority": 14, 
    "citing_paper_authors": "Hao, Zhang | Ryan, McDonald", 
    "raw_text": "Zhang and Nivre is a reimplementation of Zhang and Nivre (2011) with beams of size 64 and 256", 
    "clean_text": "Zhang and Nivre is a reimplementation of Zhang and Nivre (2011) with beams of size 64 and 256.", 
    "keep_for_gold": 0
  }, 
  {
    "citance_No": 19, 
    "citing_paper_id": "D12-1030", 
    "citing_paper_authority": 14, 
    "citing_paper_authors": "Hao, Zhang | Ryan, McDonald", 
    "raw_text": "? For reference, Zhang and Nivre (2011) report 86.0/84.4, which is previously the best result reported on this data set", 
    "clean_text": "For reference, Zhang and Nivre (2011) report 86.0/84.4, which is previously the best result reported on this data set.", 
    "keep_for_gold": 0
  }, 
  {
    "citance_No": 20, 
    "citing_paper_id": "P13-1014", 
    "citing_paper_authority": 2, 
    "citing_paper_authors": "Francesco, Sartorio | Giorgio, Satta | Joakim, Nivre", 
    "raw_text": "Our feature template is an extended version of the feature template of Zhang and Nivre (2011) ,originally developed for the arc-eager model", 
    "clean_text": "Our feature template is an extended version of the feature template of Zhang and Nivre (2011), originally developed for the arc-eager model.", 
    "keep_for_gold": 1
  }
]
