[
  {
    "citance_No": 1, 
    "citing_paper_id": "N12-1093", 
    "citing_paper_authority": 7, 
    "citing_paper_authors": "Ioannis, Konstas | Mirella, Lapata", 
    "raw_text": "We used the dataset introduced in Zettlemoyer and Collins (2007) 4 and automatically converted their lambda-calculus expressions to attribute-value pairs following the conventions adopted by Liang et al (2009)", 
    "clean_text": "We used the dataset introduced in Zettlemoyer and Collins (2007) and automatically converted their lambda-calculus expressions to attribute-value pairs following the conventions adopted by Liang et al (2009).", 
    "keep_for_gold": 0
  }, 
  {
    "citance_No": 2, 
    "citing_paper_id": "N12-1093", 
    "citing_paper_authority": 7, 
    "citing_paper_authors": "Ioannis, Konstas | Mirella, Lapata", 
    "raw_text": "Following Zettlemoyer and Collins (2007), we trained on 4,962 scenarios and tested on ATIS NOV93 which contains 448 examples. Model Parameters Our model has two parameters, namely the number of k grammar derivations considered by the decoder and the order of the language model", 
    "clean_text": "Following Zettlemoyer and Collins (2007), we trained on 4,962 scenarios and tested on ATIS NOV93 which contains 448 examples.", 
    "keep_for_gold": 0
  }, 
  {
    "citance_No": 3, 
    "citing_paper_id": "W10-2903", 
    "citing_paper_authority": 34, 
    "citing_paper_authors": "James, Clarke | Dan, Goldwasser | Ming-Wei, Chang | Dan, Roth", 
    "raw_text": "In order to provide an initial starting point, we initialize the weight vector using a similar procedure to the one used in (Zettlemoyer and Collins, 2007) to set weights for three features and a bias term", 
    "clean_text": "In order to provide an initial starting point, we initialize the weight vector using a similar procedure to the one used in (Zettlemoyer and Collins, 2007) to set weights for three features and a bias term.", 
    "keep_for_gold": 0
  }, 
  {
    "citance_No": 4, 
    "citing_paper_id": "C10-1053", 
    "citing_paper_authority": 2, 
    "citing_paper_authors": "Julia, Hockenmaier | Yonatan, Bisk", 
    "raw_text": "This can create problems for applications based on CCG ,e.g. for the induction of stochastic CCGs from text annotated with logical forms (Zettlemoyerand Collins, 2007), where spreading probability mass over equivalent derivations should be avoided", 
    "clean_text": "This can create problems for applications based on CCG, e.g. for the induction of stochastic CCGs from text annotated with logical forms (Zettlemoyerand Collins, 2007), where spreading probability mass over equivalent derivations should be avoided.", 
    "keep_for_gold": 0
  }, 
  {
    "citance_No": 5, 
    "citing_paper_id": "P13-1009", 
    "citing_paper_authority": 1, 
    "citing_paper_authors": "Gabor, Angeli | Jakob, Uszkoreit", 
    "raw_text": "(2005), Zettlemoyer and Collins (2007), inter alia", 
    "clean_text": "", 
    "keep_for_gold": 0
  }, 
  {
    "citance_No": 6, 
    "citing_paper_id": "P13-1009", 
    "citing_paper_authority": 1, 
    "citing_paper_authors": "Gabor, Angeli | Jakob, Uszkoreit", 
    "raw_text": "For example, Zettlemoyer and Collins (2007) learn a mapping from textual queries to a logical form", 
    "clean_text": "For example, Zettlemoyer and Collins (2007) learn a mapping from textual queries to a logical form.", 
    "keep_for_gold": 0
  }, 
  {
    "citance_No": 7, 
    "citing_paper_id": "P13-1092", 
    "citing_paper_authority": 6, 
    "citing_paper_authors": "Hoifung, Poon", 
    "raw_text": "We evaluated GUSP on end-to-end question answering using the ATIS dataset for semantic parsing (Zettlemoyer and Collins, 2007)", 
    "clean_text": "We evaluated GUSP on end-to-end question answering using the ATIS dataset for semantic parsing (Zettlemoyer and Collins, 2007).", 
    "keep_for_gold": 1
  }, 
  {
    "citance_No": 8, 
    "citing_paper_id": "P13-1092", 
    "citing_paper_authority": 6, 
    "citing_paper_authors": "Hoifung, Poon", 
    "raw_text": "For example, Zettlemoyer and Collins (2007) used a predicate from (f, c) to signify that flight f starts from city c. In the ATIS database, however, this amounts to a path of three joins :flight.from airport-airport airport-airport service airport service-city In GUSP, this is represented by the ed gestate flight-flight.from airport -airport-airport service-city", 
    "clean_text": "For example, Zettlemoyer and Collins (2007) used a predicate from (f, c) to signify that flight f starts from city c.", 
    "keep_for_gold": 0
  }, 
  {
    "citance_No": 9, 
    "citing_paper_id": "W09-0508", 
    "citing_paper_authority": 0, 
    "citing_paper_authors": "Pierre, Lison | Geert-Jan M., Kruijff", 
    "raw_text": "Our starting point is the work done by Zettlemoyer and Collins on parsing using relaxed CCG grammars (Zettlemoyer and Collins, 2007) (ZC07)", 
    "clean_text": "Our starting point is the work done by Zettlemoyer and Collins on parsing using relaxed CCG grammars (Zettlemoyer and Collins, 2007) (ZC07).", 
    "keep_for_gold": 0
  }, 
  {
    "citance_No": 10, 
    "citing_paper_id": "W09-0508", 
    "citing_paper_authority": 0, 
    "citing_paper_authors": "Pierre, Lison | Geert-Jan M., Kruijff", 
    "raw_text": "Practically, the grammar relaxation is done via the introduction of non-standard CCG rules (Zettlemoyer and Collins, 2007)", 
    "clean_text": "Practically, the grammar relaxation is done via the introduction of non-standard CCG rules (Zettlemoyer and Collins, 2007).", 
    "keep_for_gold": 0
  }, 
  {
    "citance_No": 11, 
    "citing_paper_id": "P09-1110", 
    "citing_paper_authority": 29, 
    "citing_paper_authors": "Luke, Zettlemoyer | Michael John, Collins", 
    "raw_text": "We use the set developed by Zettlemoyer and Collins (2007), which includes features that are sensitive to lexical choices and the structure of the logical form that is constructed", 
    "clean_text": "We use the set developed by Zettlemoyer and Collins (2007), which includes features that are sensitive to lexical choices and the structure of the logical form that is constructed.", 
    "keep_for_gold": 1
  }, 
  {
    "citance_No": 12, 
    "citing_paper_id": "P09-1110", 
    "citing_paper_authority": 29, 
    "citing_paper_authors": "Luke, Zettlemoyer | Michael John, Collins", 
    "raw_text": "See the discussion by Zettlemoyer and Collins (2007) (ZC07) for the full details. Initialization and Parameters The CCG lexicon is hand engineered", 
    "clean_text": "See the discussion by Zettlemoyer and Collins (2007) (ZC07) for the full details.", 
    "keep_for_gold": 0
  }, 
  {
    "citance_No": 13, 
    "citing_paper_id": "W11-0105", 
    "citing_paper_authority": 0, 
    "citing_paper_authors": "Chitta, Baral | Juraj, Dzifcak | Marcos Alvarez, Gonzalez | Jiayu, Zhou", 
    "raw_text": "These include the following works: Zettlemoyer and Collins (2005), Kate and Mooney (2006), Wong and Mooney (2006), Wong and Mooney (2007), Lu et al (2008), Zettlemoyer and Collins (2007) and Ge and Mooney (2009)", 
    "clean_text": "", 
    "keep_for_gold": 0
  }, 
  {
    "citance_No": 14, 
    "citing_paper_id": "W11-0105", 
    "citing_paper_authority": 0, 
    "citing_paper_authors": "Chitta, Baral | Juraj, Dzifcak | Marcos Alvarez, Gonzalez | Jiayu, Zhou", 
    "raw_text": "The later work of Zettlemoyer and Collins (2007), also uses hand crafted rules", 
    "clean_text": "The later work of Zettlemoyer and Collins (2007), also uses hand crafted rules.", 
    "keep_for_gold": 0
  }, 
  {
    "citance_No": 15, 
    "citing_paper_id": "W11-0105", 
    "citing_paper_authority": 0, 
    "citing_paper_authors": "Chitta, Baral | Juraj, Dzifcak | Marcos Alvarez, Gonzalez | Jiayu, Zhou", 
    "raw_text": "The systems that we compared with are: The SYN0, SYN20 and GOLDSYN systems by Ge and Mooney (2009), the system SCISSOR by Ge and Mooney (2005), an SVM based system KRIPS by Kate and Mooney (2006), a synchronous grammar based system WASP by Wong and Mooney (2007), the CCG based system by Zettlemoyer and Collins (2007) and the work by Lu et al (2008)", 
    "clean_text": "The systems that we compared with are: The SYN0, SYN20 and GOLDSYN systems by Ge and Mooney (2009), the system SCISSOR by Ge and Mooney (2005), an SVM based system KRIPS by Kate and Mooney (2006), a synchronous grammar based system WASP by Wong and Mooney (2007), the CCG based system by Zettlemoyer and Collins (2007) and the work by Lu et al (2008).", 
    "keep_for_gold": 0
  }, 
  {
    "citance_No": 16, 
    "citing_paper_id": "D11-1039", 
    "citing_paper_authority": 18, 
    "citing_paper_authors": "Yoav, Artzi | Luke, Zettlemoyer", 
    "raw_text": "We make use of the standard application, composition and coordination combinators, as well as type-shifting rules introduced by Zettlemoyer and Collins (2007) to model spontaneous, unedited text", 
    "clean_text": "We make use of the standard application, composition and coordination combinators, as well as type-shifting rules introduced by Zettlemoyer and Collins (2007) to model spontaneous, unedited text.", 
    "keep_for_gold": 1
  }, 
  {
    "citance_No": 17, 
    "citing_paper_id": "D11-1039", 
    "citing_paper_authority": 18, 
    "citing_paper_authors": "Yoav, Artzi | Luke, Zettlemoyer", 
    "raw_text": "We follow the setup of Zettlemoyerand Collins (2007) where possible, including feature design, initialization of the semantic parser, and evaluation metrics, as reviewed below. Features and Parser The features include indicators for lexical item use, properties of the logical form that is being constructed, and indicators for parsing operators used to build the tree", 
    "clean_text": "We follow the setup of Zettlemoyerand Collins (2007) where possible, including feature design, initialization of the semantic parser, and evaluation metrics, as reviewed below.", 
    "keep_for_gold": 0
  }, 
  {
    "citance_No": 18, 
    "citing_paper_id": "N12-1049", 
    "citing_paper_authority": 5, 
    "citing_paper_authors": "Gabor, Angeli | Christopher D., Manning | Daniel, Jurafsky", 
    "raw_text": "The matching times can be thought of as analogous to the entities in a logical model which satisfy a given expression. Supervised approaches to logical parsing prominently include Zelle and Mooney (1996), Zettlemoyer and Collins (2005), Kate et al (2005), Zettlemoyer and Collins (2007), inter alia", 
    "clean_text": "", 
    "keep_for_gold": 0
  }, 
  {
    "citance_No": 19, 
    "citing_paper_id": "N12-1049", 
    "citing_paper_authority": 5, 
    "citing_paper_authors": "Gabor, Angeli | Christopher D., Manning | Daniel, Jurafsky", 
    "raw_text": "For example, Zettlemoyer and Collins (2007) learn a mapping from textual queries to a logical form", 
    "clean_text": "For example, Zettlemoyer and Collins (2007) learn a mapping from textual queries to a logical form.", 
    "keep_for_gold": 0
  }, 
  {
    "citance_No": 20, 
    "citing_paper_id": "P12-1039", 
    "citing_paper_authority": 13, 
    "citing_paper_authors": "Ioannis, Konstas | Mirella, Lapata", 
    "raw_text": "Following Zettlemoyer and Collins (2007), we trained on 4,962 scenarios and tested on ATIS NOV93 which contains 448 examples", 
    "clean_text": "Following Zettlemoyer and Collins (2007), we trained on 4,962 scenarios and tested on ATIS NOV93 which contains 448 examples.", 
    "keep_for_gold": 0
  }
]
