[
  {
    "citance_No": 1, 
    "citing_paper_id": "W09-0409", 
    "citing_paper_authority": 4, 
    "citing_paper_authors": "Antti-Veikko I., Rosti | Bing, Zhang | Spyros, Matsoukas | Richard M., Schwartz", 
    "raw_text": "Recently, Snover et al (2009) extended the TER algorithm in a similar fashion to produce a new evaluation metric, TER plus (TERp), which allows tuning of the edit costs in order to maximize correlation with human judgment", 
    "clean_text": "Recently, Snover et al (2009) extended the TER algorithm in a similar fashion to produce a new evaluation metric, TER plus (TERp), which allows tuning of the edit costs in order to maximize correlation with human judgment.", 
    "keep_for_gold": 1
  }, 
  {
    "citance_No": 2, 
    "citing_paper_id": "P13-2047", 
    "citing_paper_authority": 0, 
    "citing_paper_authors": "Pavel, Braslavski | Alexander, Beloborodov | Maxim, Khalilov | Serge, Sharoff", 
    "raw_text": "In addition to human evaluation, we also ran system-level automatic evaluations using BLEU (Papineni et al, 2001), NIST (Doddington, 2002), METEOR (Banerjee and Lavie, 2005), TER (Snover et al, 2009), and GTM (Turianetal., 2003)", 
    "clean_text": "In addition to human evaluation, we also ran system-level automatic evaluations using BLEU (Papineni et al, 2001), NIST (Doddington, 2002), METEOR (Banerjee and Lavie, 2005), TER (Snover et al, 2009), and GTM (Turianetal., 2003).", 
    "keep_for_gold": 0
  }, 
  {
    "citance_No": 3, 
    "citing_paper_id": "D12-1090", 
    "citing_paper_authority": 0, 
    "citing_paper_authors": "Mengqiu, Wang | Christopher D., Manning", 
    "raw_text": "The extended TER plus (Snover et al 2009) metric addresses the first problem but not the other two", 
    "clean_text": "The extended TER plus (Snover et al 2009) metric addresses the first problem but not the other two.", 
    "keep_for_gold": 0
  }, 
  {
    "citance_No": 4, 
    "citing_paper_id": "D12-1090", 
    "citing_paper_authority": 0, 
    "citing_paper_authors": "Mengqiu, Wang | Christopher D., Manning", 
    "raw_text": "Lemma is added later in the TERplus extension (Snover et al 2009)", 
    "clean_text": "Lemma is added later in the TERplus extension (Snover et al 2009).", 
    "keep_for_gold": 0
  }, 
  {
    "citance_No": 5, 
    "citing_paper_id": "W10-1751", 
    "citing_paper_authority": 14, 
    "citing_paper_authors": "Michael, Denkowski | Alon, Lavie", 
    "raw_text": "For further comparison, we tune a version of METEOR-NEXT using the TERp English paraphrase table (Snover et al, 2009) used by previous versions of the metric", 
    "clean_text": "", 
    "keep_for_gold": 0
  }, 
  {
    "citance_No": 6, 
    "citing_paper_id": "W10-1755", 
    "citing_paper_authority": 1, 
    "citing_paper_authors": "Billy, Wong | Chunyu, Kitt", 
    "raw_text": "Ef fort in this direction brings up some advanced metrics such as METEOR (Banerjee and Lavie, 2005) and TERp (Snover et al, 2009) that seem to have already achieved considerably strong correlations with human judgments", 
    "clean_text": "Effort in this direction brings up some advanced metrics such as METEOR (Banerjee and Lavie, 2005) and TERp (Snover et al, 2009) that seem to have already achieved considerably strong correlations with human judgments.", 
    "keep_for_gold": 0
  }, 
  {
    "citance_No": 7, 
    "citing_paper_id": "W12-3107", 
    "citing_paper_authority": 5, 
    "citing_paper_authors": "Mengqiu, Wang | Christopher D., Manning", 
    "raw_text": "The extended TER plus (Snover et al, 2009) metric addresses the first problem but not the other two", 
    "clean_text": "The extended TER plus (Snover et al, 2009) metric addresses the first problem but not the other two.", 
    "keep_for_gold": 0
  }, 
  {
    "citance_No": 8, 
    "citing_paper_id": "W12-3107", 
    "citing_paper_authority": 5, 
    "citing_paper_authors": "Mengqiu, Wang | Christopher D., Manning", 
    "raw_text": "Synonym relations are defined according to WordNet (Miller et al, 1990), and paraphrase matches are given by a lookup table use din TERplus (Snover et al, 2009)", 
    "clean_text": "Synonym relations are defined according to WordNet (Miller et al, 1990), and paraphrase matches are given by a lookup table use din TERplus (Snover et al, 2009).", 
    "keep_for_gold": 0
  }, 
  {
    "citance_No": 9, 
    "citing_paper_id": "W12-3107", 
    "citing_paper_authority": 5, 
    "citing_paper_authors": "Mengqiu, Wang | Christopher D., Manning", 
    "raw_text": "Lemma is added later in the TERplus extension (Snover et al, 2009)", 
    "clean_text": "Lemma is added later in the TERplus extension (Snover et al, 2009).", 
    "keep_for_gold": 0
  }, 
  {
    "citance_No": 10, 
    "citing_paper_id": "D10-1055", 
    "citing_paper_authority": 3, 
    "citing_paper_authors": "Dominic, Espinosa | Rajakrishnan, Rajkumar | Michael, White | Shoshana, Berleant", 
    "raw_text": "Additionally, the average scores for adequacy and fluency were themselves averaged into a single score, following (Snover et al, 2009), and the Spearman? s correlation of each of the automatic metrics with these scores are given in Table 4", 
    "clean_text": "Additionally, the average scores for adequacy and fluency were themselves averaged into a single score, following (Snover et al, 2009), and the Spearman's correlation of each of the automatic metrics with these scores are given in Table 4.", 
    "keep_for_gold": 0
  }, 
  {
    "citance_No": 11, 
    "citing_paper_id": "N12-1017", 
    "citing_paper_authority": 7, 
    "citing_paper_authors": "Markus, Dreyer | Daniel, Marcu", 
    "raw_text": "The quotient is lower under the automatic metrics Meteor (Version 1.3, (Denkowski and Lavie, 2011)), BLEU and TERp (Snover et al, 2009)", 
    "clean_text": "The quotient is lower under the automatic metrics Meteor (Version 1.3, (Denkowski and Lavie, 2011)), BLEU and TERp (Snover et al, 2009).", 
    "keep_for_gold": 0
  }, 
  {
    "citance_No": 12, 
    "citing_paper_id": "N10-1080", 
    "citing_paper_authority": 9, 
    "citing_paper_authors": "Daniel, Cer | Christopher D., Manning | Daniel, Jurafsky", 
    "raw_text": "TER= min edits avg ref length (4) TER-Plus (TERp) (Snover et al, 2009) extends TER by allowing the cost of edit operations to be tuned in order to maximize the metric? s agreement with human judgments", 
    "clean_text": "TER= min edits avg ref length (4) TER-Plus (TERp) (Snover et al, 2009) extends TER by allowing the cost of edit operations to be tuned in order to maximize the metric's agreement with human judgments.", 
    "keep_for_gold": 0
  }, 
  {
    "citance_No": 13, 
    "citing_paper_id": "W11-2121", 
    "citing_paper_authority": 3, 
    "citing_paper_authors": "Daguang, Xu | Yuan, Cao | Damianos, Karakos", 
    "raw_text": "However, instead of ITG alignments that were used in (Karakos et al, 2008), alignments based on TER-plus (Snover et al, 2009) were used now as the core system alignment algorithm", 
    "clean_text": "However, instead of ITG alignments that were used in (Karakos et al, 2008), alignments based on TER-plus (Snover et al, 2009) were used now as the core system alignment algorithm.", 
    "keep_for_gold": 0
  }, 
  {
    "citance_No": 14, 
    "citing_paper_id": "W11-2121", 
    "citing_paper_authority": 3, 
    "citing_paper_authors": "Daguang, Xu | Yuan, Cao | Damianos, Karakos", 
    "raw_text": "These operations relax the shifting constraints of TER; shifts are now allowed if the words of one string are synonyms or share the same stem as the words of the string they are compared to (Snover et al, 2009) .TER-plus identifies words with the same stem using the Porter stemming algorithm (Porter et al, 1980), and identifies synonyms using the WordNet database (Miller et al, 1995)", 
    "clean_text": "These operations relax the shifting constraints of TER; shifts are now allowed if the words of one string are synonyms or share the same stem as the words of the string they are compared to (Snover et al, 2009). TER-plus identifies words with the same stem using the Porter stemming algorithm (Porter et al, 1980), and identifies synonyms using the WordNet database (Miller et al, 1995).", 
    "keep_for_gold": 0
  }, 
  {
    "citance_No": 15, 
    "citing_paper_id": "P11-1134", 
    "citing_paper_authority": 19, 
    "citing_paper_authors": "Yashar, Mehdad | Matteo, Negri | Marcello, Federico", 
    "raw_text": "After the extraction, pruning techniques (Snover et al, 2009) can be applied to increase the precision of the extracted paraphrases", 
    "clean_text": "After the extraction, pruning techniques (Snover et al, 2009) can be applied to increase the precision of the extracted paraphrases.", 
    "keep_for_gold": 0
  }, 
  {
    "citance_No": 16, 
    "citing_paper_id": "W11-2111", 
    "citing_paper_authority": 5, 
    "citing_paper_authors": "Kristen, Parton | Joel R., Tetreault | Nitin, Madnani | Martin, Chodorow", 
    "raw_text": "TERp (Snover et al, 2009): Translation Edit", 
    "clean_text": "TERp (Snover et al, 2009): Translation Edit.", 
    "keep_for_gold": 0
  }, 
  {
    "citance_No": 17, 
    "citing_paper_id": "W11-2111", 
    "citing_paper_authority": 5, 
    "citing_paper_authors": "Kristen, Parton | Joel R., Tetreault | Nitin, Madnani | Martin, Chodorow", 
    "raw_text": "The scores were case-insensitive and edit costs from Snover et al (2009) were used to produce scores tuned for fluency and adequacy", 
    "clean_text": "The scores were case-insensitive and edit costs from Snover et al (2009) were used to produce scores tuned for fluency and adequacy.", 
    "keep_for_gold": 0
  }, 
  {
    "citance_No": 18, 
    "citing_paper_id": "W10-1748", 
    "citing_paper_authority": 10, 
    "citing_paper_authors": "Antti-Veikko I., Rosti | Bing, Zhang | Spyros, Matsoukas | Richard M., Schwartz", 
    "raw_text": "2http: //www.cs.umd.edu/ ?snover/tercom/ current version 0.7.25.3This algorithm is not equivalent to an incremental TER Plus (Snover et al, 2009) due to different shift constraints and the lack of paraphrase matching 30 1cat (1) 2sat (1) mat (1) (a) Skeleton hypothesis", 
    "clean_text": "This algorithm is not equivalent to an incremental TER Plus (Snover et al, 2009) due to different shift constraints and the lack of paraphrase matching 30 1cat (1) 2sat (1) mat (1) (a) Skeleton hypothesis.", 
    "keep_for_gold": 0
  }, 
  {
    "citance_No": 19, 
    "citing_paper_id": "D12-1097", 
    "citing_paper_authority": 6, 
    "citing_paper_authors": "Billy, Wong | Chunyu, Kit", 
    "raw_text": "Its automatic versions TER and TERp (Snover et al 2009), however, remain sentence based metrics", 
    "clean_text": "Its automatic versions TER and TERp (Snover et al 2009), however, remain sentence based metrics.", 
    "keep_for_gold": 0
  }, 
  {
    "citance_No": 20, 
    "citing_paper_id": "N10-2003", 
    "citing_paper_authority": 11, 
    "citing_paper_authors": "Daniel, Cer | Michel, Galley | Daniel, Jurafsky | Christopher D., Manning", 
    "raw_text": "Inaddition to the BLEU metric, models can be trained 11 to optimize other popular evaluation metrics such as METEOR (Lavie and Denkowski, 2009), TERp (Snover et al, 2009) ,mWER (Nie? en et al, 2000), and PER (Tillmann et al, 1997)", 
    "clean_text": "In addition to the BLEU metric, models can be trained to optimize other popular evaluation metrics such as METEOR (Lavie and Denkowski, 2009), TERp (Snover et al, 2009) ,mWER (Nieen et al, 2000), and PER (Tillmann et al, 1997).", 
    "keep_for_gold": 0
  }
]
