[
  {
    "citance_No": 1, 
    "citing_paper_id": "W07-1106", 
    "citing_paper_authority": 16, 
    "citing_paper_authors": "Paul, Cook | Afsaneh, Fazly | Suzanne, Stevenson", 
    "raw_text": "Suchtechniques either do not use any information regarding the linguistic properties of MWEs (Birkeand Sarkar, 2006), or mainly focus on their noncompositionality (Katz and Giesbrecht, 2006)", 
    "clean_text": "Such techniques either do not use any information regarding the linguistic properties of MWEs (Birke and Sarkar, 2006), or mainly focus on their noncompositionality (Katz and Giesbrecht, 2006).", 
    "keep_for_gold": 0
  }, 
  {
    "citance_No": 2, 
    "citing_paper_id": "W07-1106", 
    "citing_paper_authority": 16, 
    "citing_paper_authors": "Paul, Cook | Afsaneh, Fazly | Suzanne, Stevenson", 
    "raw_text": "Theidiomatic/literal token classification methods of Birke and Sarkar (2006) and Katz and Giesbrecht (2006) rely primarily on the local context of a to ken, and fail to exploit specific linguistic properties of non-literal language", 
    "clean_text": "The idiomatic/literal token classification methods of Birke and Sarkar (2006) and Katz and Giesbrecht (2006) rely primarily on the local context of a token, and fail to exploit specific linguistic properties of non-literal language.", 
    "keep_for_gold": 0
  }, 
  {
    "citance_No": 3, 
    "citing_paper_id": "D11-1063", 
    "citing_paper_authority": 22, 
    "citing_paper_authors": "Peter D., Turney | Yair, Neuman | Dan, Assaf | Yohai, Cohen", 
    "raw_text": "Identifying metaphorical word usage is important for reasoning about the implications of text. Past work on the problem of distinguishing literal and metaphorical senses has approached it as a classical word sense disambiguation (WSD) task (Birke and Sarkar, 2006)", 
    "clean_text": "Past work on the problem of distinguishing literal and metaphorical senses has approached it as a classical word sense disambiguation (WSD) task (Birke and Sarkar, 2006).", 
    "keep_for_gold": 0
  }, 
  {
    "citance_No": 4, 
    "citing_paper_id": "D11-1063", 
    "citing_paper_authority": 22, 
    "citing_paper_authors": "Peter D., Turney | Yair, Neuman | Dan, Assaf | Yohai, Cohen", 
    "raw_text": "A subset of twenty-five of the fifty verbs was used by Birke and Sarkar (2006)", 
    "clean_text": "A subset of twenty-five of the fifty verbs was used by Birke and Sarkar (2006).", 
    "keep_for_gold": 0
  }, 
  {
    "citance_No": 5, 
    "citing_paper_id": "D11-1063", 
    "citing_paper_authority": 22, 
    "citing_paper_authors": "Peter D., Turney | Yair, Neuman | Dan, Assaf | Yohai, Cohen", 
    "raw_text": "In our second experiment, we duplicate the setup of Birke and Sarkar (2006) so that we can compare our results with theirs", 
    "clean_text": "In our second experiment, we duplicate the setup of Birke and Sarkar (2006) so that we can compare our results with theirs.", 
    "keep_for_gold": 0
  }, 
  {
    "citance_No": 6, 
    "citing_paper_id": "D11-1063", 
    "citing_paper_authority": 22, 
    "citing_paper_authors": "Peter D., Turney | Yair, Neuman | Dan, Assaf | Yohai, Cohen", 
    "raw_text": "In the third experiment, we train the algorithm on the twenty-five new verbs that were not used by Birke and Sarkar (2006) and then we test it on the old verbs", 
    "clean_text": "In the third experiment, we train the algorithm on the twenty-five new verbs that were not used by Birke and Sarkar (2006) and then we test it on the old verbs.", 
    "keep_for_gold": 0
  }, 
  {
    "citance_No": 7, 
    "citing_paper_id": "D11-1063", 
    "citing_paper_authority": 22, 
    "citing_paper_authors": "Peter D., Turney | Yair, Neuman | Dan, Assaf | Yohai, Cohen", 
    "raw_text": "Birke and Sarkar (2006) explain their scoring as follows: Literal recall is defined as (correct literals in literal cluster/ total correct literals) .Literal precision is defined as (correct literals in literal cluster/ size of literal cluster)", 
    "clean_text": "Birke and Sarkar (2006) explain their scoring as follows: Literal recall is defined as (correct literals in literal cluster/ total correct literals); Literal precision is defined as (correct literals in literal cluster/ size of literal cluster).", 
    "keep_for_gold": 1
  }, 
  {
    "citance_No": 8, 
    "citing_paper_id": "D11-1063", 
    "citing_paper_authority": 22, 
    "citing_paper_authors": "Peter D., Turney | Yair, Neuman | Dan, Assaf | Yohai, Cohen", 
    "raw_text": "Birke-Sarkar 687 refers to the best result reported by Birke and Sarkar (2006), using a form of active learning", 
    "clean_text": "Birke-Sarkar refers to the best result reported by Birke and Sarkar (2006), using a form of active learning.", 
    "keep_for_gold": 0
  }, 
  {
    "citance_No": 9, 
    "citing_paper_id": "D11-1063", 
    "citing_paper_authority": 22, 
    "citing_paper_authors": "Peter D., Turney | Yair, Neuman | Dan, Assaf | Yohai, Cohen", 
    "raw_text": "NA indicates scores that were not calculated by Birke and Sarkar (2006)", 
    "clean_text": "NA indicates scores that were not calculated by Birke and Sarkar (2006).", 
    "keep_for_gold": 0
  }, 
  {
    "citance_No": 10, 
    "citing_paper_id": "D11-1063", 
    "citing_paper_authority": 22, 
    "citing_paper_authors": "Peter D., Turney | Yair, Neuman | Dan, Assaf | Yohai, Cohen", 
    "raw_text": "Instead of ten-fold cross-validation, we used the twenty-five verbs in Birke and Sarkar (2006) for testing (we call these the old verbs) and the other twenty-five verbs (the new verbs) for training", 
    "clean_text": "Instead of ten-fold cross-validation, we used the twenty-five verbs in Birke and Sarkar (2006) for testing (we call these the old verbs) and the other twenty-five verbs (the new verbs) for training.", 
    "keep_for_gold": 0
  }, 
  {
    "citance_No": 11, 
    "citing_paper_id": "D08-1104", 
    "citing_paper_authority": 4, 
    "citing_paper_authors": "Chikara, Hashimoto | Daisuke, Kawahara", 
    "raw_text": "In this regard, Birkeand Sarkar (2006) and Cook et al (2008) are notable exceptions", 
    "clean_text": "", 
    "keep_for_gold": 0
  }, 
  {
    "citance_No": 12, 
    "citing_paper_id": "D08-1104", 
    "citing_paper_authority": 4, 
    "citing_paper_authors": "Chikara, Hashimoto | Daisuke, Kawahara", 
    "raw_text": "Birke and Sarkar (2006) automatically constructed a corpus of English idiomatic expressions (words that can be used non-literally)", 
    "clean_text": "Birke and Sarkar (2006) automatically constructed a corpus of English idiomatic expressions (words that can be used non-literally).", 
    "keep_for_gold": 0
  }, 
  {
    "citance_No": 13, 
    "citing_paper_id": "D08-1104", 
    "citing_paper_authority": 4, 
    "citing_paper_authors": "Chikara, Hashimoto | Daisuke, Kawahara", 
    "raw_text": "Birke and Sarkar (2006) also used WSD", 
    "clean_text": "Birke and Sarkar (2006) also used WSD.", 
    "keep_for_gold": 0
  }, 
  {
    "citance_No": 14, 
    "citing_paper_id": "D08-1104", 
    "citing_paper_authority": 4, 
    "citing_paper_authors": "Chikara, Hashimoto | Daisuke, Kawahara", 
    "raw_text": "Also, the dataset of HSU came from newspaper articles, while our dataset came from the web. Birke and Sarkar (2006) requires WordNet", 
    "clean_text": "Birke and Sarkar (2006) requires WordNet.", 
    "keep_for_gold": 0
  }, 
  {
    "citance_No": 15, 
    "citing_paper_id": "E09-1086", 
    "citing_paper_authority": 10, 
    "citing_paper_authors": "Caroline, Sporleder | Linlin, Li", 
    "raw_text": "BirkeandSarkar (2006) model literal vs. non-literal classification as a word sense disambiguation task and use a clustering algorithm which compares test in stances to two automatically constructed seed sets (one with literal and one with non-literal expressions), assigning the label of the closest set", 
    "clean_text": "Birke and Sarkar (2006) model literal vs. non-literal classification as a word sense disambiguation task and use a clustering algorithm which compares test instances to two automatically constructed seed sets (one with literal and one with non-literal expressions), assigning the label of the closest set.", 
    "keep_for_gold": 1
  }, 
  {
    "citance_No": 16, 
    "citing_paper_id": "C10-1113", 
    "citing_paper_authority": 19, 
    "citing_paper_authors": "Ekaterina, Shutova | Lin, Sun | Anna, Korhonen", 
    "raw_text": "met* then searches its knowledge base for a triple containing a hypernym of both the actual argument and the desired argument and finds (thing, use, energy source), which represents the metaphorical interpretation. Birke and Sarkar (2006) present a sentence clustering approach for non-literal language recognition implemented in the TroFi system (Trope Finder)", 
    "clean_text": "Birke and Sarkar (2006) present a sentence clustering approach for non-literal language recognition implemented in the TroFi system (Trope Finder).", 
    "keep_for_gold": 0
  }, 
  {
    "citance_No": 17, 
    "citing_paper_id": "C10-1113", 
    "citing_paper_authority": 19, 
    "citing_paper_authors": "Ekaterina, Shutova | Lin, Sun | Anna, Korhonen", 
    "raw_text": "Birke and Sarkar (2006) adapt this algorithm to perform a two-way classification: literal vs. non-literal, and they do not clearly define the kinds of tropes they aim to discover", 
    "clean_text": "Birke and Sarkar (2006) adapt this algorithm to perform a two-way classification: literal vs. non-literal, and they do not clearly define the kinds of tropes they aim to discover.", 
    "keep_for_gold": 0
  }, 
  {
    "citance_No": 18, 
    "citing_paper_id": "C10-1113", 
    "citing_paper_authority": 19, 
    "citing_paper_authors": "Ekaterina, Shutova | Lin, Sun | Anna, Korhonen", 
    "raw_text": "Both Birke and Sarkar (2006) and Gedigan et al", 
    "clean_text": "Both Birke and Sarkar (2006) and Gedigan et al. (2006) focus only on metaphors expressed by a verb.", 
    "keep_for_gold": 0
  }, 
  {
    "citance_No": 19, 
    "citing_paper_id": "C10-2078", 
    "citing_paper_authority": 7, 
    "citing_paper_authors": "Linlin, Li | Caroline, Sporleder", 
    "raw_text": "Canonicalforms are determined automatically using a statistical, frequency-based measure. Birke and Sarkar (2006) model literal vs. non literal classification as a word sense disambiguation task and use a clustering algorithm which compares test instances to two seed sets (one with literal and one with non-literal expressions), as signing the label of the closest set. Sporleder and Li (2009) propose another unsupervised method which detects the presence or absence of cohesive links between the component words of the idiom and the surrounding discourse. If such links can be found the expression is classified as literal otherwise as non-literal", 
    "clean_text": "Birke and Sarkar (2006) model literal vs. non-literal classification as a word sense disambiguation task and use a clustering algorithm which compares test instances to two seed sets (one with literal and one with non-literal expressions), as signing the label of the closest set.", 
    "keep_for_gold": 0
  }, 
  {
    "citance_No": 20, 
    "citing_paper_id": "P10-1116", 
    "citing_paper_authority": 14, 
    "citing_paper_authors": "Linlin, Li | Benjamin, Roth | Caroline, Sporleder", 
    "raw_text": "Birke and Sarkar (2006) use a clustering algorithm which compares test instances to two automatically constructed seed sets (one literal and one non literal), assigning the label of the closest set", 
    "clean_text": "Birke and Sarkar (2006) use a clustering algorithm which compares test instances to two automatically constructed seed sets (one literal and one non literal), assigning the label of the closest set.", 
    "keep_for_gold": 0
  }
]
