[
  {
    "citance_No": 1, 
    "citing_paper_id": "P06-2043", 
    "citing_paper_authority": 0, 
    "citing_paper_authors": "Xiwu, Han | Tiejun, Zhao | Xingshang, Fu", 
    "raw_text": "Since Brent (1993) a considerable amount of research focusing on large-scaled automatic acquisition of sub categorization frames (SCF) has met with some success not only in English but also in many other languages, including German (Schulteim Walde, 2002), Spanish (Chrupala, 2003), Czech (Sarkar and Zeman, 2000), Portuguese (Gamallo et. al, 2002), and Chinese (Han et al 2004)", 
    "clean_text": "Since Brent (1993) a considerable amount of research focusing on large-scaled automatic acquisition of subcategorization frames (SCF) has met with some success not only in English but also in many other languages.", 
    "keep_for_gold": 1
  }, 
  {
    "citance_No": 2, 
    "citing_paper_id": "P06-3014", 
    "citing_paper_authority": 0, 
    "citing_paper_authors": "Jianguo, Li", 
    "raw_text": "(ii) Apply some statistical tests such as the Binomial Hypothesis Test (Brent, 1993) and log likelihood ratio score (Dunning, 1993) to SCCs to filter out false SCCs on the basis of their reliability and likelihood", 
    "clean_text": "Apply some statistical tests such as the Binomial Hypothesis Test (Brent, 1993) and log likelihood ratio score (Dunning, 1993) to SCCs to filter out false SCCs on the basis of their reliability and likelihood.", 
    "keep_for_gold": 0
  }, 
  {
    "citance_No": 3, 
    "citing_paper_id": "P99-1051", 
    "citing_paper_authority": 18, 
    "citing_paper_authors": "Mirella, Lapata", 
    "raw_text": "We also experimented with a method suggested by Brent (1993) which applies the binomial test on frame frequency data", 
    "clean_text": "We also experimented with a method suggested by Brent (1993) which applies the binomial test on frame frequency data.", 
    "keep_for_gold": 0
  }, 
  {
    "citance_No": 4, 
    "citing_paper_id": "W02-0906", 
    "citing_paper_authority": 2, 
    "citing_paper_authors": "Izaskun, Aldezabal | Maxux J., Aranzabe | Koldo, Gojenola | Kepa, Sarasola | Aitziber, Atutxa", 
    "raw_text": "This shows to which extent the range of arguments is fine grained, in contrast to other works where the range is at the categorial level, such as NP or PP (M. Brent 1993, C. Manning 1993, P. Merlo& amp; M. Leybold 2001)", 
    "clean_text": "", 
    "keep_for_gold": 0
  }, 
  {
    "citance_No": 5, 
    "citing_paper_id": "C04-1104", 
    "citing_paper_authority": 2, 
    "citing_paper_authors": "Xiwu, Han | Tiejun, Zhao | Haoliang, Qi | Hao, Yu", 
    "raw_text": "Since (Brent 1993) began to use the method, most researchers have agreed that the BHT results in better precision and recall with SCF hypotheses of high, medium and low frequencies", 
    "clean_text": "Since (Brent 1993) began to use the method, most researchers have agreed that the BHT results in better precision and recall with SCF hypotheses of high, medium and low frequencies.", 
    "keep_for_gold": 0
  }, 
  {
    "citance_No": 6, 
    "citing_paper_id": "C04-1104", 
    "citing_paper_authority": 2, 
    "citing_paper_authors": "Xiwu, Han | Tiejun, Zhao | Haoliang, Qi | Hao, Yu", 
    "raw_text": "(Brent 1993) estimated pe according to the acquisition system? s performance, while (Briscoe and Carroll 1997) calculated pe from the distribution of SCF types in ANLT and SCF tokens in Susanne as shown in the fol lowing equation", 
    "clean_text": "(Brent 1993) estimated pe according to the acquisition system's performance.", 
    "keep_for_gold": 0
  }, 
  {
    "citance_No": 7, 
    "citing_paper_id": "W99-0503", 
    "citing_paper_authority": 6, 
    "citing_paper_authors": "Suzanne, Stevenson | Paola, Merlo | Natalia, Kariaeva | Kamin, Whitehouse", 
    "raw_text": "Recent years have witnessed a shift in grammar development methodology, from crafting large grammars, to annotation of corpora Correspondingly, there has been a change from developing rule-based parsers to developing statmUcal methods for reducing grammatmal knowledge from annotated corpus data The shift has mostly occurred because build mg w~de-coverage rammars is ume-consummg, error prone, and difficult The same can be said for crafting the rich lexlcal representatmns that are a central component of hngmstlc knowledge, and research m automaUc lexmal acquisition has sought to address this ((Doff and Jones, 1996, Dorr, 1997), among others) Yet there have been few attempts to learn fine-grained lexical classifications from the statlsUcal analysis of dlstnbutmnal data, analogously to the induction of syntacUc knowledge (though see, e g, (Brent, 1993, Klavans and Chodorow, 1992, Resmk, 1992)) In this paper, we propose such a~ approach for the automaUc classfficauon of ~erbs into lexlcal semantic lasses l We can express the Issues raised by this apploach as follows 1 WhmhhngulstlcdlstmcUons among [exlcsl", 
    "clean_text": "", 
    "keep_for_gold": 0
  }, 
  {
    "citance_No": 8, 
    "citing_paper_id": "P04-2007", 
    "citing_paper_authority": 7, 
    "citing_paper_authors": "Eva Esteve, Ferrer", 
    "raw_text": "In order to collect the frequency distributions of Spanishsubcategorisation frames, we adapt a methodology that has been developed for English to the specificities of the Spanish language ((Brent, 1993), (Manning, 1993), (Korhonen, 2002b))", 
    "clean_text": "", 
    "keep_for_gold": 0
  }, 
  {
    "citance_No": 9, 
    "citing_paper_id": "P08-1050", 
    "citing_paper_authority": 7, 
    "citing_paper_authors": "Jianguo, Li | Chris, Brew", 
    "raw_text": "Following studies on automatic SCF extraction (Brent, 1993), we apply a statistical test (Binomial Hypothesis Test) to the unfiltered-Levin-SCF to filter out noisy SCFs, and denote the resulting SCF set as filtered-Levin SCF", 
    "clean_text": "Following studies on automatic SCF extraction (Brent, 1993), we apply a statistical test (Binomial Hypothesis Test) to the unfiltered-Levin-SCF to filter out noisy SCFs, and denote the resulting SCF set as filtered-Levin SCF.", 
    "keep_for_gold": 0
  }, 
  {
    "citance_No": 10, 
    "citing_paper_id": "W98-1239", 
    "citing_paper_authority": 9, 
    "citing_paper_authors": "Herve, Dejean", 
    "raw_text": "Other works describe systems that induce structures from corpora, but they use tagged corpora (Brill, 1993), or grammatical informations (Brent, 1993), or work with artificial samples (Elman, 1990)", 
    "clean_text": "Other works describe systems that induce structures from corpora, but they use tagged corpora (Brill, 1993), or grammatical informations (Brent, 1993).", 
    "keep_for_gold": 0
  }, 
  {
    "citance_No": 11, 
    "citing_paper_id": "P06-2067", 
    "citing_paper_authority": 0, 
    "citing_paper_authors": "Jianguo, Li | Chris, Brew", 
    "raw_text": "Ourevaluator has two parts: the Binomial Hypothesis Test (Brent, 1993) and a back-off algorithm (Sarkar and Zeman, 2000)", 
    "clean_text": "Our evaluator has two parts: the Binomial Hypothesis Test (Brent, 1993) and a back-off algorithm (Sarkar and Zeman, 2000).", 
    "keep_for_gold": 0
  }, 
  {
    "citance_No": 12, 
    "citing_paper_id": "W97-0116", 
    "citing_paper_authority": 0, 
    "citing_paper_authors": "Erika F., De Lima", 
    "raw_text": "The final component assesses the frames encountered by the parser by using the same model as (Brent, 1993), with the error rate set empirically", 
    "clean_text": "The final component assesses the frames encountered by the parser by using the same model as (Brent, 1993), with the error rate set empirically.", 
    "keep_for_gold": 0
  }, 
  {
    "citance_No": 13, 
    "citing_paper_id": "P04-1047", 
    "citing_paper_authority": 7, 
    "citing_paper_authors": "Ruth, O'Donovan | Michael, Burke | Aoife, Cahill | Josef, van Genabith | Andy, Way", 
    "raw_text": "(Brent, 1993) relies on local morphosyntactic cues (such as the -ing suffix, except where such a word follows a determiner or a preposition other than to) in the untagged Brown Corpus as probabilistic indicators of six different predefined subcategorisation frames", 
    "clean_text": "(Brent, 1993) relies on local morphosyntactic cues (such as the -ing suffix, except where such a word follows a determiner or a preposition other than to) in the untagged Brown Corpus as probabilistic indicators of six different predefined subcategorisation frames.", 
    "keep_for_gold": 0
  }, 
  {
    "citance_No": 14, 
    "citing_paper_id": "P04-1047", 
    "citing_paper_authority": 7, 
    "citing_paper_authors": "Ruth, O'Donovan | Michael, Burke | Aoife, Cahill | Josef, van Genabith | Andy, Way", 
    "raw_text": "(Briscoe and Carroll, 1997) observe that in the work of (Brent, 1993), (Manning, 1993) and (Ushioda et al, 1993),? the maximum number of distinct sub categorization classes recognized is sixteen, and only Ushioda et al attempt to derive relative sub cat egorization frequency for individual predicates?", 
    "clean_text": "(Briscoe and Carroll, 1997) observe that in the work of (Brent, 1993), (Manning, 1993) and (Ushioda et al, 1993), the maximum number of distinct sub categorization classes recognized is sixteen, and only Ushioda et al attempt to derive relative subcategorization frequency for individual predicates.", 
    "keep_for_gold": 0
  }, 
  {
    "citance_No": 15, 
    "citing_paper_id": "C10-1006", 
    "citing_paper_authority": 0, 
    "citing_paper_authors": "N&uacute;ria, Bel | Maria, Coll | Gabriela, Resnik", 
    "raw_text": "In his seminal work, Brent (1993) already pointed out that? the cues occur in con texts that were not aimed at?", 
    "clean_text": "In his seminal work, Brent (1993) already pointed out that the cues occur in contexts that were not aimed at.", 
    "keep_for_gold": 0
  }, 
  {
    "citance_No": 16, 
    "citing_paper_id": "P07-3016", 
    "citing_paper_authority": 0, 
    "citing_paper_authors": "Kata, Gabor | Eniko, Heja", 
    "raw_text": "(Brent, 1993) uses regular patterns", 
    "clean_text": "(Brent, 1993) uses regular patterns.", 
    "keep_for_gold": 0
  }, 
  {
    "citance_No": 17, 
    "citing_paper_id": "C02-1013", 
    "citing_paper_authority": 12, 
    "citing_paper_authors": "John, Carroll | Ted, Briscoe", 
    "raw_text": "Thus, Brent (1993) only creates hypotheses on the basis of instances of verb frames that are reliably and unambiguously cued by closed class items (such as pronouns) so there can be no other attachment possibilities", 
    "clean_text": "Thus, Brent (1993) only creates hypotheses on the basis of instances of verb frames that are reliably and unambiguously cued by closed class items (such as pronouns) so there can be no other attachment possibilities.", 
    "keep_for_gold": 0
  }, 
  {
    "citance_No": 18, 
    "citing_paper_id": "W10-1612", 
    "citing_paper_authority": 2, 
    "citing_paper_authors": "Ivana Romina, Altamirano | Laura, Alonso Alemany", 
    "raw_text": "The foundational work of (Brent, 1993) was based on plain text (2.6 million words of the Wall StreetJournal (WSJ, 1994))", 
    "clean_text": "The foundational work of (Brent, 1993) was based on plain text (2.6 million words of the Wall StreetJournal (WSJ, 1994)).", 
    "keep_for_gold": 0
  }
]
