[
  {
    "citance_No": 1, 
    "citing_paper_id": "P98-1025", 
    "citing_paper_authority": 4, 
    "citing_paper_authors": "H. Cem, Bozsahin", 
    "raw_text": "The labels are as in (Eisner, 1996)", 
    "clean_text": "", 
    "keep_for_gold": 0
  }, 
  {
    "citance_No": 2, 
    "citing_paper_id": "P98-1025", 
    "citing_paper_authority": 4, 
    "citing_paper_authors": "H. Cem, Bozsahin", 
    "raw_text": "4Eisner (1996 ,p.81) in fact suggested that he labeling system can be implemented in the grammar by templates, or in the processor by labeling the chart entries", 
    "clean_text": "Eisner (1996, p.81) in fact suggested that the labeling system can be implemented in the grammar by templates, or in the processor by labeling the chart entries.", 
    "keep_for_gold": 0
  }, 
  {
    "citance_No": 3, 
    "citing_paper_id": "P98-1025", 
    "citing_paper_authority": 4, 
    "citing_paper_authors": "H. Cem, Bozsahin", 
    "raw_text": "But, as pointed out by Eisner (1996 ,p.85), this is not spurious ambiguity in the technical sense, just multiple derivations due to alternative lexical category assignments", 
    "clean_text": "But, as pointed out by Eisner (1996, p.85), this is not spurious ambiguity in the technical sense, just multiple derivations due to alternative lexical category assignments.", 
    "keep_for_gold": 0
  }, 
  {
    "citance_No": 4, 
    "citing_paper_id": "P12-1052", 
    "citing_paper_authority": 1, 
    "citing_paper_authors": "Dominick, Ng | James R., Curran", 
    "raw_text": "The C& amp; C parser employs the normal-form constraints of Eisner (1996) to address spurious ambiguity in 1-best parsing", 
    "clean_text": "The C&C parser employs the normal-form constraints of Eisner (1996) to address spurious ambiguity in 1-best parsing.", 
    "keep_for_gold": 0
  }, 
  {
    "citance_No": 5, 
    "citing_paper_id": "C04-1041", 
    "citing_paper_authority": 39, 
    "citing_paper_authors": "Stephen, Clark | James R., Curran", 
    "raw_text": "For example, NP/NP could combine with NP/NP according to CCG? s combinatory rules (by forward composition), but since this particular combination does not appear in CCGbank the parser does not allow it. The second strategy is to use Eisner? s normal form constraints (Eisner, 1996)", 
    "clean_text": "The second strategy is to use Eisner's normal form constraints (Eisner, 1996).", 
    "keep_for_gold": 0
  }, 
  {
    "citance_No": 6, 
    "citing_paper_id": "C04-1009", 
    "citing_paper_authority": 2, 
    "citing_paper_authors": "John, Beavers", 
    "raw_text": "For more discussion of the efficiency of this approach see Eisner (1996) and Clark and Curran (2004a)", 
    "clean_text": "", 
    "keep_for_gold": 0
  }, 
  {
    "citance_No": 7, 
    "citing_paper_id": "P07-3002", 
    "citing_paper_authority": 1, 
    "citing_paper_authors": "Elias, Ponvert", 
    "raw_text": "The parser only used a subset of CCG ?pureCCG (Eisner, 1996)? consisting of the Appli cation and Composition rules", 
    "clean_text": "The parser only used a subset of CCG, pureCCG (Eisner, 1996), consisting of the Application and Composition rules.", 
    "keep_for_gold": 0
  }, 
  {
    "citance_No": 8, 
    "citing_paper_id": "C10-1053", 
    "citing_paper_authority": 2, 
    "citing_paper_authors": "Julia, Hockenmaier | Yonatan, Bisk", 
    "raw_text": "We propose and implement a modification of the Eisner (1996) normal form to account for generalized composition of bounded degree, and an extension to deal with grammatical type-raising", 
    "clean_text": "We propose and implement a modification of the Eisner (1996) normal form to account for generalized composition of bounded degree, and an extension to deal with grammatical type-raising.", 
    "keep_for_gold": 0
  }, 
  {
    "citance_No": 9, 
    "citing_paper_id": "C10-1053", 
    "citing_paper_authority": 2, 
    "citing_paper_authors": "Julia, Hockenmaier | Yonatan, Bisk", 
    "raw_text": "has asyntactic category (S/NP) and a semantic interpretation (?x.saw (john?, x)) .2 Constituentscombine according to a small set of language 1Although Eisner (1996, section 5) also provides a safe and complete parsing algorithm which can return non-NF derivations when necessary to preseve an interpretation if composition is bounded or the grammar is restricted in other (arbitrary )ways.2More complex representations than simple predicate argument structures are equally possible", 
    "clean_text": "Eisner (1996, section 5) also provides a safe and complete parsing algorithm which can return non-NF derivations when necessary to preseve an interpretation if composition is bounded or the grammar is restricted in other (arbitrary) ways.", 
    "keep_for_gold": 1
  }, 
  {
    "citance_No": 10, 
    "citing_paper_id": "C10-1053", 
    "citing_paper_authority": 2, 
    "citing_paper_authors": "Julia, Hockenmaier | Yonatan, Bisk", 
    "raw_text": "We have proposed a modification and extension of Eisner (1996)? s normal form that is more appropriate for commonly used variants of CCG with grammatical type-raising and generalized composition of bounded degree, as well as some non-combinatory extensions to CCG", 
    "clean_text": "We have proposed a modification and extension of Eisner (1996)'s normal form that is more appropriate for commonly used variants of CCG with grammatical type-raising and generalized composition of bounded degree, as well as some non-combinatory extensions to CCG.", 
    "keep_for_gold": 0
  }, 
  {
    "citance_No": 11, 
    "citing_paper_id": "P04-1014", 
    "citing_paper_authority": 67, 
    "citing_paper_authors": "Stephen, Clark | James R., Curran", 
    "raw_text": "Hockenmaier (2003a) uses a model which favours only one of the derivations leading to aderived structure, namely the normal-form derivation (Eisner, 1996)", 
    "clean_text": "Hockenmaier (2003a) uses a model which favours only one of the derivations leading to aderived structure, namely the normal-form derivation (Eisner, 1996).", 
    "keep_for_gold": 0
  }, 
  {
    "citance_No": 12, 
    "citing_paper_id": "P04-1014", 
    "citing_paper_authority": 67, 
    "citing_paper_authors": "Stephen, Clark | James R., Curran", 
    "raw_text": "For the normal-form model we were able to reduce the size of the charts considerably by applying two types of restriction to the parser: first, categories can only combine if they appear together in a rule instantiation in sections 2? 21 of CCGbank; and second, we apply the normal-form restrictions described in Eisner (1996)", 
    "clean_text": "For the normal-form model we were able to reduce the size of the charts considerably by applying two types of restriction to the parser: first, categories can only combine if they appear together in a rule instantiation in sections 2 21 of CCGbank; and second, we apply the normal-form restrictions described in Eisner (1996).", 
    "keep_for_gold": 0
  }, 
  {
    "citance_No": 13, 
    "citing_paper_id": "P10-1055", 
    "citing_paper_authority": 0, 
    "citing_paper_authors": "Marco, Kuhlmann | Alexander, Koller | Giorgio, Satta", 
    "raw_text": "Ourtransformation is also technically related to the normal form construction for CCG parsing presented by Eisner (1996)", 
    "clean_text": "Our transformation is also technically related to the normal form construction for CCG parsing presented by Eisner (1996).", 
    "keep_for_gold": 0
  }, 
  {
    "citance_No": 14, 
    "citing_paper_id": "C08-1008", 
    "citing_paper_authority": 3, 
    "citing_paper_authors": "Jason, Baldridge", 
    "raw_text": "Consider the derivations in Figures 1 and 2, which show a normal form derivation (Eisner, 1996) and fully incremental derivation, respectively", 
    "clean_text": "Consider the derivations in Figures 1 and 2, which show a normal form derivation (Eisner, 1996) and fully incremental derivation, respectively.", 
    "keep_for_gold": 0
  }, 
  {
    "citance_No": 15, 
    "citing_paper_id": "W06-1637", 
    "citing_paper_authority": 3, 
    "citing_paper_authors": "David, Reitter | Julia, Hockenmaier | Frank, Keller", 
    "raw_text": "This spurious ambiguity is the result of CCG? s flexible constituent structure, which can account for long-range dependencies and coordination (as in the above example), and also for interaction with information structure.CCG parsers often limit the use of the combi natory rules (in particular: type-raising) to obtain a single right-branching normal form derivation (Eisner, 1996) for each possible semantic interpretation", 
    "clean_text": "CCG parsers often limit the use of the combinatory rules (in particular: type-raising) to obtain a single right-branching normal form derivation (Eisner, 1996) for each possible semantic interpretation.", 
    "keep_for_gold": 0
  }, 
  {
    "citance_No": 16, 
    "citing_paper_id": "P08-1038", 
    "citing_paper_authority": 2, 
    "citing_paper_authors": "Frederick M., Hoyt | Jason, Baldridge", 
    "raw_text": "Bothperspectives on D ensure that the new rules are compatible with normal form constraints (Eisner, 1996) for controlling spurious ambiguity", 
    "clean_text": "Both perspectives on D ensure that the new rules are compatible with normal form constraints (Eisner, 1996) for controlling spurious ambiguity.", 
    "keep_for_gold": 0
  }, 
  {
    "citance_No": 17, 
    "citing_paper_id": "P08-1038", 
    "citing_paper_authority": 2, 
    "citing_paper_authors": "Frederick M., Hoyt | Jason, Baldridge", 
    "raw_text": "In this section, we show that the D rules fit naturally within standard normal form constraints for CCG parsing (Eisner, 1996), by providing both 329combinatory and logical bases for D. This addition ally allows Eisner? s normal form constraints to be derived as grammar internal theorems", 
    "clean_text": "In this section, we show that the D rules fit naturally within standard normal form constraints for CCG parsing (Eisner, 1996), by providing both combinatory and logical bases for D.", 
    "keep_for_gold": 0
  }, 
  {
    "citance_No": 18, 
    "citing_paper_id": "P08-1038", 
    "citing_paper_authority": 2, 
    "citing_paper_authors": "Frederick M., Hoyt | Jason, Baldridge", 
    "raw_text": "Including the D-combinator rules in the CCG rule set lets us capture several linguistic generalizations that lack satisfactory analyses in standard CCG.Furthermore, CCG augmented with D is compatible with Eisner NF (Eisner, 1996), a standard technique for controlling derivational ambiguity in CCG-parsers, and also with the modalized version of CCG (Baldridge and Kruijff, 2003)", 
    "clean_text": "Furthermore, CCG augmented with D is compatible with Eisner NF (Eisner, 1996), a standard technique for controlling derivational ambiguity in CCG-parsers, and also with the modalized version of CCG (Baldridge and Kruijff, 2003).", 
    "keep_for_gold": 0
  }, 
  {
    "citance_No": 19, 
    "citing_paper_id": "D09-1126", 
    "citing_paper_authority": 2, 
    "citing_paper_authors": "Matthew, Honnibal | James R., Curran", 
    "raw_text": "One set are the normal form constraints, as described by Eisner (1996)", 
    "clean_text": "One set are the normal form constraints, as described by Eisner (1996).", 
    "keep_for_gold": 0
  }, 
  {
    "citance_No": 20, 
    "citing_paper_id": "W07-1202", 
    "citing_paper_authority": 5, 
    "citing_paper_authors": "Stephen, Clark | James R., Curran", 
    "raw_text": "We applied the same normal-form restrictions used in Clark and Curran (2004b): categories can 12 only combine if they have been seen to combine in Sections 2-21 of CCGbank, and only if they do not violate the Eisner (1996a) normal-form constraints", 
    "clean_text": "We applied the same normal-form restrictions used in Clark and Curran (2004b): categories can 12 only combine if they have been seen to combine in Sections 2-21 of CCGbank, and only if they do not violate the Eisner (1996a) normal-form constraints.", 
    "keep_for_gold": 0
  }
]
