[
  {
    "citance_No": 1, 
    "citing_paper_id": "P06-2123", 
    "citing_paper_authority": 4, 
    "citing_paper_authors": "Ruiqiang, Zhang | Genichiro, Kikui | Eiichiro, Sumita", 
    "raw_text": "In the results of the closed test in Bakeoff 2005 (Emerson, 2005), the work of (Tseng et al, 2005), using CRFs for the IOB tagging, yielded a very high R-oov in all of the four corpora used, but the R-iv rates were lower", 
    "clean_text": "In the results of the closed test in Bakeoff 2005 (Emerson, 2005), the work of (Tseng et al, 2005), using CRFs for the IOB tagging, yielded a very high R-oov in all of the four corpora used, but the R-iv rates were lower.", 
    "keep_for_gold": 0
  }, 
  {
    "citance_No": 2, 
    "citing_paper_id": "C10-1132", 
    "citing_paper_authority": 5, 
    "citing_paper_authors": "Kun, Wang | Chengqing, Zong | Keh-Yih, Su", 
    "raw_text": "The experiments of closed tests on the second SIGHAN Bakeoff (Emerson, 2005) show that the joint model significantly outperforms the baseline models of both generative and discriminative approaches", 
    "clean_text": "The experiments of closed tests on the second SIGHAN Bakeoff (Emerson, 2005) show that the joint model significantly outperforms the baseline models of both generative and discriminative approaches.", 
    "keep_for_gold": 0
  }, 
  {
    "citance_No": 3, 
    "citing_paper_id": "C10-1132", 
    "citing_paper_authority": 5, 
    "citing_paper_authors": "Kun, Wang | Chengqing, Zong | Keh-Yih, Su", 
    "raw_text": "The corpora provided by the second SIGHAN Bakeoff (Emerson, 2005) were used in our experiments", 
    "clean_text": "The corpora provided by the second SIGHAN Bakeoff (Emerson, 2005) were used in our experiments.", 
    "keep_for_gold": 0
  }, 
  {
    "citance_No": 4, 
    "citing_paper_id": "P12-1027", 
    "citing_paper_authority": 6, 
    "citing_paper_authors": "Xu, Sun | Houfeng, Wang | Wenjie, Li", 
    "raw_text": "For more detailed information on the corpora, refer to Emerson (2005)", 
    "clean_text": "For more detailed information on the corpora, refer to Emerson (2005).", 
    "keep_for_gold": 0
  }, 
  {
    "citance_No": 5, 
    "citing_paper_id": "P07-1106", 
    "citing_paper_authority": 27, 
    "citing_paper_authors": "Yue, Zhang | Stephen, Clark", 
    "raw_text": "Four training and testing corpora were used in the second bakeoff (Emerson, 2005), including the Academia Sinica corpus (AS), the Hong Kong CityUniversity Corpus (CU), the Peking University Cor pus (PK) and the Microsoft Research Corpus (MR)", 
    "clean_text": "Four training and testing corpora were used in the second bakeoff (Emerson, 2005), including the Academia Sinica corpus (AS), the Hong Kong City University Corpus (CU), the Peking University Corpus (PK) and the Microsoft Research Corpus (MR).", 
    "keep_for_gold": 0
  }, 
  {
    "citance_No": 6, 
    "citing_paper_id": "P07-1106", 
    "citing_paper_authority": 27, 
    "citing_paper_authors": "Yue, Zhang | Stephen, Clark", 
    "raw_text": "We chose the three models that achieved at least one best score in the closed tests from Emerson (2005), as well as the sub-word-based model of Zhang et al (2006) for comparison", 
    "clean_text": "We chose the three models that achieved at least one best score in the closed tests from Emerson (2005), as well as the sub-word-based model of Zhang et al (2006) for comparison.", 
    "keep_for_gold": 0
  }, 
  {
    "citance_No": 7, 
    "citing_paper_id": "W10-4126", 
    "citing_paper_authority": 3, 
    "citing_paper_authors": "Hongmei, Zhao | Qiu, Liu", 
    "raw_text": "SIGHAN, the Special Interest Group for Chinese Language Processing of the Association for Computational Linguistics, successfully conducted four prior word segmentation bakeoffs, in 2003 (Sproat and Emerson, 2003), 2005 (Emerson, 2005), 2006 (Levow, 2006) and 2007 (Jin and Chen, 2007), and the bakeoff 2007 was jointly organized with the Chinese Information Processing Society of China (CIPS)", 
    "clean_text": "SIGHAN, the Special Interest Group for Chinese Language Processing of the Association for Computational Linguistics, successfully conducted four prior word segmentation bakeoffs, in 2003 (Sproat and Emerson, 2003), 2005 (Emerson, 2005), 2006 (Levow, 2006) and 2007 (Jin and Chen, 2007), and the bakeoff 2007 was jointly organized with the Chinese Information Processing Society of China (CIPS).", 
    "keep_for_gold": 0
  }, 
  {
    "citance_No": 8, 
    "citing_paper_id": "N06-2049", 
    "citing_paper_authority": 19, 
    "citing_paper_authors": "Ruiqiang, Zhang | Genichiro, Kikui | Eiichiro, Sumita", 
    "raw_text": "In the results of the closed test in Bakeoff 2005 (Emerson, 2005), the work of (Tseng et al, 2005), using conditional random fields (CRF) for the IOB tagging, yielded very high R-oovs in all of the four corpora used, but the R-iv rates were lower", 
    "clean_text": "In the results of the closed test in Bakeoff 2005 (Emerson, 2005), the work of (Tseng et al, 2005), using conditional random fields (CRF) for the IOB tagging, yielded very high R-oovs in all of the four corpora used, but the R-iv rates were lower.", 
    "keep_for_gold": 0
  }, 
  {
    "citance_No": 9, 
    "citing_paper_id": "N06-2049", 
    "citing_paper_authority": 19, 
    "citing_paper_authors": "Ruiqiang, Zhang | Genichiro, Kikui | Eiichiro, Sumita", 
    "raw_text": "of the corpora and these scores, refer to (Emerson, 2005)", 
    "clean_text": "For detailed info. of the corpora and these scores, refer to (Emerson, 2005).", 
    "keep_for_gold": 0
  }, 
  {
    "citance_No": 10, 
    "citing_paper_id": "W06-0115", 
    "citing_paper_authority": 16, 
    "citing_paper_authors": "Gina-Anne, Levow", 
    "raw_text": "However, word segmentation re mains a significant challenge both for the difficulty of the task itself and because standards for segmentation vary and human segmenters may often disagree.SIGHAN, the Special Interest Group for Chinese Language Processing of the Association for Computational Linguistics, conducted two prior word segmentation bakeoffs, in 2003and2005 (Emerson, 2005), which established bench marks for word segmentation against which other systems are judged", 
    "clean_text": "SIGHAN, the Special Interest Group for Chinese Language Processing of the Association for Computational Linguistics, conducted two prior word segmentation bakeoffs, in 2003 and 2005 (Emerson, 2005), which established benchmarks for word segmentation against which other systems are judged.", 
    "keep_for_gold": 0
  }, 
  {
    "citance_No": 11, 
    "citing_paper_id": "W08-0335", 
    "citing_paper_authority": 9, 
    "citing_paper_authors": "Ruiqiang, Zhang | Keiji, Yasuda | Eiichiro, Sumita", 
    "raw_text": "As an evidence, the CWS evaluation campaign, the Sighan Bakeoff (Emerson, 2005) ,1, has been held four times since 2004", 
    "clean_text": "As an evidence, the CWS evaluation campaign, the Sighan Bakeoff (Emerson, 2005) has been held four times since 2004.", 
    "keep_for_gold": 0
  }, 
  {
    "citance_No": 12, 
    "citing_paper_id": "W08-0335", 
    "citing_paper_authority": 9, 
    "citing_paper_authors": "Ruiqiang, Zhang | Keiji, Yasuda | Eiichiro, Sumita", 
    "raw_text": "These specs were used in the second Sighan Bakeoff (Emerson, 2005)", 
    "clean_text": "These specs were used in the second Sighan Bakeoff (Emerson, 2005).", 
    "keep_for_gold": 0
  }, 
  {
    "citance_No": 13, 
    "citing_paper_id": "P06-2056", 
    "citing_paper_authority": 11, 
    "citing_paper_authors": "Zhihui, Jin | Kumiko, Tanaka-Ishii", 
    "raw_text": "The current state-of-the-art segmentation software developed by (Low et al, 2005), which ranks as the best in the SIGHANbakeo (Emerson, 2005), attains word precision and recall of 96.9% and 96.8% ,respectively, on the PKU track", 
    "clean_text": "The current state-of-the-art segmentation software developed by (Low et al, 2005), which ranks as the best in the SIGHAN bakeoff (Emerson, 2005), attains word precision and recall of 96.9% and 96.8%, respectively, on the PKU track.", 
    "keep_for_gold": 0
  }, 
  {
    "citance_No": 14, 
    "citing_paper_id": "C10-2139", 
    "citing_paper_authority": 12, 
    "citing_paper_authors": "Weiwei, Sun", 
    "raw_text": "We used the data provided by the second SIGHANBakeoff (Emerson, 2005) to test the two segmentation models", 
    "clean_text": "We used the data provided by the second SIGHAN Bakeoff (Emerson, 2005) to test the two segmentation models.", 
    "keep_for_gold": 0
  }, 
  {
    "citance_No": 15, 
    "citing_paper_id": "W06-1655", 
    "citing_paper_authority": 14, 
    "citing_paper_authors": "Galen, Andrew", 
    "raw_text": "In the Second International Chinese Word SegmentationBakeoff (Emerson, 2005), two of the highest scoring systems in the closed track competition were based on a CRF model", 
    "clean_text": "In the Second International Chinese Word Segmentation Bakeoff (Emerson, 2005), two of the highest scoring systems in the closed track competition were based on a CRF model.", 
    "keep_for_gold": 1
  }, 
  {
    "citance_No": 16, 
    "citing_paper_id": "W06-1655", 
    "citing_paper_authority": 14, 
    "citing_paper_authors": "Galen, Andrew", 
    "raw_text": "The data used was the Microsoft Research Beijing corpus from the Second International Chinese Word Segmentation Bakeoff (Emerson, 2005), and we used the same train/test split used in the competition", 
    "clean_text": "The data used was the Microsoft Research Beijing corpus from the Second International Chinese Word Segmentation Bakeoff (Emerson, 2005), and we used the same train/test split used in the competition.", 
    "keep_for_gold": 0
  }, 
  {
    "citance_No": 17, 
    "citing_paper_id": "W06-1655", 
    "citing_paper_authority": 14, 
    "citing_paper_authors": "Galen, Andrew", 
    "raw_text": "We did not explicitly test the utility of CRF-type features for improving re call on out-of-vocabulary items, but we note that in the Bakeoff, the model of Tseng et al (2005), which was very similar to our CRF-only system (only containing a few more feature templates), was consistently among the best performing systems in terms of test OOV recall (Emerson, 2005) .We also found that for this sequence segmentation task, the use of log conditional odds as a feature results in much better performance than theuse of the more typical log conditional probability", 
    "clean_text": "We did not explicitly test the utility of CRF-type features for improving recall on out-of-vocabulary items, but we note that in the Bakeoff, the model of Tseng et al (2005), which was very similar to our CRF-only system (only containing a few more feature templates), was consistently among the best performing systems in terms of test OOV recall (Emerson, 2005).", 
    "keep_for_gold": 0
  }, 
  {
    "citance_No": 18, 
    "citing_paper_id": "I08-4033", 
    "citing_paper_authority": 0, 
    "citing_paper_authors": "Ruiqiang, Zhang | Eiichiro, Sumita", 
    "raw_text": "After analyzing the results presented in the first and second Bakeoffs, (Sproat and Emerson,2003) and (Emerson, 2005), we created a new Chinese word segmentation system named as? Achilles? that consists of four modules mainly: Regular expression extractor, dictionary-based Ngramsegmentation, CRF-based sub word tagging (Zhang et al, 2006), and confidence-based segmentation", 
    "clean_text": "After analyzing the results presented in the first and second Bakeoffs, (Sproat and Emerson, 2003) and (Emerson, 2005), we created a new Chinese word segmentation system named as 'Achilles' that consists of four modules mainly: Regular expression extractor, dictionary-based N-gram segmentation, CRF-based subword tagging (Zhang et al, 2006), and confidence-based segmentation.", 
    "keep_for_gold": 0
  }, 
  {
    "citance_No": 19, 
    "citing_paper_id": "P14-2032", 
    "citing_paper_authority": 0, 
    "citing_paper_authors": "Mengqiu, Wang | Rob, Voigt | Christopher D., Manning", 
    "raw_text": "We conduct experiments on the SIGHAN 2003 (Sproat and Emerson, 2003) and 2005 (Emerson, 2005) bake-off datasets to evaluate the effectiveness of the proposed dual decomposition algorithm", 
    "clean_text": "We conduct experiments on the SIGHAN 2003 (Sproat and Emerson, 2003) and 2005 (Emerson, 2005) bake-off datasets to evaluate the effectiveness of the proposed dual decomposition algorithm.", 
    "keep_for_gold": 0
  }, 
  {
    "citance_No": 20, 
    "citing_paper_id": "W12-2304", 
    "citing_paper_authority": 1, 
    "citing_paper_authors": "Ruey-Cheng, Chen | Jieh, Hsiang | Chiung-Min, Tsai", 
    "raw_text": "The second benchmark that we adopted is the SIGHAN Bakeoff-2005 dataset (Emerson, 2005) for Chinese word segmentation", 
    "clean_text": "The second benchmark that we adopted is the SIGHAN Bakeoff-2005 dataset (Emerson, 2005) for Chinese word segmentation.", 
    "keep_for_gold": 0
  }
]
