[
  {
    "citance_No": 1, 
    "citing_paper_id": "H05-1024", 
    "citing_paper_authority": 2, 
    "citing_paper_authors": "Necip Fazil, Ayan | Bonnie Jean, Dorr | Christof, Monz", 
    "raw_text": "These approaches include an enhanced HMM alignment model that uses part-of speech tags (Toutanova et al, 2002), a log-linear combination of IBM translation models and HMM models (Och and Ney, 2003), techniques that rely on dependency relations (Cherry and Lin, 2003), and a log-linear combination of IBM Model 3 alignment probabilities, POS tags, and bilingual dictionary coverage (Liu et al, 2005)", 
    "clean_text": "These approaches include an enhanced HMM alignment model that uses part-of speech tags (Toutanova et al, 2002), a log-linear combination of IBM translation models and HMM models (Och and Ney, 2003), techniques that rely on dependency relations (Cherry and Lin, 2003), and a log-linear combination of IBM Model 3 alignment probabilities, POS tags, and bilingual dictionary coverage (Liu et al, 2005).", 
    "keep_for_gold": 0
  }, 
  {
    "citance_No": 2, 
    "citing_paper_id": "P06-2014", 
    "citing_paper_authority": 23, 
    "citing_paper_authors": "Colin, Cherry | Dekang, Lin", 
    "raw_text": "(Liu et al., 2005) uses a log-linear model with a greedy search", 
    "clean_text": "(Liu et al., 2005) uses a log-linear model with a greedy search.", 
    "keep_for_gold": 0
  }, 
  {
    "citance_No": 3, 
    "citing_paper_id": "P06-1077", 
    "citing_paper_authority": 122, 
    "citing_paper_authors": "Yang, Liu | Qun, Liu | Shouxun, Lin", 
    "raw_text": "We will retrain the Chinese parser on Penn Chinese Treebank version 5.0 and try to improve word alignment quality using log-linear models as suggested in (Liu et al, 2005)", 
    "clean_text": "We will retrain the Chinese parser on Penn Chinese Treebank version 5.0 and try to improve word alignment quality using log-linear models as suggested in (Liu et al, 2005).", 
    "keep_for_gold": 0
  }, 
  {
    "citance_No": 4, 
    "citing_paper_id": "D07-1006", 
    "citing_paper_authority": 18, 
    "citing_paper_authors": "Alexander, Fraser | Daniel, Marcu", 
    "raw_text": "(Liu et al, 2005) presented a log-linear model combining IBM Model 3 trained in both directions with heuristic features which resulted in a 1-to-1 alignment", 
    "clean_text": "(Liu et al, 2005) presented a log-linear model combining IBM Model 3 trained in both directions with heuristic features which resulted in a 1-to-1 alignment.", 
    "keep_for_gold": 1
  }, 
  {
    "citance_No": 5, 
    "citing_paper_id": "D09-1106", 
    "citing_paper_authority": 8, 
    "citing_paper_authors": "Yang, Liu | Tian, Xia | Xinyan, Xiao | Qun, Liu", 
    "raw_text": "The F-measures for Chinese-English and Arabic-English are usually around 80% (Liu et al, 2005) and 70% (Fraser and Marcu, 2007), respectively", 
    "clean_text": "The F-measures for Chinese-English and Arabic-English are usually around 80% (Liu et al, 2005) and 70% (Fraser and Marcu, 2007), respectively.", 
    "keep_for_gold": 0
  }, 
  {
    "citance_No": 6, 
    "citing_paper_id": "P06-1009", 
    "citing_paper_authority": 24, 
    "citing_paper_authors": "Philip, Blunsom | Trevor, Cohn", 
    "raw_text": "Liu et al (2005) used a conditional log-linear model with similar features to those we have em ployed", 
    "clean_text": "Liu et al (2005) used a conditional log-linear model with similar features to those we have employed.", 
    "keep_for_gold": 0
  }, 
  {
    "citance_No": 7, 
    "citing_paper_id": "W10-2917", 
    "citing_paper_authority": 0, 
    "citing_paper_authors": "Shujian, Huang | Kangxi, Li | Xinyu, Dai | Jiajun, Chen", 
    "raw_text": "For example, Moore (2005) uses statistics like log-likelihood-ratio and conditional likelihood-probability to measure word associations; Liu et al (2005) and Taskar et al (2005) use results from IBM Model 3 and Model 4, respectively", 
    "clean_text": "", 
    "keep_for_gold": 0
  }, 
  {
    "citance_No": 8, 
    "citing_paper_id": "W10-2917", 
    "citing_paper_authority": 0, 
    "citing_paper_authors": "Shujian, Huang | Kangxi, Li | Xinyu, Dai | Jiajun, Chen", 
    "raw_text": "Liu et al (2005) propose a log-linear model for the alignment be tween two sentences, in which different features can be used to describe the alignment quality", 
    "clean_text": "Liu et al (2005) propose a log-linear model for the alignment between two sentences, in which different features can be used to describe the alignment quality.", 
    "keep_for_gold": 0
  }, 
  {
    "citance_No": 9, 
    "citing_paper_id": "N06-1013", 
    "citing_paper_authority": 7, 
    "citing_paper_authors": "Necip Fazil, Ayan | Bonnie Jean, Dorr", 
    "raw_text": "Analternative ME approach models alignment directly as a log-linear combination of feature functions (Liu et al., 2005)", 
    "clean_text": "Analternative ME approach models alignment directly as a log-linear combination of feature functions (Liu et al., 2005).", 
    "keep_for_gold": 0
  }, 
  {
    "citance_No": 10, 
    "citing_paper_id": "P06-2122", 
    "citing_paper_authority": 1, 
    "citing_paper_authors": "Hao, Zhang | Daniel, Gildea", 
    "raw_text": "To make more confident conclusions, we also did tests on a larger hand-aligned data set used in Liu et al (2005)", 
    "clean_text": "To make more confident conclusions, we also did tests on a larger hand-aligned data set used in Liu et al (2005).", 
    "keep_for_gold": 0
  }, 
  {
    "citance_No": 11, 
    "citing_paper_id": "W07-0405", 
    "citing_paper_authority": 7, 
    "citing_paper_authors": "Liang, Huang", 
    "raw_text": "Figure 2: An example of non-binarizable rule from the hand-aligned Chinese-English data in Liu et al (2005)", 
    "clean_text": "", 
    "keep_for_gold": 0
  }, 
  {
    "citance_No": 12, 
    "citing_paper_id": "H05-1011", 
    "citing_paper_authority": 42, 
    "citing_paper_authors": "Robert C., Moore", 
    "raw_text": "Liu et al (2005) also develop a log-linear model, based on IBM Model 3", 
    "clean_text": "Liu et al (2005) also develop a log-linear model, based on IBM Model 3.", 
    "keep_for_gold": 0
  }, 
  {
    "citance_No": 13, 
    "citing_paper_id": "D11-1082", 
    "citing_paper_authority": 3, 
    "citing_paper_authors": "J. Scott, McCarley | Abraham, Ittycheriah | Salim, Roukos | Bing, Xiang | Jian-ming, Xu", 
    "raw_text": "This parameterization is symmetric if source and target are interchanged, then the alignment matrix is transposed. A straightforward approach to the alignment matrix is to build a log linear model (Liu et al, 2005) for the probability of the alignment A", 
    "clean_text": "A straightforward approach to the alignment matrix is to build a log linear model (Liu et al, 2005) for the probability of the alignment A.", 
    "keep_for_gold": 0
  }, 
  {
    "citance_No": 14, 
    "citing_paper_id": "D11-1082", 
    "citing_paper_authority": 3, 
    "citing_paper_authors": "J. Scott, McCarley | Abraham, Ittycheriah | Salim, Roukos | Bing, Xiang | Jian-ming, Xu", 
    "raw_text": "For example, the sum over all alignments may be restricted to a sum over the n-best list from other aligners (Liu et al, 2005)", 
    "clean_text": "For example, the sum over all alignments may be restricted to a sum over the n-best list from other aligners (Liu et al, 2005).", 
    "keep_for_gold": 0
  }, 
  {
    "citance_No": 15, 
    "citing_paper_id": "D11-1082", 
    "citing_paper_authority": 3, 
    "citing_paper_authors": "J. Scott, McCarley | Abraham, Ittycheriah | Salim, Roukos | Bing, Xiang | Jian-ming, Xu", 
    "raw_text": "This is a key difference be tween our model and (Liu et al, 2005) .Note that if we extended our definition of perturbation to the limiting case that the alignment set included all possible alignments then we would clearly recover the standard log linear model of alignment", 
    "clean_text": "This is a key difference between our model and (Liu et al, 2005).", 
    "keep_for_gold": 0
  }
]
