[
  {
    "citance_No": 1, 
    "citing_paper_id": "D09-1138", 
    "citing_paper_authority": 1, 
    "citing_paper_authors": "Yusuke, Miyao | Jun'ichi, Tsujii", 
    "raw_text": "These corpora are automatically parsed by Enju 2.3.1 (Miyao and Tsujii, 2008), and the features are extracted from the parsing results", 
    "clean_text": "These corpora are automatically parsed by Enju 2.3.1 (Miyao and Tsujii, 2008), and the features are extracted from the parsing results.", 
    "keep_for_gold": 0
  }, 
  {
    "citance_No": 2, 
    "citing_paper_id": "P14-1042", 
    "citing_paper_authority": 0, 
    "citing_paper_authors": "Weiwei, Sun | Yantao, Du | Xin, Kou | Shuoyang, Ding | Xiaojun, Wan", 
    "raw_text": "CCG and HPSG parsers also favor the dependency based metrics for evaluation (Clark and Curran, 2007b; Miyao and Tsujii, 2008)", 
    "clean_text": "", 
    "keep_for_gold": 0
  }, 
  {
    "citance_No": 3, 
    "citing_paper_id": "P11-1003", 
    "citing_paper_authority": 2, 
    "citing_paper_authors": "Xianchao, Wu | Takuya, Matsuzaki | Jun'ichi, Tsujii", 
    "raw_text": "Following our precious work (Wu et al, 2010), we use head-drive phrase structure grammar (HPSG) forests generated by Enju2 (Miyao and Tsujii, 2008), which is a state-of-the-art HPSG parser for English", 
    "clean_text": "Following our precious work (Wu et al, 2010), we use head-drive phrase structure grammar (HPSG) forests generated by Enju (Miyao and Tsujii, 2008), which is a state-of-the-art HPSG parser for English.", 
    "keep_for_gold": 0
  }, 
  {
    "citance_No": 4, 
    "citing_paper_id": "W10-1762", 
    "citing_paper_authority": 4, 
    "citing_paper_authors": "Katsuhito, Sudoh | Kevin, Duh | Hajime, Tsukada | Tsutomu, Hirao | Masaaki, Nagata", 
    "raw_text": "As the syntactic parser, we used the Enju5 (Miyao and Tsujii, 2008) English HPSG parser", 
    "clean_text": "As the syntactic parser, we used the Enju (Miyao and Tsujii, 2008) English HPSG parser.", 
    "keep_for_gold": 0
  }, 
  {
    "citance_No": 5, 
    "citing_paper_id": "W10-1405", 
    "citing_paper_authority": 5, 
    "citing_paper_authors": "Reut, Tsarfaty | Khalil, Sima'an", 
    "raw_text": "Models based on deep grammars such as CCG (Hockenmaier and Steed man, 2003) and HPSG (Miyao and Tsujii, 2008) could in principle use inflectional morphology, but they currently rely on functional information mainly", 
    "clean_text": "Models based on deep grammars such as CCG (Hockenmaier and Steed man, 2003) and HPSG (Miyao and Tsujii, 2008) could in principle use inflectional morphology, but they currently rely on functional information mainly.", 
    "keep_for_gold": 0
  }, 
  {
    "citance_No": 6, 
    "citing_paper_id": "W11-1825", 
    "citing_paper_authority": 8, 
    "citing_paper_authors": "Chris, Quirk | Pallavi, Choudhury | Michael, Gamon | Lucy, Vanderwende", 
    "raw_text": "2.1.3 ENJU We also experimented with the ENJU parses (Miyao and Tsujii, 2008) provided by the shared task organizers", 
    "clean_text": "We also experimented with the ENJU parses (Miyao and Tsujii, 2008) provided by the shared task organizers.", 
    "keep_for_gold": 0
  }, 
  {
    "citance_No": 7, 
    "citing_paper_id": "D09-1157", 
    "citing_paper_authority": 0, 
    "citing_paper_authors": "Xinglong, Wang | Jun'ichi, Tsujii | Sophia, Ananiadou", 
    "raw_text": "We used the C& amp; C parser (Clark and Curran, 2007), ENJU (Miyao and Tsujii, 2008), and a variant of ENJU (Hara et al, 2007) adapted for the biomedical domain (i.e., ENJU-Genia); There were a number of practical issues to consider when using parsers for this task", 
    "clean_text": "We used the C & C parser (Clark and Curran, 2007), ENJU (Miyao and Tsujii, 2008), and a variant of ENJU (Hara et al, 2007) adapted for the biomedical domain (i.e., ENJU-Genia); There were a number of practical issues to consider when using parsers for this task.", 
    "keep_for_gold": 0
  }, 
  {
    "citance_No": 8, 
    "citing_paper_id": "D10-1068", 
    "citing_paper_authority": 0, 
    "citing_paper_authors": "Rebecca, Dridan | Timothy, Baldwin", 
    "raw_text": "We find that, not only can we produce models that are suitable for kick-starting thetreebanking process, but the accuracy of these mod els is comparable to parsers trained on gold standard data (Clark and Curran, 2007b; Miyao and Tsujii,2008), which have been successfully used in applications (Miyao et al, 2008)", 
    "clean_text": "", 
    "keep_for_gold": 0
  }, 
  {
    "citance_No": 9, 
    "citing_paper_id": "D10-1068", 
    "citing_paper_authority": 0, 
    "citing_paper_authors": "Rebecca, Dridan | Timothy, Baldwin", 
    "raw_text": "This metric is broadly comparable to the predicate? argument dependencies of CCGBank (Hockenmaier and Steed man, 2007) or of the ENJU grammar (Miyao and Tsujii, 2008), and also somewhat similar to the grammatical relations (GR) of the Briscoe and Carroll (2006) version of DepBank", 
    "clean_text": "This metric is broadly comparable to the predicate-argument dependencies of CCGBank (Hockenmaier and Steed man, 2007) or of the ENJU grammar (Miyao and Tsujii, 2008), and also somewhat similar to the grammatical relations (GR) of the Briscoe and Carroll (2006) version of DepBank.", 
    "keep_for_gold": 0
  }, 
  {
    "citance_No": 10, 
    "citing_paper_id": "W12-4207", 
    "citing_paper_authority": 2, 
    "citing_paper_authors": "Dan, Han | Katsuhito, Sudoh | Xianchao, Wu | Kevin, Duh | Hajime, Tsukada | Masaaki, Nagata", 
    "raw_text": "Isozaki et al (2010b) proposed a simple method of Head Finalization, by using an HPSG-based deep parser for English (Miyao and Tsujii, 2008) to obtain phrase structures and head information. The score results from several mainstream evaluation methods indicated that the translation quality had been improved; the scores of Word Error Rate (WER) and Translation Edit Rate (TER) (Snover et al, 2006) had especially been greatly reduced", 
    "clean_text": "Isozaki et al (2010b) proposed a simple method of Head Finalization, by using an HPSG-based deep parser for English (Miyao and Tsujii, 2008) to obtain phrase structures and head information.", 
    "keep_for_gold": 0
  }, 
  {
    "citance_No": 11, 
    "citing_paper_id": "P12-2061", 
    "citing_paper_authority": 5, 
    "citing_paper_authors": "Isao, Goto | Masao, Utiyama | Eiichiro, Sumita", 
    "raw_text": "Second, input English sentences are parsed by a high-quality parser, Enju (Miyao and Tsujii, 2008), which outputs syntactic heads", 
    "clean_text": "Second, input English sentences are parsed by a high-quality parser, Enju (Miyao and Tsujii, 2008), which outputs syntactic heads.", 
    "keep_for_gold": 0
  }, 
  {
    "citance_No": 12, 
    "citing_paper_id": "P12-2061", 
    "citing_paper_authority": 5, 
    "citing_paper_authors": "Isao, Goto | Masao, Utiyama | Eiichiro, Sumita", 
    "raw_text": "We used Enju (Miyao and Tsujii, 2008 )v2.4.2 for parsing the English side of the training data", 
    "clean_text": "We used Enju (Miyao and Tsujii, 2008) v2.4.2 for parsing the English side of the training data.", 
    "keep_for_gold": 0
  }, 
  {
    "citance_No": 13, 
    "citing_paper_id": "P13-1029", 
    "citing_paper_authority": 0, 
    "citing_paper_authors": "Yuan, Zhang | Regina, Barzilay | Amir, Globerson", 
    "raw_text": "For this experiment, we choose the C& amp; C parser (Clark and Curran, 2003) for CCG, Enju parser (Miyao and Tsujii, 2008) for HPSG and pipeline automatic annotator (Cahill et al, 2004) with Charniak parser for LFG", 
    "clean_text": "For this experiment, we choose the C & C parser (Clark and Curran, 2003) for CCG, Enju parser (Miyao and Tsujii, 2008) for HPSG and pipeline automatic annotator (Cahill et al, 2004) with Charniak parser for LFG.", 
    "keep_for_gold": 0
  }, 
  {
    "citance_No": 14, 
    "citing_paper_id": "W12-2425", 
    "citing_paper_authority": 0, 
    "citing_paper_authors": "Jin-Dong, Kim | Yue, Wang", 
    "raw_text": "Figure 4 shows an example of text conversion and annotation alignment that are required when the Enju parser (Miyao and Tsujii, 2008) needs to beused for the annotation of protein names", 
    "clean_text": "Figure 4 shows an example of text conversion and annotation alignment that are required when the Enju parser (Miyao and Tsujii, 2008) needs to be used for the annotation of protein names.", 
    "keep_for_gold": 0
  }, 
  {
    "citance_No": 15, 
    "citing_paper_id": "D09-1042", 
    "citing_paper_authority": 8, 
    "citing_paper_authors": "Wei, Lu | Hwee Tou, Ng | Wee Sun, Lee", 
    "raw_text": "For training, we use the feature forest model (Miyao and Tsujii, 2008), which was originally designed as an efficient algorithm for solving maximum entropy models for data with complex structures", 
    "clean_text": "For training, we use the feature forest model (Miyao and Tsujii, 2008), which was originally designed as an efficient algorithm for solving maximum entropy models for data with complex structures.", 
    "keep_for_gold": 0
  }, 
  {
    "citance_No": 16, 
    "citing_paper_id": "W11-1816", 
    "citing_paper_authority": 13, 
    "citing_paper_authors": "Pontus, Stenetorp | Goran, Topi&cacute; | Sampo, Pyysalo | Tomoko, Ohta | Jin-Dong, Kim | Jun'ichi, Tsujii", 
    "raw_text": "The other deep parser used was the HPSG parser Enju6 by Miyao and Tsujii (2008), also trained on GTB", 
    "clean_text": "The other deep parser used was the HPSG parser Enju by Miyao and Tsujii (2008), also trained on GTB.", 
    "keep_for_gold": 0
  }, 
  {
    "citance_No": 17, 
    "citing_paper_id": "P13-1103", 
    "citing_paper_authority": 1, 
    "citing_paper_authors": "Sumire, Uematsu | Takuya, Matsuzaki | Hiroki, Hanaoka | Yusuke, Miyao | Hideki, Mima", 
    "raw_text": "We employed the parser and the super tagger of (Miyao and Tsujii, 2008), specifically, its generalized modules for lexicalized grammars", 
    "clean_text": "We employed the parser and the supertagger of (Miyao and Tsujii, 2008), specifically, its generalized modules for lexicalized grammars.", 
    "keep_for_gold": 0
  }
]
