[
  {
    "citance_No": 1, 
    "citing_paper_id": "H05-1041", 
    "citing_paper_authority": 6, 
    "citing_paper_authors": "Ion, Androutsopoulos | Dimitrios, Galanis", 
    "raw_text": "(Single-tailed difference-of-proportions tests show that all the differences of Table 1 are statisti 11We follow the notation of Di Eugenio and Glass (2004)", 
    "clean_text": "We follow the notation of Di Eugenio and Glass (2004).", 
    "keep_for_gold": 0
  }, 
  {
    "citance_No": 2, 
    "citing_paper_id": "W06-1602", 
    "citing_paper_authority": 4, 
    "citing_paper_authors": "Johan, Bos | Malvina, Nissim", 
    "raw_text": "To assess this classification task we also used the kappa statistics which yielded KCo=0.922 (fol lowing (Eugenio and Glass, 2004) we report Kas KCo, indicating that we calculate Ka` la Co hen (Cohen, 1960)", 
    "clean_text": "To assess this classification task we also used the kappa statistics which yielded KCo=0.922 (following (Eugenio and Glass, 2004) we report Kas KCo, indicating that we calculate K a la Cohen (Cohen, 1960).", 
    "keep_for_gold": 0
  }, 
  {
    "citance_No": 3, 
    "citing_paper_id": "W10-1809", 
    "citing_paper_authority": 2, 
    "citing_paper_authors": "Aur&eacute;lie, Herbelot | Ann, Copestake", 
    "raw_text": "Feinstein and Cicchetti (1990), fol lowed by Di Eugenio and Glass (2004) proved that Kappa is subject to the effect of prevalence and that different marginal distributions can lead to very different Kappa values for the same observed agreement", 
    "clean_text": "Feinstein and Cicchetti (1990), followed by Di Eugenio and Glass (2004) proved that Kappa is subject to the effect of prevalence and that different marginal distributions can lead to very different Kappa values for the same observed agreement.", 
    "keep_for_gold": 0
  }, 
  {
    "citance_No": 4, 
    "citing_paper_id": "P07-1128", 
    "citing_paper_authority": 0, 
    "citing_paper_authors": "Pei-Yun, Hsueh | Johanna D., Moore", 
    "raw_text": "But Di Eugenio and Glass (2004) have found that this interpretation does not hold true for all tasks", 
    "clean_text": "But Di Eugenio and Glass (2004) have found that this interpretation does not hold true for all tasks.", 
    "keep_for_gold": 0
  }, 
  {
    "citance_No": 5, 
    "citing_paper_id": "W06-1318", 
    "citing_paper_authority": 3, 
    "citing_paper_authors": "Jeroen, Geertzen | Harry C., Bunt", 
    "raw_text": "(Di Eugenio and Glass, 2004)), one of which is the discrepancy between p0 and? for skewed class distribution", 
    "clean_text": "Ever since its introduction in general (Cohen, 1960) and in computational linguistics (Carletta, 1996), many researchers have pointed out that there are quite some problems in using \u03ba (e.g. (Di Eugenio and Glass, 2004)), one of which is the discrepancy between p0 and \u03ba for skewed class distribution.", 
    "keep_for_gold": 0
  }
]
