[
  {
    "citance_No": 1, 
    "citing_paper_id": "N03-1024", 
    "citing_paper_authority": 58, 
    "citing_paper_authors": "Bo, Pang | Kevin, Knight | Daniel, Marcu", 
    "raw_text": "It? s still possible to use MSA if, for example, the input is pre-clustered to have the same constituent ordering (Barzilay and Lee (2003))", 
    "clean_text": "It's still possible to use MSA if, for example, the input is pre-clustered to have the same constituent ordering (Barzilay and Lee (2003)).", 
    "keep_for_gold": 0
  }, 
  {
    "citance_No": 2, 
    "citing_paper_id": "P13-1137", 
    "citing_paper_authority": 2, 
    "citing_paper_authors": "Lu, Wang | Claire, Cardie", 
    "raw_text": "MSA is commonly use din bioinformatics to identify equivalent fragments of DNAs (Durbin et al, 1998) and has also been employed for learning para phrases (Barzilay and Lee, 2003)", 
    "clean_text": "MSA is commonly used in bioinformatics to identify equivalent fragments of DNAs (Durbin et al, 1998).", 
    "keep_for_gold": 0
  }, 
  {
    "citance_No": 3, 
    "citing_paper_id": "P13-1137", 
    "citing_paper_authority": 2, 
    "citing_paper_authors": "Lu, Wang | Claire, Cardie", 
    "raw_text": "The grammatical errors exist in the original abstracts. Following Barzilay and Lee (2003), we approach the sentence clustering task by hierarchical complete-link clustering with a similarity metric based on word n-gram overlap (n= 1, 2, 3)", 
    "clean_text": "Following Barzilay and Lee (2003), we approach the sentence clustering task by hierarchical complete-link clustering with a similarity metric based on word n-gram overlap (n= 1, 2, 3).", 
    "keep_for_gold": 0
  }, 
  {
    "citance_No": 4, 
    "citing_paper_id": "P13-1137", 
    "citing_paper_authority": 2, 
    "citing_paper_authors": "Lu, Wang | Claire, Cardie", 
    "raw_text": "2We adopt the scoring function for MSA from Barzilay and Lee (2003), where aligning two identical words scores 1, inserting a gap scores? 0.01, and aligning two different words scores? 0.5 .stracts", 
    "clean_text": "We adopt the scoring function for MSA from Barzilay and Lee (2003).", 
    "keep_for_gold": 0
  }, 
  {
    "citance_No": 5, 
    "citing_paper_id": "P13-1137", 
    "citing_paper_authority": 2, 
    "citing_paper_authors": "Lu, Wang | Claire, Cardie", 
    "raw_text": "3See Barzilay and Lee (2003) for a detailed discussion about the choice of 50% according to pigeonhole principle", 
    "clean_text": "See Barzilay and Lee (2003) for a detailed discussion about the choice of 50% according to pigeonhole principle.", 
    "keep_for_gold": 0
  }, 
  {
    "citance_No": 6, 
    "citing_paper_id": "W06-1603", 
    "citing_paper_authority": 11, 
    "citing_paper_authors": "Long, Qiu | Min-Yen, Kan | Tat-Seng, Chua", 
    "raw_text": "Barzilay and Lee (2003) proposed to apply multiple-sequence alignment (MSA) for traditional, sentence-level PR", 
    "clean_text": "Barzilay and Lee (2003) proposed to apply multiple-sequence alignment (MSA) for traditional, sentence-level PR.", 
    "keep_for_gold": 1
  }, 
  {
    "citance_No": 7, 
    "citing_paper_id": "N12-1024", 
    "citing_paper_authority": 1, 
    "citing_paper_authors": "Michael, Paul | Jason M., Eisner", 
    "raw_text": "This implies that our exact algorithm could be also used to find exact multi sequence alignments, an important problem in natural language processing (Barzilay and Lee, 2003) and computational biology (Durbin et al, 2006) that is almost always solved with approximate methods", 
    "clean_text": "This implies that our exact algorithm could be also used to find exact multi sequence alignments, an important problem in natural language processing (Barzilay and Lee, 2003) and computational biology (Durbin et al, 2006) that is almost always solved with approximate methods.", 
    "keep_for_gold": 0
  }, 
  {
    "citance_No": 8, 
    "citing_paper_id": "P04-1077", 
    "citing_paper_authority": 48, 
    "citing_paper_authors": "Chin-Yew, Lin | Franz Josef, Och", 
    "raw_text": "Paraphrases can also be automatically acquired using statistical methods as shown by Barzilay and Lee (2003)", 
    "clean_text": "Paraphrases can also be automatically acquired using statistical methods as shown by Barzilay and Lee (2003).", 
    "keep_for_gold": 0
  }, 
  {
    "citance_No": 9, 
    "citing_paper_id": "P10-1100", 
    "citing_paper_authority": 8, 
    "citing_paper_authors": "Michaela, Regneri | Alexander, Koller | Manfred, Pinkal", 
    "raw_text": "However, they don? t aim to acquire or represent the temporal structure of the whole script in the end. In its ability to learn paraphrases using Multiple Sequence Alignment, our system is related to Barzilay and Lee (2003)", 
    "clean_text": "In its ability to learn paraphrases using Multiple Sequence Alignment, our system is related to Barzilay and Lee (2003).", 
    "keep_for_gold": 0
  }, 
  {
    "citance_No": 10, 
    "citing_paper_id": "E09-1082", 
    "citing_paper_authority": 9, 
    "citing_paper_authors": "Josh, Schroeder | Trevor, Cohn | Philipp, Koehn", 
    "raw_text": "Matusov et al (2006) pro pose using a statistical word alignment algorithm as a more robust way of aligning (monolingual) outputs into a confusion network for system com2Barzilay and Lee (2003) construct lattices over paraphrases using an iterative pairwise multiple sequence alignment (MSA) algorithm", 
    "clean_text": "Barzilay and Lee (2003) construct lattices over paraphrases using an iterative pairwise multiple sequence alignment (MSA) algorithm.", 
    "keep_for_gold": 1
  }, 
  {
    "citance_No": 11, 
    "citing_paper_id": "W03-1608", 
    "citing_paper_authority": 22, 
    "citing_paper_authors": "Ali, Ibrahim | Boris, Katz | Jimmy, Lin", 
    "raw_text": "Similar to the work of Barzilay and Lee (2003), who have applied para phrase generation techniques to comparable corpora consisting of different newspaper articles about the same event, we are currently attempting to solve the data sparseness problem by extending our approach to non-parallel corpora", 
    "clean_text": "Similar to the work of Barzilay and Lee (2003), who have applied paraphrase generation techniques to comparable corpora consisting of different newspaper articles about the same event.", 
    "keep_for_gold": 0
  }, 
  {
    "citance_No": 12, 
    "citing_paper_id": "E12-1073", 
    "citing_paper_authority": 2, 
    "citing_paper_authors": "Aur&eacute;lien, Max | Houda, Bouamor | Anne, Vilnat", 
    "raw_text": "Barzilayand Lee (2003) proposed a multi-sequence alignment algorithm that takes structurally similar sentences and builds a compact lattice representation that encodes local variations", 
    "clean_text": "Barzilay and Lee (2003) proposed a multi-sequence alignment algorithm that takes structurally similar sentences and builds a compact lattice representation that encodes local variations.", 
    "keep_for_gold": 1
  }, 
  {
    "citance_No": 13, 
    "citing_paper_id": "D10-1055", 
    "citing_paper_authority": 3, 
    "citing_paper_authors": "Dominic, Espinosa | Rajakrishnan, Rajkumar | Michael, White | Shoshana, Berleant", 
    "raw_text": "The latter study applied several MT metrics to paraphrase data from Barzilay and Lee? s corpus-based system (Barzilay and Lee, 2003), and found moderate correlations with human adequacy judgments, but little correlation with fluency judgments", 
    "clean_text": "The latter study applied several MT metrics to paraphrase data from Barzilay and Lee's corpus-based system (Barzilay and Lee, 2003), and found moderate correlations with human adequacy judgments, but little correlation with fluency judgments.", 
    "keep_for_gold": 0
  }, 
  {
    "citance_No": 14, 
    "citing_paper_id": "W12-4006", 
    "citing_paper_authority": 2, 
    "citing_paper_authors": "Angelina, Ivanova | Elena, Cabrio | Bernardo, Magnini", 
    "raw_text": "Barzilay and Lee (2003) present an approach for generating sentence level paraphrases, learning structurally similar patterns of expression from data and identifying paraphrasing pairs among them using a comparable corpus", 
    "clean_text": "Barzilay and Lee (2003) present an approach for generating sentence level paraphrases, learning structurally similar patterns of expression from data and identifying paraphrasing pairs among them using a comparable corpus.", 
    "keep_for_gold": 1
  }, 
  {
    "citance_No": 15, 
    "citing_paper_id": "W08-0906", 
    "citing_paper_authority": 3, 
    "citing_paper_authors": "Delphine, Bernhard | Iryna, Gurevych", 
    "raw_text": "While word and phrasal paraphrases canbe assimilated to the well-studied notion of synonymy, sentence level paraphrasing is more difficult to grasp and can not be equated with word-for-word or phrase-by-phrase substitution since it might entail changes in the structure of the sentence (Barzilay and Lee, 2003)", 
    "clean_text": "While word and phrasal paraphrases can be assimilated to the well-studied notion of synonymy, sentence level paraphrasing is more difficult to grasp and can not be equated with word-for-word or phrase-by-phrase substitution since it might entail changes in the structure of the sentence (Barzilay and Lee, 2003).", 
    "keep_for_gold": 0
  }, 
  {
    "citance_No": 16, 
    "citing_paper_id": "W08-0906", 
    "citing_paper_authority": 3, 
    "citing_paper_authors": "Delphine, Bernhard | Iryna, Gurevych", 
    "raw_text": "There exist many different string similarity measures: word overlap (Tomuro and Lytinen, 2004), longest common subsequence (Islam and Inkpen, 2007), Levenshtein edit distance (Dolan et al, 2004), word n-gram overlap (Barzilay and Lee, 2003) etc. Semantic similarity measures are obtained by first computing the semantic similarity of the words contained in the sentences being compared", 
    "clean_text": "There exist many different string similarity measures: word overlap (Tomuro and Lytinen, 2004), longest common subsequence (Islam and Inkpen, 2007), Levenshtein edit distance (Dolan et al, 2004), word n-gram overlap (Barzilay and Lee, 2003) etc.", 
    "keep_for_gold": 0
  }, 
  {
    "citance_No": 17, 
    "citing_paper_id": "W11-0111", 
    "citing_paper_authority": 1, 
    "citing_paper_authors": "Manaal, Faruqui | Sebastian, Pad&oacute;", 
    "raw_text": "Another direction is to build on methods to extract paraphrases from comparable corpora (Barzilay and Lee, 2003), and extend them to capture asymmetrical pairs, where entailment holds in one, but not the other, direction", 
    "clean_text": "Another direction is to build on methods to extract paraphrases from comparable corpora (Barzilay and Lee, 2003), and extend them to capture asymmetrical pairs, where entailment holds in one, but not the other, direction.", 
    "keep_for_gold": 0
  }, 
  {
    "citance_No": 18, 
    "citing_paper_id": "P06-2096", 
    "citing_paper_authority": 4, 
    "citing_paper_authors": "Siwei, Shen | Dragomir R., Radev | Agam, Patel | Gunes, Erkan", 
    "raw_text": "Previous work aligns a group of sentences into a compact word lattice (Barzilay and Lee, 2003), a finite state automaton representation that can be used to identify commonality or variability among comparable texts and generate paraphrases", 
    "clean_text": "Previous work aligns a group of sentences into a compact word lattice (Barzilay and Lee, 2003), a finite state automaton representation that can be used to identify commonality or variability among comparable texts and generate paraphrases.", 
    "keep_for_gold": 0
  }, 
  {
    "citance_No": 19, 
    "citing_paper_id": "P06-2096", 
    "citing_paper_authority": 4, 
    "citing_paper_authors": "Siwei, Shen | Dragomir R., Radev | Agam, Patel | Gunes, Erkan", 
    "raw_text": "Our work is closest in spirit to the two papers that inspired us (Barzilay and Lee, 2003) and (Pang et al, 2003)", 
    "clean_text": "Our work is closest in spirit to the two papers that inspired us (Barzilay and Lee, 2003).", 
    "keep_for_gold": 0
  }, 
  {
    "citance_No": 20, 
    "citing_paper_id": "P07-1058", 
    "citing_paper_authority": 21, 
    "citing_paper_authors": "Idan, Szpektor | Eyal, Shnarch | Ido, Dagan", 
    "raw_text": "Indeed, only few earlier works reported inter-judge agreement level, and those that did reported rather low Kappa values, such as 0.54 (Barzilay and Lee, 2003) and 0.55 0.63 (Szpektor et al, 2004) .To conclude, the prominent rule-based methodology for entailment rule evaluation is not sufficiently well defined", 
    "clean_text": "Indeed, only few earlier works reported inter-judge agreement level, and those that did reported rather low Kappa values, such as 0.54 (Barzilay and Lee, 2003) and 0.55 0.63 (Szpektor et al, 2004).", 
    "keep_for_gold": 0
  }
]
