[
  {
    "citance_No": 1, 
    "citing_paper_id": "P07-1107", 
    "citing_paper_authority": 33, 
    "citing_paper_authors": "Aria, Haghighi | Dan, Klein", 
    "raw_text": "Denis and Baldridge (2007) re 854 port 67.1 F1 and 69.2 F1 on the English NWIRE and BNEWS respectively using true mention boundaries. While our system under performs the supervised systems, its accuracy is nonetheless promising", 
    "clean_text": "Denis and Baldridge (2007) report 67.1 F1 and 69.2 F1 on the English NWIRE and BNEWS respectively using true mention boundaries.", 
    "keep_for_gold": 0
  }, 
  {
    "citance_No": 2, 
    "citing_paper_id": "P13-1012", 
    "citing_paper_authority": 4, 
    "citing_paper_authors": "Greg, Durrett | David, Hall | Dan, Klein", 
    "raw_text": "It is also similar to the MLN-JOINT (BF) model of Song et al (2012), but we enforce the single parent constraint at a deeper structural level, al lowing us to treat non-anaphoricity symmetrically with co reference as in Denis and Baldridge (2007) and Stoyanov and Eisner (2012)", 
    "clean_text": "It is also similar to the MLN-JOINT (BF) model of Song et al (2012), but we enforce the single parent constraint at a deeper structural level, allowing us to treat non-anaphoricity symmetrically with coreference as in Denis and Baldridge (2007) and Stoyanov and Eisner (2012).", 
    "keep_for_gold": 0
  }, 
  {
    "citance_No": 3, 
    "citing_paper_id": "D12-1114", 
    "citing_paper_authority": 2, 
    "citing_paper_authors": "Xin, Zhao | Yang, Song | Sujian, Li | Jing, Jiang | Houfeng, Wang", 
    "raw_text": "Denis and Baldridge (2007) adopted an Integer Linear Programming (ILP) formulation for co reference resolution which models anaphoricity and co reference as a joint task", 
    "clean_text": "Denis and Baldridge (2007) adopted an Integer Linear Programming (ILP) formulation for coreference resolution which models anaphoricity and coreference as a joint task.", 
    "keep_for_gold": 0
  }, 
  {
    "citance_No": 4, 
    "citing_paper_id": "D08-1067", 
    "citing_paper_authority": 16, 
    "citing_paper_authors": "Vincent, Ng", 
    "raw_text": "III and Marcu (2005)) and joint inference (e.g., Denis and Baldridge (2007)) for co reference resolution and a related extraction task", 
    "clean_text": "", 
    "keep_for_gold": 0
  }, 
  {
    "citance_No": 5, 
    "citing_paper_id": "W11-1917", 
    "citing_paper_authority": 1, 
    "citing_paper_authors": "Xinxin, Li | Xuan, Wang | Shuhan, Qi", 
    "raw_text": "Extending Denis and Baldridge (2007) and Finkel and Manning (2008)? s work, we exploit loose transitivity constraints on co reference pairs", 
    "clean_text": "Extending Denis and Baldridge (2007) and Finkel and Manning (2008)'s work, we exploit loose transitivity constraints on coreference pairs.", 
    "keep_for_gold": 0
  }, 
  {
    "citance_No": 6, 
    "citing_paper_id": "W11-1917", 
    "citing_paper_authority": 1, 
    "citing_paper_authors": "Xinxin, Li | Xuan, Wang | Shuhan, Qi", 
    "raw_text": "Several work have been developed to overcome the problem ,e.g., Bell trees (Luo et al, 2004), conditional random fields (McCallum and Wellner, 2004) and re ranker (Ng, 2005) .Denis and Baldridge (2007) proposed an ILP formulation to find the optimal solution for the problem", 
    "clean_text": "Denis and Baldridge (2007) proposed an ILP formulation to find the optimal solution for the problem.", 
    "keep_for_gold": 0
  }, 
  {
    "citance_No": 7, 
    "citing_paper_id": "N09-1065", 
    "citing_paper_authority": 8, 
    "citing_paper_authors": "Vincent, Ng", 
    "raw_text": "It is worth noting, in particular, that Luo (2007), Denis and Baldridge (2007), and Finkel and Manning (2008) evaluate their approaches on true mentions extracted from the answer keys", 
    "clean_text": "It is worth noting, in particular, that Luo (2007), Denis and Baldridge (2007), and Finkel and Manning (2008) evaluate their approaches on true mentions extracted from the answer keys.", 
    "keep_for_gold": 0
  }, 
  {
    "citance_No": 8, 
    "citing_paper_id": "N09-1065", 
    "citing_paper_authority": 8, 
    "citing_paper_authors": "Vincent, Ng", 
    "raw_text": "3.4 Denis and Baldridge (2007)", 
    "clean_text": "", 
    "keep_for_gold": 0
  }, 
  {
    "citance_No": 9, 
    "citing_paper_id": "N09-1065", 
    "citing_paper_authority": 8, 
    "citing_paper_authors": "Vincent, Ng", 
    "raw_text": "In comparison to the first base line, performance improves, though insignificantly,5 in all cases: MUC F-score increases by 0.2? 0.8%, whereas CEAF F-score increases by 0.3? 1.0% .Duplicated Denis and Baldridge (2007) base line", 
    "clean_text": "", 
    "keep_for_gold": 0
  }, 
  {
    "citance_No": 10, 
    "citing_paper_id": "D11-1099", 
    "citing_paper_authority": 3, 
    "citing_paper_authors": "Altaf, Rahman | Vincent, Ng", 
    "raw_text": "Similarly, a new or med entity is non-anaphoric, since the entity has not been previously introduced in the conversation and therefore can not have an antecedent. There has been a lot of recent work on anaphoric ity determination (e.g., Bean and Riloff (1999), Uryupina (2003), Ng (2004), Denis and Baldridge (2007), Versley et al (2008), Ng (2009), Zhou and Kong (2009))", 
    "clean_text": "", 
    "keep_for_gold": 0
  }, 
  {
    "citance_No": 11, 
    "citing_paper_id": "D08-1031", 
    "citing_paper_authority": 41, 
    "citing_paper_authors": "Eric, Bengtson | Dan, Roth", 
    "raw_text": "Anaphoricity Ng and Cardie (2002a) and Denisand Baldridge (2007) show that when used effectively, explicitly predicting anaphoricity can be helpful", 
    "clean_text": "Ng and Cardie (2002a) and Denis and Baldridge (2007) show that when used effectively, explicitly predicting anaphoricity can be helpful.", 
    "keep_for_gold": 0
  }, 
  {
    "citance_No": 12, 
    "citing_paper_id": "D09-1062", 
    "citing_paper_authority": 12, 
    "citing_paper_authors": "Yejin, Choi | Claire, Cardie", 
    "raw_text": "We formulate our lexicon adaptation task using integer linear programming (ILP), which has been shown to bevery effective when solving problems with complex constraints (e.g., Roth and Yih (2004), Denis and Baldridge (2007))", 
    "clean_text": "We formulate our lexicon adaptation task using integer linear programming (ILP), which has been shown to bevery effective when solving problems with complex constraints (e.g., Roth and Yih (2004), Denis and Baldridge (2007)).", 
    "keep_for_gold": 0
  }, 
  {
    "citance_No": 13, 
    "citing_paper_id": "P10-1142", 
    "citing_paper_authority": 27, 
    "citing_paper_authors": "Vincent, Ng", 
    "raw_text": "Examplesof such approaches have exploited techniques including integer linear programming (ILP) (Denis and Baldridge, 2007a), label propagation (Zhou and Kong, 2009), and minimum cuts (Ng, 2009)", 
    "clean_text": "Examples of such approaches have exploited techniques including integer linear programming (ILP) (Denis and Baldridge, 2007a), label propagation (Zhou and Kong, 2009), and minimum cuts (Ng, 2009).", 
    "keep_for_gold": 0
  }, 
  {
    "citance_No": 14, 
    "citing_paper_id": "P11-1081", 
    "citing_paper_authority": 5, 
    "citing_paper_authors": "Ryu, Iida | Massimo, Poesio", 
    "raw_text": "We present an ILP-based model of zero anaphora detection and resolution that builds on the joint determination of anaphoricity and co reference model proposed by Denis and Baldridge (2007), but revises it and extends it into a three-way ILP problem also incorporating subject detection", 
    "clean_text": "We present an ILP-based model of zero anaphora detection and resolution that builds on the joint determination of anaphoricity and coreference model proposed by Denis and Baldridge (2007), but revises it and extends it into a three-way ILP problem also incorporating subject detection.", 
    "keep_for_gold": 0
  }, 
  {
    "citance_No": 15, 
    "citing_paper_id": "P11-1081", 
    "citing_paper_authority": 5, 
    "citing_paper_authors": "Ryu, Iida | Massimo, Poesio", 
    "raw_text": "804 task, for which Integer Linear Programming (ILP)? introduced to NLP by Roth and Yih (2004) and successfully applied by Denis and Baldridge (2007 )tothe task of jointly inferring anaphoricity and deter mining the antecedent? would be appropriate", 
    "clean_text": "", 
    "keep_for_gold": 0
  }, 
  {
    "citance_No": 16, 
    "citing_paper_id": "P11-1081", 
    "citing_paper_authority": 5, 
    "citing_paper_authors": "Ryu, Iida | Massimo, Poesio", 
    "raw_text": "Section 2 briefly summarizes the approach proposed by Denis and Baldridge (2007)", 
    "clean_text": "Section 2 briefly summarizes the approach proposed by Denis and Baldridge (2007).", 
    "keep_for_gold": 0
  }, 
  {
    "citance_No": 17, 
    "citing_paper_id": "P11-1081", 
    "citing_paper_authority": 5, 
    "citing_paper_authors": "Ryu, Iida | Massimo, Poesio", 
    "raw_text": "Denis and Baldridge (2007) defined the following object function for the joint anaphoricity and coref erence determination problem", 
    "clean_text": "Denis and Baldridge (2007) defined the following object function for the joint anaphoricity and coreference determination problem.", 
    "keep_for_gold": 0
  }, 
  {
    "citance_No": 18, 
    "citing_paper_id": "P08-1002", 
    "citing_paper_authority": 7, 
    "citing_paper_authors": "Shane, Bergsma | Dekang, Lin | Randy, Goebel", 
    "raw_text": "Non-referential it detection should not bea pre-processing step, but rather part of a globally optimal configuration, as was done for general noun phrase anaphoricity by Denis and Baldridge (2007) .The suitability of this kind of approach to correcting some of our system? s errors is especially obvious when we inspect the probabilities of the maximum entropy model? s output decisions on the Test-200 set", 
    "clean_text": "Non-referential it detection should not be a pre-processing step, but rather part of a globally optimal configuration, as was done for general noun phrase anaphoricity by Denis and Baldridge (2007).", 
    "keep_for_gold": 0
  }, 
  {
    "citance_No": 19, 
    "citing_paper_id": "D08-1069", 
    "citing_paper_authority": 21, 
    "citing_paper_authors": "Pascal, Denis | Jason, Baldridge", 
    "raw_text": "These modifications involve: (i) the use of rankers instead of classifiers, and (ii) the use of linguistically motivated, specialized models for different types of mentions. Ranking models provide a theoretically more ad equate and empirically better alternative approach to pronoun resolution than standard classification based approaches (Denis and Baldridge, 2007b)", 
    "clean_text": "Ranking models provide a theoretically more adequate and empirically better alternative approach to pronoun resolution than standard classification based approaches (Denis and Baldridge, 2007b).", 
    "keep_for_gold": 0
  }, 
  {
    "citance_No": 20, 
    "citing_paper_id": "D08-1069", 
    "citing_paper_authority": 21, 
    "citing_paper_authors": "Pascal, Denis | Jason, Baldridge", 
    "raw_text": "By using joint inference for anaphoricity and co reference, Denis and Baldridge (2007a) avoid cascade-induced errors without the need to separately optimize the threshold", 
    "clean_text": "By using joint inference for anaphoricity and coreference, Denis and Baldridge (2007a) avoid cascade-induced errors without the need to separately optimize the threshold.", 
    "keep_for_gold": 1
  }
]
