[
  {
    "citance_No": 1, 
    "citing_paper_id": "W04-2610", 
    "citing_paper_authority": 5, 
    "citing_paper_authors": "Roxana, G&icirc;rju | Ana-Maria, Giuglea | Marian, Olteanu | Ovidiu, Fortu | Orest, Bolohan | Dan, Moldovan", 
    "raw_text": "The annotation of each example consisted of specifying its feature vector and the most appropriate semantic relation as defined in (Moldovan et al 2004)", 
    "clean_text": "The annotation of each example consisted of specifying its feature vector and the most appropriate semantic relation as defined in (Moldovan et al 2004).", 
    "keep_for_gold": 0
  }, 
  {
    "citance_No": 2, 
    "citing_paper_id": "W04-2610", 
    "citing_paper_authority": 5, 
    "citing_paper_authors": "Roxana, G&icirc;rju | Ana-Maria, Giuglea | Marian, Olteanu | Ovidiu, Fortu | Orest, Bolohan | Dan, Moldovan", 
    "raw_text": "It also provides a mapping from the FrameNet deep semantic roles to general thematic roles (list defined in (Moldovan et al 2004)), and use cases for VerbNet", 
    "clean_text": "It also provides a mapping from the FrameNet deep semantic roles to general thematic roles (list defined in (Moldovan et al 2004)), and use cases for VerbNet.", 
    "keep_for_gold": 0
  }, 
  {
    "citance_No": 3, 
    "citing_paper_id": "W04-2610", 
    "citing_paper_authority": 5, 
    "citing_paper_authors": "Roxana, G&icirc;rju | Ana-Maria, Giuglea | Marian, Olteanu | Ovidiu, Fortu | Orest, Bolohan | Dan, Moldovan", 
    "raw_text": "The list of 35 semantic relations was presented in (Moldovan et al 2004)", 
    "clean_text": "The list of 35 semantic relations was presented in (Moldovan et al 2004).", 
    "keep_for_gold": 0
  }, 
  {
    "citance_No": 4, 
    "citing_paper_id": "W04-2610", 
    "citing_paper_authority": 5, 
    "citing_paper_authors": "Roxana, G&icirc;rju | Ana-Maria, Giuglea | Marian, Olteanu | Ovidiu, Fortu | Orest, Bolohan | Dan, Moldovan", 
    "raw_text": "We have compared the performance of SVM with three other learning algorithms: (1) semantic scattering (Moldovan et al 2004), (2 )decision trees (a C4.5 implementation), and (3) Naive Bayes", 
    "clean_text": "We have compared the performance of SVM with three other learning algorithms: (1) semantic scattering (Moldovan et al 2004), (2) decision trees (a C4.5 implementation), and (3) Naive Bayes.", 
    "keep_for_gold": 0
  }, 
  {
    "citance_No": 5, 
    "citing_paper_id": "W04-2610", 
    "citing_paper_authority": 5, 
    "citing_paper_authors": "Roxana, G&icirc;rju | Ana-Maria, Giuglea | Marian, Olteanu | Ovidiu, Fortu | Orest, Bolohan | Dan, Moldovan", 
    "raw_text": "We considered as baseline semantic scattering which isa new learning model (Moldovan et al 2004) developed in-house for the semantic classification of noun noun pairs in NP constructions", 
    "clean_text": "We considered as baseline semantic scattering which is a new learning model (Moldovan et al 2004) developed in-house for the semantic classification of noun noun pairs in NP constructions.", 
    "keep_for_gold": 0
  }, 
  {
    "citance_No": 6, 
    "citing_paper_id": "P06-2064", 
    "citing_paper_authority": 14, 
    "citing_paper_authors": "Su Nam, Kim | Timothy, Baldwin", 
    "raw_text": "Recent work on the automatic/semi automatic interpretation of NCs (e.g., Lapata (2002), Rosario and Marti (2001), Moldovan et al (2004) and Kim and Baldwin (2005)) has made assumptions about the scope of semantic relations or restricted the domain of interpretation", 
    "clean_text": "Recent work on the automatic/semi automatic interpretation of NCs (e.g., Lapata (2002), Rosario and Marti (2001), Moldovan et al (2004) and Kim and Baldwin (2005)) has made assumptions about the scope of semantic relations or restricted the domain of interpretation.", 
    "keep_for_gold": 0
  }, 
  {
    "citance_No": 7, 
    "citing_paper_id": "P06-2064", 
    "citing_paper_authority": 14, 
    "citing_paper_authors": "Su Nam, Kim | Timothy, Baldwin", 
    "raw_text": "Moldovan et al (2004) used the word senses of nouns based on the do main or range of interpretation of an NC, leading to questions of scalability and portability to noveldomains/NC types", 
    "clean_text": "Moldovan et al (2004) used the word senses of nouns based on the do main or range of interpretation of an NC, leading to questions of scalability and portability to noveldomains/NC types.", 
    "keep_for_gold": 0
  }, 
  {
    "citance_No": 8, 
    "citing_paper_id": "P06-2064", 
    "citing_paper_authority": 14, 
    "citing_paper_authors": "Su Nam, Kim | Timothy, Baldwin", 
    "raw_text": "Rosario and Marti (2001) achieved about 60% using a neural net work in a closed domain, Moldovan et al (2004) achieved 43% using word sense disambiguation of the head noun and modifier over open domain data, and Kim and Baldwin (2005) produced 53% using lexical similarities of the head noun and modifier (using the same relation set, but evaluated over a different dataset)", 
    "clean_text": "Rosario and Marti (2001) achieved about 60% using a neural net work in a closed domain, Moldovan et al (2004) achieved 43% using word sense disambiguation of the head noun and modifier over open domain data, and Kim and Baldwin (2005) produced 53% using lexical similarities of the head noun and modifier (using the same relation set, but evaluated over a different dataset).", 
    "keep_for_gold": 0
  }, 
  {
    "citance_No": 9, 
    "citing_paper_id": "I08-1074", 
    "citing_paper_authority": 0, 
    "citing_paper_authors": "Su Nam, Kim | Timothy, Baldwin", 
    "raw_text": "In this study, we selected three semantic similarity based models which had been found to perform strongly in previous research, and which were easy to re-implement: SENSE COLLOCATION (Moldovan et al, 2004), CONSTITUENT SIMILARITY (Kim and Baldwin, 2005) and CO-TRAINING ,e.g. using Sense COLLOCATION or CONSTITUENT SIMILAR ITY (Kim and Baldwin, 2007)", 
    "clean_text": "In this study, we selected three semantic similarity based models which had been found to perform strongly in previous research, and which were easy to re-implement: SENSE COLLOCATION (Moldovan et al, 2004), CONSTITUENT SIMILARITY (Kim and Baldwin, 2005) and CO-TRAINING ,e.g. using Sense COLLOCATION or CONSTITUENT SIMILAR ITY (Kim and Baldwin, 2007).", 
    "keep_for_gold": 0
  }, 
  {
    "citance_No": 10, 
    "citing_paper_id": "I08-1074", 
    "citing_paper_authority": 0, 
    "citing_paper_authors": "Su Nam, Kim | Timothy, Baldwin", 
    "raw_text": "We tested the original methods of Moldovan et al (2004) and Kim and Baldwin (2005), and combined them with the co-training methods of Kim and Baldwin (2007) to come up with six different hybrid systems for evaluation, as detailed in Table 1", 
    "clean_text": "We tested the original methods of Moldovan et al (2004) and Kim and Baldwin (2005), and combined them with the co-training methods of Kim and Baldwin (2007) to come up with six different hybrid systems for evaluation, as detailed in Table 1.", 
    "keep_for_gold": 0
  }, 
  {
    "citance_No": 11, 
    "citing_paper_id": "W07-2003", 
    "citing_paper_authority": 44, 
    "citing_paper_authors": "Roxana, G&icirc;rju | Preslav, Nakov | Vivi, Nastase | Stan, Szpakowicz | Peter D., Turney | Deniz, Yuret", 
    "raw_text": "Moldovan et al (2004) propose a 35 class scheme to classify relations in various phrases; the same scheme has been applied to noun com pounds and other noun phrases (Girju et al, 2005)", 
    "clean_text": "Moldovan et al (2004) propose a 35 class scheme to classify relations in various phrases; the same scheme has been applied to noun com pounds and other noun phrases (Girju et al, 2005).", 
    "keep_for_gold": 1
  }, 
  {
    "citance_No": 12, 
    "citing_paper_id": "P07-3014", 
    "citing_paper_authority": 3, 
    "citing_paper_authors": "Paul, Nulty", 
    "raw_text": "Moldovan et al (2004) also use WordNet", 
    "clean_text": "Moldovan et al (2004) also use WordNet.", 
    "keep_for_gold": 0
  }, 
  {
    "citance_No": 13, 
    "citing_paper_id": "W07-2049", 
    "citing_paper_authority": 1, 
    "citing_paper_authors": "Su Nam, Kim | Timothy, Baldwin", 
    "raw_text": "The first method uses sense collocations as proposed by Moldovan et al (2004), and the second method uses the lexical similarity of the component words in the NC as proposed by Kim and Baldwin (2005)", 
    "clean_text": "The first method uses sense collocations as proposed by Moldovan et al (2004), and the second method uses the lexical similarity of the component words in the NC as proposed by Kim and Baldwin (2005).", 
    "keep_for_gold": 0
  }, 
  {
    "citance_No": 14, 
    "citing_paper_id": "W07-2049", 
    "citing_paper_authority": 1, 
    "citing_paper_authors": "Su Nam, Kim | Timothy, Baldwin", 
    "raw_text": "Moldovan et al (2004) proposed a method called semantic scattering for interpreting NCs", 
    "clean_text": "Moldovan et al (2004) proposed a method called semantic scattering for interpreting NCs.", 
    "keep_for_gold": 1
  }, 
  {
    "citance_No": 15, 
    "citing_paper_id": "P08-1027", 
    "citing_paper_authority": 15, 
    "citing_paper_authors": "Dmitry, Davidov | Ari, Rappoport", 
    "raw_text": "A wide variety of features are used by different algorithms, ranging from simple bag-of-words frequencies to WordNet-based features (Moldovan et al., 2004)", 
    "clean_text": "A wide variety of features are used by different algorithms, ranging from simple bag-of-words frequencies to WordNet-based features (Moldovan et al., 2004).", 
    "keep_for_gold": 0
  }, 
  {
    "citance_No": 16, 
    "citing_paper_id": "P08-1027", 
    "citing_paper_authority": 15, 
    "citing_paper_authors": "Dmitry, Davidov | Ari, Rappoport", 
    "raw_text": "Moldovan et al (2004) proposed a different scheme with 35 classes", 
    "clean_text": "Moldovan et al (2004) proposed a different scheme with 35 classes.", 
    "keep_for_gold": 0
  }, 
  {
    "citance_No": 17, 
    "citing_paper_id": "W07-2082", 
    "citing_paper_authority": 0, 
    "citing_paper_authors": "Paul, Nulty", 
    "raw_text": "Moldovan et al (2004) also use WordNet", 
    "clean_text": "Moldovan et al (2004) also use WordNet.", 
    "keep_for_gold": 0
  }, 
  {
    "citance_No": 18, 
    "citing_paper_id": "P10-1070", 
    "citing_paper_authority": 10, 
    "citing_paper_authors": "Stephen, Tratz | Eduard, Hovy", 
    "raw_text": "Moldovan et al (2004) use SVMs as well asa novel algorithm (i.e., semantic scattering)", 
    "clean_text": "Moldovan et al (2004) use SVMs as well as a novel algorithm (i.e., semantic scattering).", 
    "keep_for_gold": 0
  }, 
  {
    "citance_No": 19, 
    "citing_paper_id": "H05-1112", 
    "citing_paper_authority": 6, 
    "citing_paper_authors": "Dan, Moldovan | Adriana, Badulescu", 
    "raw_text": "Fromthese, 80% were used for training and 20% for test ing. Each genitive instance was tagged with the corresponding semantic relations by two annotators, based on a list of 35 most frequently used semantic relations proposed by (Moldovan et al, 2004) and shown in Table 1", 
    "clean_text": "From these, 80% were used for training and 20% for test ing. Each genitive instance was tagged with the corresponding semantic relations by two annotators, based on a list of 35 most frequently used semantic relations proposed by (Moldovan et al, 2004) and shown in Table 1.", 
    "keep_for_gold": 0
  }, 
  {
    "citance_No": 20, 
    "citing_paper_id": "H05-1047", 
    "citing_paper_authority": 21, 
    "citing_paper_authors": "Marta, Tatu | Dan, Moldovan", 
    "raw_text": "For this study, we adopt a revised version of these mantic relation set proposed by (Moldovan et al, 2004)", 
    "clean_text": "For this study, we adopt a revised version of these mantic relation set proposed by (Moldovan et al, 2004).", 
    "keep_for_gold": 0
  }
]
