[
  {
    "citance_No": 1, 
    "citing_paper_id": "P04-1060", 
    "citing_paper_authority": 15, 
    "citing_paper_authors": "Jonas, Kuhn", 
    "raw_text": "for parsing (Hwa et al., 2002), but also grammar induction work based on constituent/distituent information (Klein and Manning, 2002) and (language-internal) alignment based learning (van Zaanen, 2000)", 
    "clean_text": "A number of studies are related to the work we presented, most specifically work on parallel-text based \"information projection\" for parsing (Hwa et al., 2002), but also grammar induction work based on constituent/distituent information (Klein and Manning, 2002) and (language-internal) alignment based learning (van Zaanen, 2000).", 
    "keep_for_gold": 0
  }, 
  {
    "citance_No": 2, 
    "citing_paper_id": "P14-1100", 
    "citing_paper_authority": 0, 
    "citing_paper_authors": "Ankur, Parikh | Shay B., Cohen | Eric P., Xing", 
    "raw_text": "Empirically, our algorithm performs favorably compared to the constituent context model of Klein and Manning (2002) without the need for careful initialization", 
    "clean_text": "Empirically, our algorithm performs favorably compared to the constituent context model of Klein and Manning (2002) without the need for careful initialization.", 
    "keep_for_gold": 0
  }, 
  {
    "citance_No": 3, 
    "citing_paper_id": "P14-1100", 
    "citing_paper_authority": 0, 
    "citing_paper_authors": "Ankur, Parikh | Shay B., Cohen | Eric P., Xing", 
    "raw_text": "4 We primarily compare our method to the constituent-context model (CCM) of Klein and Manning (2002)", 
    "clean_text": "We primarily compare our method to the constituent-context model (CCM) of Klein and Manning (2002).", 
    "keep_for_gold": 0
  }, 
  {
    "citance_No": 4, 
    "citing_paper_id": "P14-1100", 
    "citing_paper_authority": 0, 
    "citing_paper_authors": "Ankur, Parikh | Shay B., Cohen | Eric P., Xing", 
    "raw_text": "CCM is used with the initializer proposed in Klein and Manning (2002)", 
    "clean_text": "CCM is used with the initializer proposed in Klein and Manning (2002).", 
    "keep_for_gold": 0
  }, 
  {
    "citance_No": 5, 
    "citing_paper_id": "P14-1100", 
    "citing_paper_authority": 0, 
    "citing_paper_authors": "Ankur, Parikh | Shay B., Cohen | Eric P., Xing", 
    "raw_text": "performs subs tan tially better, suggesting that if we had a better top bracket heuristic our performance would increase. Test II: Sensitivity to initialization The EM algorithm with the CCM requires very careful initialization, which is described in Klein and Manning (2002)", 
    "clean_text": "The EM algorithm with the CCM requires very careful initialization, which is described in Klein and Manning (2002).", 
    "keep_for_gold": 0
  }, 
  {
    "citance_No": 6, 
    "citing_paper_id": "P14-1100", 
    "citing_paper_authority": 0, 
    "citing_paper_authors": "Ankur, Parikh | Shay B., Cohen | Eric P., Xing", 
    "raw_text": "Empirically, our algorithm performs favorably to the CCM of Klein and Manning (2002) without the need for careful initialization", 
    "clean_text": "Empirically, our algorithm performs favorably to the CCM of Klein and Manning (2002) without the need for careful initialization.", 
    "keep_for_gold": 0
  }, 
  {
    "citance_No": 7, 
    "citing_paper_id": "N06-1020", 
    "citing_paper_authority": 88, 
    "citing_paper_authors": "David, McClosky | Eugene, Charniak | Mark, Johnson", 
    "raw_text": "strategies where no data is labeled and all annotations (including the grammar itself) must be discovered (Klein and Manning, 2002)", 
    "clean_text": "Finally, there are \"unsupervised\" strategies where no data is labeled and all annotations (including the grammar itself) must be discovered (Klein and Manning, 2002).", 
    "keep_for_gold": 0
  }, 
  {
    "citance_No": 8, 
    "citing_paper_id": "P07-1049", 
    "citing_paper_authority": 32, 
    "citing_paper_authors": "Yoav, Seginer", 
    "raw_text": "When Klein and Manning induce the parts-of-speech, they do so from a much larger corpus containing the full WSJ tree bank together with additional WSJ newswire (Klein and Manning,2002)", 
    "clean_text": "When Klein and Manning induce the parts-of-speech, they do so from a much larger corpus containing the full WSJ tree bank together with additional WSJ newswire (Klein and Manning,2002).", 
    "keep_for_gold": 1
  }, 
  {
    "citance_No": 9, 
    "citing_paper_id": "P04-1062", 
    "citing_paper_authority": 14, 
    "citing_paper_authors": "Noah A., Smith | Jason M., Eisner", 
    "raw_text": "An excellent recent result is by Klein and Manning (2002)", 
    "clean_text": "An excellent recent result is by Klein and Manning (2002).", 
    "keep_for_gold": 0
  }, 
  {
    "citance_No": 10, 
    "citing_paper_id": "P04-1062", 
    "citing_paper_authority": 14, 
    "citing_paper_authors": "Noah A., Smith | Jason M., Eisner", 
    "raw_text": "All conditions but 11We refer readers to Klein and Manning (2002) or Cover and Thomas (1991, p. 72) for details; computing expected counts for a sentence is a closed form operation", 
    "clean_text": "We refer readers to Klein and Manning (2002) or Cover and Thomas (1991, p. 72) for details; computing expected counts for a sentence is a closed form operation.", 
    "keep_for_gold": 0
  }, 
  {
    "citance_No": 11, 
    "citing_paper_id": "P04-1062", 
    "citing_paper_authority": 14, 
    "citing_paper_authors": "Noah A., Smith | Jason M., Eisner", 
    "raw_text": "The third line corresponds to the setup reported by Klein and Manning (2002)", 
    "clean_text": "The third line corresponds to the setup reported by Klein and Manning (2002).", 
    "keep_for_gold": 0
  }, 
  {
    "citance_No": 12, 
    "citing_paper_id": "C08-1042", 
    "citing_paper_authority": 13, 
    "citing_paper_authors": "William P., Headden III | David, McClosky | Eugene, Charniak", 
    "raw_text": "We implement the baseline system, which Klein and Manning (2002) use for their grammar induction experiments with induced part-of-speech tags", 
    "clean_text": "We implement the baseline system, which Klein and Manning (2002) use for their grammar induction experiments with induced part-of-speech tags.", 
    "keep_for_gold": 0
  }, 
  {
    "citance_No": 13, 
    "citing_paper_id": "C08-1042", 
    "citing_paper_authority": 13, 
    "citing_paper_authors": "William P., Headden III | David, McClosky | Eugene, Charniak", 
    "raw_text": "This results in a representation of each word as a point in a d dimensional space. We follow Klein and Manning (2002) in using K means to cluster the d dimensional word vectors into parts-of-speech", 
    "clean_text": "We follow Klein and Manning (2002) in using K means to cluster the d dimensional word vectors into parts-of-speech.", 
    "keep_for_gold": 0
  }, 
  {
    "citance_No": 14, 
    "citing_paper_id": "C08-1042", 
    "citing_paper_authority": 13, 
    "citing_paper_authors": "William P., Headden III | David, McClosky | Eugene, Charniak", 
    "raw_text": "Wechose the baseline system primarily to match previous evaluations of grammar induction using induced tags (Klein and Manning, 2002)", 
    "clean_text": "We chose the baseline system primarily to match previous evaluations of grammar induction using induced tags (Klein and Manning, 2002).", 
    "keep_for_gold": 0
  }, 
  {
    "citance_No": 15, 
    "citing_paper_id": "C08-1042", 
    "citing_paper_authority": 13, 
    "citing_paper_authors": "William P., Headden III | David, McClosky | Eugene, Charniak", 
    "raw_text": "Klein and Manning (2002) present a generative model for inducing constituent boundaries from part-of-speech tagged text", 
    "clean_text": "Klein and Manning (2002) present a generative model for inducing constituent boundaries from part-of-speech tagged text.", 
    "keep_for_gold": 0
  }, 
  {
    "citance_No": 16, 
    "citing_paper_id": "C08-1042", 
    "citing_paper_authority": 13, 
    "citing_paper_authors": "William P., Headden III | David, McClosky | Eugene, Charniak", 
    "raw_text": "We evaluate induced constituency trees against those of the Penn Treebank using the versions of unlabeled precision, recall, and F-score used by Klein and Manning (2002)", 
    "clean_text": "We evaluate induced constituency trees against those of the Penn Treebank using the versions of unlabeled precision, recall, and F-score used by Klein and Manning (2002).", 
    "keep_for_gold": 0
  }, 
  {
    "citance_No": 17, 
    "citing_paper_id": "P07-3008", 
    "citing_paper_authority": 6, 
    "citing_paper_authors": "Bart, Cramer", 
    "raw_text": "Evaluation of the algorithm is done according to PARSEVAL, except for a few changes that are also proposed by Klein and Manning (2002)", 
    "clean_text": "Evaluation of the algorithm is done according to PARSEVAL, except for a few changes that are also proposed by Klein and Manning (2002).", 
    "keep_for_gold": 0
  }, 
  {
    "citance_No": 18, 
    "citing_paper_id": "P07-3008", 
    "citing_paper_authority": 6, 
    "citing_paper_authors": "Bart, Cramer", 
    "raw_text": "Still, Klein and Manning (2002) and Bod (2006) stick to tag-based models", 
    "clean_text": "Still, Klein and Manning (2002) and Bod (2006) stick to tag-based models.", 
    "keep_for_gold": 0
  }, 
  {
    "citance_No": 19, 
    "citing_paper_id": "P06-1111", 
    "citing_paper_authority": 11, 
    "citing_paper_authors": "Aria, Haghighi | Dan, Klein", 
    "raw_text": "To improve the quality of the induced trees, we combine our PCFG induction with the CCM model of Klein and Manning (2002), which has complementary stengths: it identifies brackets but does not label them", 
    "clean_text": "To improve the quality of the induced trees, we combine our PCFG induction with the CCM model of Klein and Manning (2002), which has complementary stengths: it identifies brackets but does not label them.", 
    "keep_for_gold": 0
  }, 
  {
    "citance_No": 20, 
    "citing_paper_id": "P06-1111", 
    "citing_paper_authority": 11, 
    "citing_paper_authors": "Aria, Haghighi | Dan, Klein", 
    "raw_text": "Finally, we intersect the feature-augmented PCFGwiththeCCM model of Klein and Manning (2002), a high quality bracketing model", 
    "clean_text": "Finally, we intersect the feature-augmented PCFG with the CCM model of Klein and Manning (2002), a high quality bracketing model.", 
    "keep_for_gold": 0
  }
]
