[
  {
    "citance_No": 1, 
    "citing_paper_id": "P13-1106", 
    "citing_paper_authority": 3, 
    "citing_paper_authors": "Mengqiu, Wang | Wanxiang, Che | Christopher D., Manning", 
    "raw_text": "As a result, we can find complementary cues in the two languages that help to disambiguate named entity mentions (Brown et al, 1991)", 
    "clean_text": "As a result, we can find complementary cues in the two languages that help to disambiguate named entity mentions (Brown et al, 1991).", 
    "keep_for_gold": 0
  }, 
  {
    "citance_No": 2, 
    "citing_paper_id": "W06-1006", 
    "citing_paper_authority": 1, 
    "citing_paper_authors": "Violeta, Seretan | Eric, Wehrli", 
    "raw_text": "It has been equally shown that collocations are useful in a range of other applications, such as word sense disambiguation (Brown et al, 1991) and parsing (Alshawi and Carter, 1994)", 
    "clean_text": "It has been equally shown that collocations are useful in a range of other applications, such as word sense disambiguation (Brown et al, 1991) and parsing (Alshawi and Carter, 1994).", 
    "keep_for_gold": 0
  }, 
  {
    "citance_No": 3, 
    "citing_paper_id": "W96-0104", 
    "citing_paper_authority": 9, 
    "citing_paper_authors": "Yael, Karov | Shimon, Edelman", 
    "raw_text": "Brown et al (1991) and Gale et al (1992) used the translations of the ambiguous word in a bilingual corpus as sense tags", 
    "clean_text": "Brown et al (1991) and Gale et al (1992) used the translations of the ambiguous word in a bilingual corpus as sense tags.", 
    "keep_for_gold": 0
  }, 
  {
    "citance_No": 4, 
    "citing_paper_id": "P05-1048", 
    "citing_paper_authority": 17, 
    "citing_paper_authors": "Marine, Carpuat | Dekai, Wu", 
    "raw_text": "Brown et al (1991) proposed a WSD algorithm to disambiguate English translations of French target words based on the single most informative context feature", 
    "clean_text": "Brown et al (1991) proposed a WSD algorithm to disambiguate English translations of French target words based on the single most informative context feature.", 
    "keep_for_gold": 1
  }, 
  {
    "citance_No": 5, 
    "citing_paper_id": "C04-1053", 
    "citing_paper_authority": 4, 
    "citing_paper_authors": "Luisa, Bentivogli | Pamela, Forner | Emanuele, Pianta", 
    "raw_text": "The idea of obtaining linguistic information about a text in one language by exploiting parallel or comparable texts in another language has been explored in the field of Word Sense Disambiguation (WSD) since the early 90? s, the most representative works being (Brown et al, 1991), (Gale et al, 1992), and (Dagan and Itai, 1994)", 
    "clean_text": "The idea of obtaining linguistic information about a text in one language by exploiting parallel or comparable texts in another language has been explored in the field of Word Sense Disambiguation (WSD) since the early 90's, the most representative works being (Brown et al, 1991), (Gale et al, 1992), and (Dagan and Itai, 1994).", 
    "keep_for_gold": 0
  }, 
  {
    "citance_No": 6, 
    "citing_paper_id": "P01-1067", 
    "citing_paper_authority": 183, 
    "citing_paper_authors": "Kenji, Yamada | Kevin, Knight", 
    "raw_text": "TMs have been used for statistical machine translation (Bergeretal., 1996), word alignment of a translation corpus (Melamed, 2000), multilingual document retrieval (Franz et al, 1999), automatic dictionary construction (Resnik and Melamed, 1997), and data preparation for word sense disambiguation programs (Brown et al, 1991)", 
    "clean_text": "TMs have been used for statistical machine translation (Bergeretal., 1996), word alignment of a translation corpus (Melamed, 2000), multilingual document retrieval (Franz et al, 1999), automatic dictionary construction (Resnik and Melamed, 1997), and data preparation for word sense disambiguation programs (Brown et al, 1991).", 
    "keep_for_gold": 0
  }, 
  {
    "citance_No": 7, 
    "citing_paper_id": "W05-1207", 
    "citing_paper_authority": 0, 
    "citing_paper_authors": "Fabio Massimo, Zanzotto | Maria Teresa, Pazienza | Marco, Pennacchiotti", 
    "raw_text": "Mutual information has been positively used in many NLP tasks such as collocation analysis (Church and Hanks, 1989) ,termi no logy extraction (Damerau, 1993), and word sense disambiguation (Brown et al, 1991)", 
    "clean_text": "Mutual information has been positively used in many NLP tasks such as collocation analysis (Church and Hanks, 1989), terminology extraction (Damerau, 1993), and word sense disambiguation (Brown et al, 1991).", 
    "keep_for_gold": 0
  }, 
  {
    "citance_No": 8, 
    "citing_paper_id": "W98-0712", 
    "citing_paper_authority": 1, 
    "citing_paper_authors": "Simonetta, Montemagni | Vito, Pirrelli", 
    "raw_text": "As a somewhat radical alternative to taxonomical relationships, other ways of measuring semantic similarity based on distributional evidence have been put forward in the literature (see, among others, Brown et al 1991, Gale et al 1992, Pereira and Tishby 1992), which emphasise the role played by context in this game", 
    "clean_text": "As a somewhat radical alternative to taxonomical relationships, other ways of measuring semantic similarity based on distributional evidence have been put forward in the literature (see, among others, Brown et al 1991, Gale et al 1992, Pereira and Tishby 1992), which emphasise the role played by context in this game.", 
    "keep_for_gold": 0
  }, 
  {
    "citance_No": 9, 
    "citing_paper_id": "W99-0905", 
    "citing_paper_authority": 7, 
    "citing_paper_authors": "Genichiro, Kikui", 
    "raw_text": "Due to the recent availability of large text corpora, various tatistical approaches have been tried including using 1) parallel corpora (Brown et al, 1990), (Brown et al, 1991), (Brown, 1997), 2) non-parallel bilingual corpora tagged with topic area (Yamabana et al, 1998) and 3 )un-tagged mono-language corpora in the target language (Dagan and Itai, 1994), (Tanaka and Iwasaki, 1996), (Kikui, 1998)", 
    "clean_text": "", 
    "keep_for_gold": 0
  }, 
  {
    "citance_No": 10, 
    "citing_paper_id": "P03-1058", 
    "citing_paper_authority": 41, 
    "citing_paper_authors": "Hwee Tou, Ng | Bin, Wang | Yee Seng, Chan", 
    "raw_text": "Related Work Brown et al (1991) is the first to have explored statistical methods in word sense disambiguation in the context of machine translation", 
    "clean_text": "Related Work Brown et al (1991) is the first to have explored statistical methods in word sense disambiguation in the context of machine translation.", 
    "keep_for_gold": 0
  }, 
  {
    "citance_No": 11, 
    "citing_paper_id": "D07-1007", 
    "citing_paper_authority": 71, 
    "citing_paper_authors": "Marine, Carpuat | Dekai, Wu", 
    "raw_text": "As described below, the training of our new WSD model, though not incorporated within the EM training, is also far more closely tied to the SMT model than is the case with traditional standalone WSD models. In contrast with Brown et al (1991), our approach incorporates the predictions of state-of-the art WSD models that use rich contextual features for any phrase in the input vocabulary", 
    "clean_text": "In contrast with Brown et al (1991), our approach incorporates the predictions of state-of-the art WSD models that use rich contextual features for any phrase in the input vocabulary.", 
    "keep_for_gold": 0
  }, 
  {
    "citance_No": 12, 
    "citing_paper_id": "W97-0812", 
    "citing_paper_authority": 0, 
    "citing_paper_authors": "Antonio, Sanfilippo", 
    "raw_text": "The reduction of input data requirements offers a significant advantage compared with methods uch as those presented in Brown et al (1991), Gale et al (1992), Yarowsky (1995), and Karol& amp; Edelman (1996) where strong reliance on statistical techniques for the calculation of word and context similarity commands large source corpora", 
    "clean_text": "The reduction of input data requirements offers a significant advantage compared with methods such as those presented in Brown et al (1991), Gale et al (1992), Yarowsky (1995), and Karol and Edelman (1996) where strong reliance on statistical techniques for the calculation of word and context similarity commands large source corpora.", 
    "keep_for_gold": 0
  }, 
  {
    "citance_No": 13, 
    "citing_paper_id": "W03-1302", 
    "citing_paper_authority": 1, 
    "citing_paper_authors": "Dominic, Widdows | Stanley, Peters | Scott, Cederberg | Chiu-Ki, Chan | Diana, Steffen | Paul, Buitelaar", 
    "raw_text": "Brown et al (1991) pioneered the use of statistical WSD for translation, building a translation model from one million sentences in English and French", 
    "clean_text": "Brown et al (1991) pioneered the use of statistical WSD for translation, building a translation model from one million sentences in English and French.", 
    "keep_for_gold": 0
  }, 
  {
    "citance_No": 14, 
    "citing_paper_id": "P06-1058", 
    "citing_paper_authority": 1, 
    "citing_paper_authors": "Zhimao, Lu | Haifeng, Wang | Jianmin, Yao | Ting, Liu | Sheng, Li", 
    "raw_text": "The first statistical model of WSD was built by Brown et al (1991)", 
    "clean_text": "The first statistical model of WSD was built by Brown et al (1991).", 
    "keep_for_gold": 0
  }, 
  {
    "citance_No": 15, 
    "citing_paper_id": "D12-1128", 
    "citing_paper_authority": 5, 
    "citing_paper_authors": "Roberto, Navigli | Simone Paolo, Ponzetto", 
    "raw_text": "A historical approach (Brown et al 1991) uses bilingual corpora to perform unsupervised word alignment and determine the most appropriate translation for a tar get word from a set of contextual features. All the above approaches to multilingual or cross lingual WSD rely on bilingual corpora, including those which exploit existing multilingual WordNet like resources (Ide et al 2002), or use automatically induced multilingual co-occurrence graphs (Silberer and Ponzetto, 2010)", 
    "clean_text": "A historical approach (Brown et al 1991) uses bilingual corpora to perform unsupervised word alignment and determine the most appropriate translation for a target word from a set of contextual features.", 
    "keep_for_gold": 1
  }
]
