[
  {
    "citance_No": 1, 
    "citing_paper_id": "W02-1411", 
    "citing_paper_authority": 1, 
    "citing_paper_authors": "Kazuhide, Yamamoto", 
    "raw_text": "Some works, such as Barzilay and McKeown (2001), have acquired paraphrasing knowledge automatically", 
    "clean_text": "Some works, such as Barzilay and McKeown (2001), have acquired paraphrasing knowledge automatically.", 
    "keep_for_gold": 0
  }, 
  {
    "citance_No": 2, 
    "citing_paper_id": "E12-1073", 
    "citing_paper_authority": 2, 
    "citing_paper_authors": "Aur&eacute;lien, Max | Houda, Bouamor | Anne, Vilnat", 
    "raw_text": "BarzilayandMcKeown (2001) applied the distributionality hypothesis on such parallel sentences, and Pangetal", 
    "clean_text": "Barzilay and McKeown (2001) applied the distributionality hypothesis on such parallel sentences.", 
    "keep_for_gold": 0
  }, 
  {
    "citance_No": 3, 
    "citing_paper_id": "E12-1073", 
    "citing_paper_authority": 2, 
    "citing_paper_authors": "Aur&eacute;lien, Max | Houda, Bouamor | Anne, Vilnat", 
    "raw_text": "(Barzilay and McKeown, 2001))", 
    "clean_text": "", 
    "keep_for_gold": 0
  }, 
  {
    "citance_No": 4, 
    "citing_paper_id": "D08-1021", 
    "citing_paper_authority": 44, 
    "citing_paper_authors": "Chris, Callison-Burch", 
    "raw_text": "Barzilay and McKeown (2001) incorporated part-of-speech information and other mor phosyntactic clues into their co-training algorithm", 
    "clean_text": "Barzilay and McKeown (2001) incorporated part-of-speech information and other morphosyntactic clues into their co-training algorithm.", 
    "keep_for_gold": 1
  }, 
  {
    "citance_No": 5, 
    "citing_paper_id": "N06-2009", 
    "citing_paper_authority": 8, 
    "citing_paper_authors": "Pablo Ariel, Duboue | Jennifer, Chu-Carroll", 
    "raw_text": "Inspired by the use of parallel translations to mine paraphrasing lexicons (Barzilay and McKeown, 2001) and the use of MT engines forword sense disambiguation (Diab, 2000), we lever age existing machine translation systems to generate semantically equivalent, albeit lexically and syntactically distinct, questions. Figure 1 (A) illustrates how MT-based paraphrasing captures lexical paraphrasing, ranging from obtaining simple synonyms such as hazardous and dangerous to deriving more complex equivalent phrases such as expectant mother and pregnant woman", 
    "clean_text": "Inspired by the use of parallel translations to mine paraphrasing lexicons (Barzilay and McKeown, 2001) and the use of MT engines forword sense disambiguation (Diab, 2000), we leverage existing machine translation systems to generate semantically equivalent, albeit lexically and syntactically distinct, questions.", 
    "keep_for_gold": 0
  }, 
  {
    "citance_No": 6, 
    "citing_paper_id": "C10-2037", 
    "citing_paper_authority": 0, 
    "citing_paper_authors": "Rashmi, Gangadharaiah | Ralf D., Brown | Jaime G., Carbonnell", 
    "raw_text": "When the overlap decoder does not find coherent sequences of overlapping target n-grams, more candidate transla 321tions are obtained by substituting words or phrases in the target n-grams by their synonyms. Barzilay and McKeown (2001) and Callison Burch et al (2006) extracted paraphrases from monolingual parallel corpus where multiple translations were present for the same source", 
    "clean_text": "Barzilay and McKeown (2001) and Callison Burch et al (2006) extracted paraphrases from monolingual parallel corpus where multiple translations were present for the same source.", 
    "keep_for_gold": 0
  }, 
  {
    "citance_No": 7, 
    "citing_paper_id": "N03-1003", 
    "citing_paper_authority": 105, 
    "citing_paper_authors": "Regina, Barzilay | Lillian, Lee", 
    "raw_text": "Jacquemin (1999 )andBarzilay and McKeown (2001) identify phrase level paraphrases, while Lin and Pantel (2001) and Shinyama et al (2002) acquire structural paraphrases encoded as templates", 
    "clean_text": "Jacquemin (1999) and Barzilay and McKeown (2001) identify phrase level paraphrases, while Lin and Pantel (2001) and Shinyama et al (2002) acquire structural paraphrases encoded as templates.", 
    "keep_for_gold": 0
  }, 
  {
    "citance_No": 8, 
    "citing_paper_id": "D09-1040", 
    "citing_paper_authority": 21, 
    "citing_paper_authors": "Yuval, Marton | Chris, Callison-Burch | Philip, Resnik", 
    "raw_text": "Bothapproaches have shown gains in BLEU score. Barzilay and McKeown (2001) extract paraphrases from a monolingual parallel corpus, containing multiple translations of the same source", 
    "clean_text": "Barzilay and McKeown (2001) extract paraphrases from a monolingual parallel corpus, containing multiple translations of the same source.", 
    "keep_for_gold": 0
  }, 
  {
    "citance_No": 9, 
    "citing_paper_id": "P11-1109", 
    "citing_paper_authority": 4, 
    "citing_paper_authors": "Chikara, Hashimoto | Kentaro, Torisawa | Stijn, De Saeger | Jun'ichi, Kazama | Sadao, Kurohashi", 
    "raw_text": "We first verify claim II by comparing our method with that of Barzilay and McKeown (2001) (BM method), Moses7 (Koehn et al, 2007) (SMT method), and that of Murata et al (2004) (Mrt method)", 
    "clean_text": "We first verify claim II by comparing our method with that of Barzilay and McKeown (2001) (BM method), Moses7 (Koehn et al, 2007) (SMT method), and that of Murata et al (2004) (Mrt method).", 
    "keep_for_gold": 0
  }, 
  {
    "citance_No": 10, 
    "citing_paper_id": "P11-1109", 
    "citing_paper_authority": 4, 
    "citing_paper_authors": "Chikara, Hashimoto | Kentaro, Torisawa | Stijn, De Saeger | Jun'ichi, Kazama | Sadao, Kurohashi", 
    "raw_text": "This iterative process finishes if no further paraphrase is extracted or the number of iterations reaches a predefined threshold T. In this experiment, following Barzilay and McKeown (2001), K is 10 and N is 1 to 3", 
    "clean_text": "In this experiment, following Barzilay and McKeown (2001), K is 10 and N is 1 to 3.", 
    "keep_for_gold": 0
  }, 
  {
    "citance_No": 11, 
    "citing_paper_id": "P11-1109", 
    "citing_paper_authority": 4, 
    "citing_paper_authors": "Chikara, Hashimoto | Kentaro, Torisawa | Stijn, De Saeger | Jun'ichi, Kazama | Sadao, Kurohashi", 
    "raw_text": "Barzilay and McKeown (2001) induced simple POS-based paraphrase rules from paraphrase instances, which can be a good starting point", 
    "clean_text": "Barzilay and McKeown (2001) induced simple POS-based paraphrase rules from paraphrase instances, which can be a good starting point.", 
    "keep_for_gold": 0
  }, 
  {
    "citance_No": 12, 
    "citing_paper_id": "C10-1046", 
    "citing_paper_authority": 1, 
    "citing_paper_authors": "Gintar&egrave;, Grigonyt&egrave; | Jo&atilde;o Paulo, Cordeiro | Ga&euml;l, Dias | Rumen, Moraliyski | Pavel, Brazdil", 
    "raw_text": "A few unsupervised metrics have been applied to automatic paraphrase identification and extraction (Barzilay and McKeown, 2001) and (Dolan et al,2004)", 
    "clean_text": "A few unsupervised metrics have been applied to automatic paraphrase identification and extraction (Barzilay and McKeown, 2001) and (Dolan et al, 2004).", 
    "keep_for_gold": 0
  }, 
  {
    "citance_No": 13, 
    "citing_paper_id": "N03-1024", 
    "citing_paper_authority": 58, 
    "citing_paper_authors": "Bo, Pang | Kevin, Knight | Daniel, Marcu", 
    "raw_text": "We compare the paraphrases we collect with paraphrases that are derivable from the same corpus using a co training-based paraphrase extraction algorithm (Barzilay and McKeown, 2001)", 
    "clean_text": "We compare the paraphrases we collect with paraphrases that are derivable from the same corpus using a co training-based paraphrase extraction algorithm (Barzilay and McKeown, 2001).", 
    "keep_for_gold": 0
  }, 
  {
    "citance_No": 14, 
    "citing_paper_id": "N03-1024", 
    "citing_paper_authority": 58, 
    "citing_paper_authors": "Bo, Pang | Kevin, Knight | Daniel, Marcu", 
    "raw_text": "Since the co-training-based algorithm of Barzilay and McKeown (2001) takes parallel corpus as input, we created out of the MTC corpus 55? 993 sentence pairs (Each equivalent translation set of cardinality 11 was mapped into (11 2) equivalent translation pairs.)", 
    "clean_text": "Since the co-training-based algorithm of Barzilay and McKeown (2001) takes parallel corpus as input, we created out of the MTC corpus 55993 sentence pairs (Each equivalent translation set of cardinality 11 was mapped into (11 2) equivalent translation pairs.).", 
    "keep_for_gold": 0
  }, 
  {
    "citance_No": 15, 
    "citing_paper_id": "P08-1116", 
    "citing_paper_authority": 12, 
    "citing_paper_authors": "Shiqi, Zhao | Cheng, Niu | Ming, Zhou | Ting, Liu | Sheng, Li", 
    "raw_text": "BarzilayandMcKeown (2001) used monolingual parallel corpora for identifying paraphrases", 
    "clean_text": "Barzilay and McKeown (2001) used monolingual parallel corpora for identifying paraphrases.", 
    "keep_for_gold": 0
  }, 
  {
    "citance_No": 16, 
    "citing_paper_id": "P08-1116", 
    "citing_paper_authority": 12, 
    "citing_paper_authors": "Shiqi, Zhao | Cheng, Niu | Ming, Zhou | Ting, Liu | Sheng, Li", 
    "raw_text": "We find that most paraphrases extracted using the method of Barzilay and McKeown (2001) are quite short", 
    "clean_text": "We find that most paraphrases extracted using the method of Barzilay and McKeown (2001) are quite short.", 
    "keep_for_gold": 0
  }, 
  {
    "citance_No": 17, 
    "citing_paper_id": "N07-1071", 
    "citing_paper_authority": 30, 
    "citing_paper_authors": "Patrick, Pantel | Rahul, Bhagat | Bonaventura, Coppola | Timothy, Chklovski | Eduard, Hovy", 
    "raw_text": "Another thread related to our work includes extracting from text corpora paraphrases (Barzilay and McKeown 2001) and inference rules ,e.g. TEASE1 (Szpektor et al 2004) and DIRT (Lin and Pantel 2001)", 
    "clean_text": "Another thread related to our work includes extracting from text corpora paraphrases (Barzilay and McKeown 2001) and inference rules, e.g. TEASE1 (Szpektor et al 2004) and DIRT (Lin and Pantel 2001).", 
    "keep_for_gold": 0
  }, 
  {
    "citance_No": 18, 
    "citing_paper_id": "N10-1048", 
    "citing_paper_authority": 3, 
    "citing_paper_authors": "Paul, Piwek | Svetlana, Stoyanchev", 
    "raw_text": "Then the expert offers a contradicting explanation generated from c and d. To generate dialogue sentences for a corresponding discourse structure we are adapting the approach to paraphrasing of Barzilay and McKeown (2001)", 
    "clean_text": "To generate dialogue sentences for a corresponding discourse structure we are adapting the approach to paraphrasing of Barzilay and McKeown (2001).", 
    "keep_for_gold": 0
  }, 
  {
    "citance_No": 19, 
    "citing_paper_id": "P09-2050", 
    "citing_paper_authority": 1, 
    "citing_paper_authors": "Xiaoyin, Wang | David, Lo | Jing, Jiang | Lu, Zhang | Hong, Mei", 
    "raw_text": "(Barzilay and McKeown, 2001)", 
    "clean_text": "", 
    "keep_for_gold": 0
  }, 
  {
    "citance_No": 20, 
    "citing_paper_id": "P09-2050", 
    "citing_paper_authority": 1, 
    "citing_paper_authors": "Xiaoyin, Wang | David, Lo | Jing, Jiang | Lu, Zhang | Hong, Mei", 
    "raw_text": "The approach in (Barzilay and McKeown, 2001) does not use deep linguistic analysis and therefore is suitable to noisy corpora like ours", 
    "clean_text": "The approach in (Barzilay and McKeown, 2001) does not use deep linguistic analysis and therefore is suitable to noisy corpora like ours.", 
    "keep_for_gold": 0
  }
]
