[
  {
    "citance_No": 1, 
    "citing_paper_id": "W09-2307", 
    "citing_paper_authority": 24, 
    "citing_paper_authors": "Pi-Chuan, Chang | Huihsin, Tseng | Daniel, Jurafsky | Christopher D., Manning", 
    "raw_text": "In English, this kind of typed dependencies has been introduced by de Marneffe and Manning (2008 )andde Marneffe et al (2006)", 
    "clean_text": "In English, this kind of typed dependencies has been introduced by de Marneffe and Manning (2008) and de Marneffe et al (2006).", 
    "keep_for_gold": 0
  }, 
  {
    "citance_No": 2, 
    "citing_paper_id": "P14-1035", 
    "citing_paper_authority": 0, 
    "citing_paper_authors": "David, Bamman | Ted, Underwood | Noah A., Smith", 
    "raw_text": "While previous work uses the Stanford CoreNLP toolkit to identify characters and extract typed dependencies for them, we found this approach to be too slow for the scale of our data (a total of 1.8 billion tokens); in particular, syntactic parsing, with cubic complexity in sentence length, and out-of-the-box co reference resolution (with thousands of potential antecedents) prove to be 3All categories are described using the Stanford typed dependencies (de Marneffe and Manning, 2008), but any syn tactic formalism is equally applicable", 
    "clean_text": "While previous work uses the Stanford CoreNLP toolkit to identify characters and extract typed dependencies for them, we found this approach to be too slow for the scale of our data (a total of 1.8 billion tokens); in particular, syntactic parsing, with cubic complexity in sentence length, and out-of-the-box co reference resolution (with thousands of potential antecedents) prove to be 3All categories are described using the Stanford typed dependencies (de Marneffe and Manning, 2008), but any syntactic formalism is equally applicable.", 
    "keep_for_gold": 0
  }, 
  {
    "citance_No": 3, 
    "citing_paper_id": "W10-1914", 
    "citing_paper_authority": 1, 
    "citing_paper_authors": "Juho, Heimonen | Jari, Bj&ouml;rne | Tapio, Salakoski", 
    "raw_text": "A parse in the SD scheme is illustrated in C.dency analyses in the well-established StanfordDependency (SD) scheme (de Marneffe and Manning, 2008) can successfully be utilised in extracting graphs that express semantic entities as node sand relationship arguments as edges but are limited to one node per syntactic token", 
    "clean_text": "Bjorne et al. showed that deep dependency analyses in the well-established Stanford Dependency (SD) scheme (de Marneffe and Manning, 2008) can successfully be utilised in extracting graphs that express semantic entities as node sand relationship arguments as edges but are limited to one node per syntactic token.", 
    "keep_for_gold": 0
  }, 
  {
    "citance_No": 4, 
    "citing_paper_id": "W10-1901", 
    "citing_paper_authority": 3, 
    "citing_paper_authors": "Andreas, Vlachos", 
    "raw_text": "The native Penn TreeBank output of Bikel? s and McClosky? s parser was converted to the Stanford Dependency (SD) collapsed dependency format (de Marneffe and Manning, 2008)", 
    "clean_text": "The native Penn TreeBank output of Bikel's and McClosky's parser was converted to the Stanford Dependency (SD) collapsed dependency format (de Marneffe and Manning, 2008).", 
    "keep_for_gold": 0
  }, 
  {
    "citance_No": 5, 
    "citing_paper_id": "W10-1901", 
    "citing_paper_authority": 3, 
    "citing_paper_authors": "Andreas, Vlachos", 
    "raw_text": "In this stage, we connect the triggers extracted with appropriate arguments using rules defined with the Stanford dependency (SD) scheme (de Marneffe and Manning, 2008)", 
    "clean_text": "In this stage, we connect the triggers extracted with appropriate arguments using rules defined with the Stanford dependency (SD) scheme (de Marneffe and Manning, 2008).", 
    "keep_for_gold": 0
  }, 
  {
    "citance_No": 6, 
    "citing_paper_id": "W11-1611", 
    "citing_paper_authority": 11, 
    "citing_paper_authors": "Courtney, Napoles | Benjamin, van Durme | Chris, Callison-Burch", 
    "raw_text": "More recent approaches to compression introduce reordering and paraphrase operations (e.g. ,dencies (Briscoe, 2006) while there are over 50 Stanford Dependencies (de Marneffe and Manning, 2008)", 
    "clean_text": "More recent approaches to compression introduce reordering and paraphrase operations (e.g. ,dencies (Briscoe, 2006) while there are over 50 Stanford Dependencies (de Marneffe and Manning, 2008).", 
    "keep_for_gold": 0
  }, 
  {
    "citance_No": 7, 
    "citing_paper_id": "D11-1116", 
    "citing_paper_authority": 17, 
    "citing_paper_authors": "Stephen, Tratz | Eduard, Hovy", 
    "raw_text": "In this paper, we describe 1) a new dependency conversion (Section 3) of the Penn Treebank (Marcus, et al, 1993) along with the associated dependency label scheme, which is based upon the Stanford parser? s popular scheme (de Marneffe and Manning, 2008), and a fast, accurate dependency parser with non-projectivity support (Section 4) and additional integrated semantic annotation modules for automatic preposition sense disambiguation and noun compound interpretation (Section 5)", 
    "clean_text": "In this paper, we describe 1) a new dependency conversion (Section 3) of the Penn Treebank (Marcus, et al, 1993) along with the associated dependency label scheme, which is based upon the Stanford parser's popular scheme (de Marneffe and Manning, 2008), and a fast, accurate dependency parser with non-projectivity support (Section 4) and additional integrated semantic annotation modules for automatic preposition sense disambiguation and noun compound interpretation (Section 5).", 
    "keep_for_gold": 0
  }, 
  {
    "citance_No": 8, 
    "citing_paper_id": "D11-1116", 
    "citing_paper_authority": 17, 
    "citing_paper_authors": "Stephen, Tratz | Eduard, Hovy", 
    "raw_text": "By far the most prominent of these is the Stanford typed dependency scheme (de Marneffe and Manning, 2008)", 
    "clean_text": "By far the most prominent of these is the Stanford typed dependency scheme (de Marneffe and Manning, 2008).", 
    "keep_for_gold": 0
  }, 
  {
    "citance_No": 9, 
    "citing_paper_id": "P10-4007", 
    "citing_paper_authority": 1, 
    "citing_paper_authors": "Tina, Kl&uuml;wer | Peter, Adolphs | Feiyu, Xu | Hans, Uszkoreit | Xiwen, Cheng", 
    "raw_text": "This semantic representation can be extracted from the user input by our understanding component via a robust hybrid approach: either via anumber of surface patterns containing regular expressions or via patterns reflecting the syntactic analysis of a dependency parser (de Marneffe and Manning, 2008)", 
    "clean_text": "This semantic representation can be extracted from the user input by our understanding component via a robust hybrid approach: either via a number of surface patterns containing regular expressions or via patterns reflecting the syntactic analysis of a dependency parser (de Marneffe and Manning, 2008).", 
    "keep_for_gold": 0
  }, 
  {
    "citance_No": 10, 
    "citing_paper_id": "P12-2003", 
    "citing_paper_authority": 3, 
    "citing_paper_authors": "Valentin I., Spitkovsky | Wanxiang, Che | Ting, Liu", 
    "raw_text": "Stanford dependencies (de Marneffe and Manning, 2008) provide a simple description of relations between pairs of words in a sentence", 
    "clean_text": "Stanford dependencies (de Marneffe and Manning, 2008) provide a simple description of relations between pairs of words in a sentence.", 
    "keep_for_gold": 1
  }, 
  {
    "citance_No": 11, 
    "citing_paper_id": "N12-1085", 
    "citing_paper_authority": 4, 
    "citing_paper_authors": "Asad B., Sayeed | Jordan, Boyd-Graber | Bryan, Rusk | Amy, Weinberg", 
    "raw_text": "We now describe how we build the syntactic relatedness trie (SRT) that forms the scaffolding for the probabilistic models needed to identify sentiment-bearing words via syntactic constraints extracted from a dependency parse (Ku ?bler et al, 2009) .We use the Stanford Parser (de Marneffe and Manning, 2008) to produce a dependency graph and con sider the resulting undirected graph structure over words", 
    "clean_text": "We now describe how we build the syntactic relatedness trie (SRT) that forms the scaffolding for the probabilistic models needed to identify sentiment-bearing words via syntactic constraints extracted from a dependency parse (Kubler et al, 2009). We use the Stanford Parser (de Marneffe and Manning, 2008) to produce a dependency graph and con sider the resulting undirected graph structure over words.", 
    "keep_for_gold": 0
  }, 
  {
    "citance_No": 12, 
    "citing_paper_id": "P11-3015", 
    "citing_paper_authority": 6, 
    "citing_paper_authors": "Awais, Athar", 
    "raw_text": "3.3.1 Dependency StructuresThe first set of these features include typed dependency structures (de Marneffe and Manning, 2008) which describe the grammatical relationships be tween words", 
    "clean_text": "3.3.1 Dependency Structures The first set of these features include typed dependency structures (de Marneffe and Manning, 2008) which describe the grammatical relationships between words.", 
    "keep_for_gold": 0
  }, 
  {
    "citance_No": 13, 
    "citing_paper_id": "P12-2066", 
    "citing_paper_authority": 2, 
    "citing_paper_authors": "Zhaopeng, Tu | Yifan, He | Jennifer, Foster | Josef, van Genabith | Qun, Liu | Shouxun, Lin", 
    "raw_text": "To obtain dependency trees, we passed the Stanford constituency trees through the Stanford constituency-to-dependency converter (de Marneffe and Manning, 2008)", 
    "clean_text": "To obtain dependency trees, we passed the Stanford constituency trees through the Stanford constituency-to-dependency converter (de Marneffe and Manning, 2008).", 
    "keep_for_gold": 0
  }, 
  {
    "citance_No": 14, 
    "citing_paper_id": "D12-1080", 
    "citing_paper_authority": 2, 
    "citing_paper_authors": "David, McClosky | Christopher D., Manning", 
    "raw_text": "We use both the original depen 875dency paths and their collapsed Stanford Dependencies forms (de Marneffe and Manning, 2008)", 
    "clean_text": "We use both the original dependency paths and their collapsed Stanford Dependencies forms (de Marneffe and Manning, 2008).", 
    "keep_for_gold": 0
  }, 
  {
    "citance_No": 15, 
    "citing_paper_id": "W10-3003", 
    "citing_paper_authority": 0, 
    "citing_paper_authors": "Andreas, Vlachos | Mark, Craven", 
    "raw_text": "As recent work in the BioNLP 2009 shared task has shown (Kim et al,2009), domain-adapted parsing benefits information extraction systems. The native output of the C& amp; C parser is converted into the Stanford Dependency (SD) collapsed dependency format (de Marneffe and Manning, 2008)", 
    "clean_text": "As recent work in the BioNLP 2009 shared task has shown (Kim et al,2009), domain-adapted parsing benefits information extraction systems. The native output of the C&C parser is converted into the Stanford Dependency (SD) collapsed dependency format (de Marneffe and Manning, 2008).", 
    "keep_for_gold": 0
  }, 
  {
    "citance_No": 16, 
    "citing_paper_id": "W10-1819", 
    "citing_paper_authority": 0, 
    "citing_paper_authors": "Katri, Haverinen | Filip, Ginter | Timo, Viljanen | Veronika, Laippala | Tapio, Salakoski", 
    "raw_text": "We also establish the applicability of the PropBank scheme to the clinical sub language with its many atypical characteristics, and finally, we find that the PropBank scheme is compatible with the Stanford Dependency scheme of de Marneffeand Manning (2008a; 2008b) in which the under lying tree bank is annotated", 
    "clean_text": "We also establish the applicability of the PropBank scheme to the clinical sub language with its many atypical characteristics, and finally, we find that the PropBank scheme is compatible with the Stanford Dependency scheme of de Marneffeand Manning (2008a; 2008b) in which the under lying tree bank is annotated.", 
    "keep_for_gold": 0
  }, 
  {
    "citance_No": 17, 
    "citing_paper_id": "W10-1819", 
    "citing_paper_authority": 0, 
    "citing_paper_authors": "Katri, Haverinen | Filip, Ginter | Timo, Viljanen | Veronika, Laippala | Tapio, Salakoski", 
    "raw_text": "The tree bank of Haverinen et al is annotated in the Stanford Dependency (SD) scheme of de Marneffe and Manning (2008a; 2008b)", 
    "clean_text": "The tree bank of Haverinen et al is annotated in the Stanford Dependency (SD) scheme of de Marneffe and Manning (2008a; 2008b).", 
    "keep_for_gold": 0
  }, 
  {
    "citance_No": 18, 
    "citing_paper_id": "P13-2103", 
    "citing_paper_authority": 6, 
    "citing_paper_authors": "Reut, Tsarfaty", 
    "raw_text": "These relations are labeled using traditional grammatical concepts (subject, object, modifier) that are arranged into an inheritance hierarchy (de Marneffe and Manning, 2008a, Sec", 
    "clean_text": "These relations are labeled using traditional grammatical concepts (subject, object, modifier) that are arranged into an inheritance hierarchy (de Marneffe and Manning, 2008a, Sec.", 
    "keep_for_gold": 0
  }, 
  {
    "citance_No": 19, 
    "citing_paper_id": "P13-2103", 
    "citing_paper_authority": 6, 
    "citing_paper_authors": "Reut, Tsarfaty", 
    "raw_text": "Inso far, recovering SD relations from phrase-structure (PS) trees have used a range of structural cues such as positions and phrase-labels (see, for in stance, the software of de Marneffe and Manning (2008a))", 
    "clean_text": "In so far, recovering SD relations from phrase-structure (PS) trees have used a range of structural cues such as positions and phrase-labels (see, for instance, the software of de Marneffe and Manning (2008a)).", 
    "keep_for_gold": 0
  }
]
