[
  {
    "citance_No": 1, 
    "citing_paper_id": "W06-0605", 
    "citing_paper_authority": 2, 
    "citing_paper_authors": "Michael, Maxwell | Baden, Hughes", 
    "raw_text": "Nevertheless, very little of that text seems to be genuinely parallel, although recent work (Munteanu and Marcu, 2005) indicates that true parallelism may not be required for some tasks ,eg machine 10http: //bowland-files.lancs.ac.uk/corplang/emille/ translation, in order to gain acceptable results. Because bi text was so difficult to find for lower density languages, corpus creation efforts rely largely, if not exclusively, on contracting out text for translation", 
    "clean_text": "Nevertheless, very little of that text seems to be genuinely parallel, although recent work (Munteanu and Marcu, 2005) indicates that true parallelism may not be required for some tasks, eg machine translation, in order to gain acceptable results.", 
    "keep_for_gold": 0
  }, 
  {
    "citance_No": 2, 
    "citing_paper_id": "N09-2024", 
    "citing_paper_authority": 4, 
    "citing_paper_authors": "Christoph, Tillmann | Jian-ming, Xu", 
    "raw_text": "Sentence-level filter: The word-overlap filterin (Munteanu and Marcu, 2005) has been implemented: for a sentence pair (S, T) to be con side red parallel the ratio of the lengths of the two sentences has to be smaller than two", 
    "clean_text": "Sentence-level filter: The word-overlap filtering (Munteanu and Marcu, 2005) has been implemented: for a sentence pair (S, T) to be considered parallel the ratio of the lengths of the two sentences has to be smaller than two.", 
    "keep_for_gold": 0
  }, 
  {
    "citance_No": 3, 
    "citing_paper_id": "N09-2024", 
    "citing_paper_authority": 4, 
    "citing_paper_authors": "Christoph, Tillmann | Jian-ming, Xu", 
    "raw_text": "The baseline uses only the length-based filtering and the coverage filtering without caching the coverage decisions (Munteanuand Marcu, 2005)", 
    "clean_text": "The baseline uses only the length-based filtering and the coverage filtering without caching the coverage decisions (Munteanu and Marcu, 2005).", 
    "keep_for_gold": 0
  }, 
  {
    "citance_No": 4, 
    "citing_paper_id": "N09-2024", 
    "citing_paper_authority": 4, 
    "citing_paper_authors": "Christoph, Tillmann | Jian-ming, Xu", 
    "raw_text": "Its usefulness for extracting parallel sentences is demonstrated on news data for two language pairs. Currently, we are working on a feature-rich approach (Munteanu and Marcu, 2005) to improve the sentence-pair selection accuracy", 
    "clean_text": "Currently, we are working on a feature-rich approach (Munteanu and Marcu, 2005) to improve the sentence-pair selection accuracy.", 
    "keep_for_gold": 0
  }, 
  {
    "citance_No": 5, 
    "citing_paper_id": "N10-1063", 
    "citing_paper_authority": 27, 
    "citing_paper_authors": "Jason R., Smith | Chris, Quirk | Kristina, Toutanova", 
    "raw_text": "In recent years, there have been several approaches developed for obtaining parallel sentences from non-parallel, or comparable data, such as news articles published within the same time period (Munteanu and Marcu, 2005), or web pages with a similar structure (Resnik and Smith, 2003)", 
    "clean_text": "In recent years, there have been several approaches developed for obtaining parallel sentences from non-parallel, or comparable data, such as news articles published within the same time period (Munteanu and Marcu, 2005), or web pages with a similar structure (Resnik and Smith, 2003).", 
    "keep_for_gold": 0
  }, 
  {
    "citance_No": 6, 
    "citing_paper_id": "N10-1063", 
    "citing_paper_authority": 27, 
    "citing_paper_authors": "Jason R., Smith | Chris, Quirk | Kristina, Toutanova", 
    "raw_text": "Munteanu and Marcu (2005) use publication date and vector-based similarity (after projecting words through a bilingual dictionary) to identify similar news articles", 
    "clean_text": "Munteanu and Marcu (2005) use publication date and vector-based similarity (after projecting words through a bilingual dictionary) to identify similar news articles.", 
    "keep_for_gold": 1
  }, 
  {
    "citance_No": 7, 
    "citing_paper_id": "N10-1063", 
    "citing_paper_authority": 27, 
    "citing_paper_authors": "Jason R., Smith | Chris, Quirk | Kristina, Toutanova", 
    "raw_text": "Munteanu and Marcu (2005) filter out negative examples with high length difference or low word overlap (based on a bilingual dictionary)", 
    "clean_text": "Munteanu and Marcu (2005) filter out negative examples with high length difference or low word overlap (based on a bilingual dictionary).", 
    "keep_for_gold": 1
  }, 
  {
    "citance_No": 8, 
    "citing_paper_id": "N10-1063", 
    "citing_paper_authority": 27, 
    "citing_paper_authors": "Jason R., Smith | Chris, Quirk | Kristina, Toutanova", 
    "raw_text": "In both the binary classifier approach and the ranking approach, we use a Maximum Entropy classifier, following Munteanu and Marcu (2005)", 
    "clean_text": "In both the binary classifier approach and the ranking approach, we use a Maximum Entropy classifier, following Munteanu and Marcu (2005).", 
    "keep_for_gold": 0
  }, 
  {
    "citance_No": 9, 
    "citing_paper_id": "N10-1063", 
    "citing_paper_authority": 27, 
    "citing_paper_authors": "Jason R., Smith | Chris, Quirk | Kristina, Toutanova", 
    "raw_text": "Features derived from word alignments We use a feature set inspired by (Munteanu and Marcu, 2005), who defined features primarily based on IBM Model 1 alignments (Brown et al, 1993)", 
    "clean_text": "We use a feature set inspired by (Munteanu and Marcu, 2005), who defined features primarily based on IBM Model 1 alignments (Brown et al, 1993).", 
    "keep_for_gold": 1
  }, 
  {
    "citance_No": 10, 
    "citing_paper_id": "N10-1063", 
    "citing_paper_authority": 27, 
    "citing_paper_authors": "Jason R., Smith | Chris, Quirk | Kristina, Toutanova", 
    "raw_text": "One approach that begins to address this problem is the use of self-training ,asin (Munteanu and Marcu, 2005)", 
    "clean_text": "One approach that begins to address this problem is the use of self-training, as in (Munteanu and Marcu, 2005).", 
    "keep_for_gold": 0
  }, 
  {
    "citance_No": 11, 
    "citing_paper_id": "D10-1025", 
    "citing_paper_authority": 12, 
    "citing_paper_authors": "John C., Platt | Kristina, Toutanova | Scott Wen-Tau, Yih", 
    "raw_text": "In addition, machine translation (MT) systems can be improved by training on sentences extracted from parallel or comparable documents mined from the Web (Munteanu and Marcu, 2005)", 
    "clean_text": "In addition, machine translation (MT) systems can be improved by training on sentences extracted from parallel or comparable documents mined from the Web (Munteanu and Marcu, 2005).", 
    "keep_for_gold": 0
  }, 
  {
    "citance_No": 12, 
    "citing_paper_id": "D07-1036", 
    "citing_paper_authority": 17, 
    "citing_paper_authors": "Yajuan, L&uuml; | Jin, Huang | Qun, Liu", 
    "raw_text": "Others extract parallel sentences from comparable or non-parallel corpora (Munteanu and Marcu 2005, 2006)", 
    "clean_text": "Others extract parallel sentences from comparable or non-parallel corpora (Munteanu and Marcu 2005, 2006).", 
    "keep_for_gold": 0
  }, 
  {
    "citance_No": 13, 
    "citing_paper_id": "W11-1209", 
    "citing_paper_authority": 3, 
    "citing_paper_authors": "Sanjika, Hewavitharana | Stephan, Vogel", 
    "raw_text": "Cross-lingual information retrieval methods (Munteanu and Marcu, 2005) and 61 Proceedings of the 4th Workshop on Building and Using Comparable Corpora, pages 61? 68, 49th Annual Meeting of the Association for Computational Linguistics, Portland, Oregon, 24 June 2011", 
    "clean_text": "Cross-lingual information retrieval methods (Munteanu and Marcu, 2005) and other similarity measures (Fung and Cheung, 2004) have been used for the document alignment task.", 
    "keep_for_gold": 0
  }, 
  {
    "citance_No": 14, 
    "citing_paper_id": "W11-1209", 
    "citing_paper_authority": 3, 
    "citing_paper_authors": "Sanjika, Hewavitharana | Stephan, Vogel", 
    "raw_text": "Such classifiers have been used in the past to detect parallel sentence pairs in large collections of comparable documents (Munteanu and Marcu, 2005)", 
    "clean_text": "Such classifiers have been used in the past to detect parallel sentence pairs in large collections of comparable documents (Munteanu and Marcu, 2005).", 
    "keep_for_gold": 0
  }, 
  {
    "citance_No": 15, 
    "citing_paper_id": "W11-1209", 
    "citing_paper_authority": 3, 
    "citing_paper_authors": "Sanjika, Hewavitharana | Stephan, Vogel", 
    "raw_text": "The feature set we use is inspired by Munteanu and Marcu (2005) who define the features based on IBM Model-1 (Brown et al, 1993) alignments for source and target pairs", 
    "clean_text": "The feature set we use is inspired by Munteanu and Marcu (2005) who define the features based on IBM Model-1 (Brown et al, 1993) alignments for source and target pairs.", 
    "keep_for_gold": 0
  }, 
  {
    "citance_No": 16, 
    "citing_paper_id": "W11-1209", 
    "citing_paper_authority": 3, 
    "citing_paper_authors": "Sanjika, Hewavitharana | Stephan, Vogel", 
    "raw_text": "In selecting negative examples, we followed the same approach as in (Munteanu and Marcu, 2005): pairing all source phrases with all target phrases, but filter out the parallel pairs and those that have high length difference or a low lexical overlap, and then randomly select a subset of phrase pairs as the negative training set", 
    "clean_text": "In selecting negative examples, we followed the same approach as in (Munteanu and Marcu, 2005): pairing all source phrases with all target phrases, but filter out the parallel pairs and those that have high length difference or a low lexical overlap, and then randomly select a subset of phrase pairs as the negative training set.", 
    "keep_for_gold": 0
  }, 
  {
    "citance_No": 17, 
    "citing_paper_id": "W11-1205", 
    "citing_paper_authority": 7, 
    "citing_paper_authors": "Emmanuel, Morin | Emmanuel, Prochasson", 
    "raw_text": "Based on this observation, dynamic program ming (Yang and Li, 2003), similarity measures such as Cosine (Fung and Cheung, 2004) or word and translation error ratios (Abdul-Rauf and Schwenk, 2009), or maximum entropy classifier (Munteanu and Marcu, 2005) are used for discovering parallel sentences", 
    "clean_text": "Based on this observation, dynamic programming (Yang and Li, 2003), similarity measures such as Cosine (Fung and Cheung, 2004) or word and translation error ratios (Abdul-Rauf and Schwenk, 2009), or maximum entropy classifier (Munteanu and Marcu, 2005) are used for discovering parallel sentences.", 
    "keep_for_gold": 0
  }, 
  {
    "citance_No": 18, 
    "citing_paper_id": "P09-2057", 
    "citing_paper_authority": 2, 
    "citing_paper_authors": "Christoph, Tillmann", 
    "raw_text": "This paper extends previous work on extracting parallel sentence pairs from com parable data (Munteanu and Marcu, 2005) .For a given source sentence S, a maximum entropy (ME) classifier is applied to a large set of candidate target translations. A beam-search algorithm is used to abandon target sentences as non-parallel early on during classification if they fall outside the beam", 
    "clean_text": "This paper extends previous work on extracting parallel sentence pairs from comparable data (Munteanu and Marcu, 2005).", 
    "keep_for_gold": 0
  }, 
  {
    "citance_No": 19, 
    "citing_paper_id": "P09-2057", 
    "citing_paper_authority": 2, 
    "citing_paper_authors": "Christoph, Tillmann", 
    "raw_text": "We select source-target sentence pairs (S, T) based on a ME classifier (Munteanu and Marcu, 2005)", 
    "clean_text": "We select source-target sentence pairs (S, T) based on a ME classifier (Munteanu and Marcu, 2005).", 
    "keep_for_gold": 0
  }, 
  {
    "citance_No": 20, 
    "citing_paper_id": "P09-2057", 
    "citing_paper_authority": 2, 
    "citing_paper_authors": "Christoph, Tillmann", 
    "raw_text": "We are aiming at finding the? T with the highest probability p (c= 1|S,? T), but we can not compute that probability for all sentence 1In addition, the sentence length filter in (Munteanu and Marcu, 2005) is used: the length ratio max (J, I) /min (J, I) of source and target sentence has to be smaller than 2", 
    "clean_text": "In addition, the sentence length filter in (Munteanu and Marcu, 2005) is used: the length ratio of source and target sentence has to be smaller than 2.", 
    "keep_for_gold": 0
  }
]
