[
  {
    "citance_No": 1, 
    "citing_paper_id": "P09-1078", 
    "citing_paper_authority": 2, 
    "citing_paper_authors": "Shoushan, Li | Rui, Xia | Chengqing, Zong | Chu-Ren, Huang", 
    "raw_text": "Moreover, Ng et al (2006) examine the FS of the weighted log-likelihood ratio (WLLR) on the movie review dataset and achieves an accuracy of 87.1%, which is higher than the result reported by Pang and Lee (2004) with the same dataset", 
    "clean_text": "Moreover, Ng et al (2006) examine the FS of the weighted log-likelihood ratio (WLLR) on the movie review dataset and achieves an accuracy of 87.1%, which is higher than the result reported by Pang and Lee (2004) with the same dataset.", 
    "keep_for_gold": 0
  }, 
  {
    "citance_No": 2, 
    "citing_paper_id": "P09-1078", 
    "citing_paper_authority": 2, 
    "citing_paper_authors": "Shoushan, Li | Rui, Xia | Chengqing, Zong | Chu-Ren, Huang", 
    "raw_text": "And 20NG is a collection of approximately 20,000 20-category documents 1. In sentiment text classification, we also use two data sets: one is the widely used Cornell movie-review dataset2 (Pang and Lee, 2004) and one dataset from product reviews of domain DVD3 (Blitzer et al, 2007)", 
    "clean_text": "In sentiment text classification, we also use two data sets: one is the widely used Cornell movie-review dataset (Pang and Lee, 2004) and one dataset from product reviews of domain DVD (Blitzer et al, 2007).", 
    "keep_for_gold": 1
  }, 
  {
    "citance_No": 3, 
    "citing_paper_id": "P13-2087", 
    "citing_paper_authority": 3, 
    "citing_paper_authors": "Igor, Labutov | Hod, Lipson", 
    "raw_text": "Data: For our experiments, we employ a large, recently introduced IMDB movie review dataset (Maas et al, 2011), in place of the smaller dataset introduced in (Pang and Lee, 2004) more commonly used for sentiment analysis", 
    "clean_text": "For our experiments, we employ a large, recently introduced IMDB movie review dataset (Maas et al, 2011), in place of the smaller dataset introduced in (Pang and Lee, 2004) more commonly used for sentiment analysis.", 
    "keep_for_gold": 0
  }, 
  {
    "citance_No": 4, 
    "citing_paper_id": "C08-1135", 
    "citing_paper_authority": 7, 
    "citing_paper_authors": "Taras, Zagibalov | John, Carroll", 
    "raw_text": "Pang and Lee (2004) use a graph-based technique to identify and analyze only subjective parts of texts", 
    "clean_text": "Pang and Lee (2004) use a graph-based technique to identify and analyze only subjective parts of texts.", 
    "keep_for_gold": 0
  }, 
  {
    "citance_No": 5, 
    "citing_paper_id": "W11-0323", 
    "citing_paper_authority": 0, 
    "citing_paper_authors": "Ning, Yu | Sandra, K&uuml;bler", 
    "raw_text": "Graph based SSL learning has been successfully applied to opinion detection (Pang and Lee, 2004) but is not appropriate for dealing with large scale data sets", 
    "clean_text": "Graph based SSL learning has been successfully applied to opinion detection (Pang and Lee, 2004) but is not appropriate for dealing with large scale data sets.", 
    "keep_for_gold": 0
  }, 
  {
    "citance_No": 6, 
    "citing_paper_id": "W11-0323", 
    "citing_paper_authority": 0, 
    "citing_paper_authors": "Ning, Yu | Sandra, K&uuml;bler", 
    "raw_text": "Movie Review One of the standard data sets in opinion detection is the movie review data set created by Pang and Lee (2004)", 
    "clean_text": "One of the standard data sets in opinion detection is the movie review data set created by Pang and Lee (2004).", 
    "keep_for_gold": 0
  }, 
  {
    "citance_No": 7, 
    "citing_paper_id": "N09-1001", 
    "citing_paper_authority": 6, 
    "citing_paper_authors": "Fangzhong, Su | Katja, Markert", 
    "raw_text": "We also can not use prior graph construction methods for the document level (such as physical proximity of sentences, used in Pang and Lee (2004)) at the word sense level", 
    "clean_text": "We also cannot use prior graph construction methods for the document level (such as physical proximity of sentences, used in Pang and Lee (2004)) at the word sense level.", 
    "keep_for_gold": 0
  }, 
  {
    "citance_No": 8, 
    "citing_paper_id": "P11-4022", 
    "citing_paper_authority": 5, 
    "citing_paper_authors": "Aditya, Joshi | Balamurali, A. R. | Pushpak, Bhattacharyya | Rajat, Mohanty", 
    "raw_text": "This is because certain parts-of-speech have been found to be better indicators of sentiment (Pang and Lee, 2004)", 
    "clean_text": "This is because certain parts-of-speech have been found to be better indicators of sentiment (Pang and Lee, 2004).", 
    "keep_for_gold": 0
  }, 
  {
    "citance_No": 9, 
    "citing_paper_id": "I08-1039", 
    "citing_paper_authority": 6, 
    "citing_paper_authors": "Daisuke, Ikeda | Hiroya, Takamura | Lev, Ratinov | Manabu, Okumura", 
    "raw_text": "Pang and Lee (2004) proposed to eliminate objective sentences before the sentiment classification of documents", 
    "clean_text": "Pang and Lee (2004) proposed to eliminate objective sentences before the sentiment classification of documents.", 
    "keep_for_gold": 0
  }, 
  {
    "citance_No": 10, 
    "citing_paper_id": "N07-1033", 
    "citing_paper_authority": 12, 
    "citing_paper_authors": "Omar F., Zaidan | Jason M., Eisner | Christine, Piatko", 
    "raw_text": "Although this dataset seems to demand discourse level features that contextualize bits of praise and criticism, we exactly follow Pang et al (2002) and Pang and Lee (2004) in merely using binary unigram features, corresponding to the 17,744un stemmed word or punctuation types with count? 4in the full 2000-document corpus", 
    "clean_text": "", 
    "keep_for_gold": 0
  }, 
  {
    "citance_No": 11, 
    "citing_paper_id": "W07-2022", 
    "citing_paper_authority": 5, 
    "citing_paper_authors": "Alina, Andreevskaia | Sabine, Bergler", 
    "raw_text": "Their accuracy on news sentences is between 65 and 68% .Sentence-level subjectivity detection, where training data is easier to obtain than for positive vs. negative classification, has been successfully performed using supervised statistical methods alone (Pang and Lee, 2004) or in combination with a knowledge based approach (Riloff et al, 2006)", 
    "clean_text": "Sentence-level subjectivity detection, where training data is easier to obtain than for positive vs. negative classification, has been successfully performed using supervised statistical methods alone (Pang and Lee, 2004) or in combination with a knowledge based approach (Riloff et al, 2006).", 
    "keep_for_gold": 0
  }, 
  {
    "citance_No": 12, 
    "citing_paper_id": "P11-2015", 
    "citing_paper_authority": 1, 
    "citing_paper_authors": "Manoj, Harpalani | Michael, Hart | Sandesh, Singh | Rob, Johnson | Yejin, Choi", 
    "raw_text": "We build two classifiers based on the work of Pang and Lee (2004) to measure the polarity and objectivity of article edits", 
    "clean_text": "We build two classifiers based on the work of Pang and Lee (2004) to measure the polarity and objectivity of article edits.", 
    "keep_for_gold": 0
  }, 
  {
    "citance_No": 13, 
    "citing_paper_id": "W10-3111", 
    "citing_paper_authority": 12, 
    "citing_paper_authors": "Michael, Wiegand | Alexandra, Balahur | Benjamin, Roth | Dietrich, Klakow | Andr&eacute;s, Montoyo", 
    "raw_text": "Sentiment analysis can be dependently or independently done from subjectivity detection, although Pang and Lee (2004) state that subjectivity detection performed prior to the sentiment analysis leads to better results in the latter. Although research in this area has started only recently, the substantial growth in subjective information on the world wide web in the past years has made sentiment analysis a task on which constantly growing efforts have been concentrated. The body of research published on sentiment analysis has shown that the task is difficult, not only due to the syntactic and semantic variability of language, but also because it involves the extraction of indirect or implicit assessments of objects, by means of emotions or attitudes", 
    "clean_text": "Sentiment analysis can be dependently or independently done from subjectivity detection, although Pang and Lee (2004) state that subjectivity detection performed prior to the sentiment analysis leads to better results in the latter.", 
    "keep_for_gold": 1
  }, 
  {
    "citance_No": 14, 
    "citing_paper_id": "E09-1077", 
    "citing_paper_authority": 23, 
    "citing_paper_authors": "Delip, Rao | Deepak, Ravichandran", 
    "raw_text": "Mincuts have been used 4As of this writing, WordNet is available for more than 40 world languages (http: //www.globalwordnet.org) Figure 2: Semi-supervised classification using mincutsin semi-supervised learning for various tasks, including document level sentiment analysis (Pang and Lee, 2004)", 
    "clean_text": "", 
    "keep_for_gold": 0
  }, 
  {
    "citance_No": 15, 
    "citing_paper_id": "P07-1055", 
    "citing_paper_authority": 37, 
    "citing_paper_authors": "Ryan, McDonald | Kerry, Hannan | Tyler, Neylon | Mike, Wells | Jeffrey C., Reynar", 
    "raw_text": "In fact, it has already been established that sentence level classification can improve document level analysis (Pang and Lee, 2004)", 
    "clean_text": "In fact, it has already been established that sentence level classification can improve document level analysis (Pang and Lee, 2004).", 
    "keep_for_gold": 1
  }, 
  {
    "citance_No": 16, 
    "citing_paper_id": "P07-1055", 
    "citing_paper_authority": 37, 
    "citing_paper_authors": "Ryan, McDonald | Kerry, Hannan | Tyler, Neylon | Mike, Wells | Jeffrey C., Reynar", 
    "raw_text": "Cascaded models for fine-to-coarse sentiment analysis were studied by Pang and Lee (2004)", 
    "clean_text": "Cascaded models for fine-to-coarse sentiment analysis were studied by Pang and Lee (2004).", 
    "keep_for_gold": 0
  }, 
  {
    "citance_No": 17, 
    "citing_paper_id": "P07-1055", 
    "citing_paper_authority": 37, 
    "citing_paper_authors": "Ryan, McDonald | Kerry, Hannan | Tyler, Neylon | Mike, Wells | Jeffrey C., Reynar", 
    "raw_text": "For instance, in Pang and Lee (2004), yd would be the polarity of the document and ysi would indicate whether sentence si is subjective or objective", 
    "clean_text": "For instance, in Pang and Lee (2004), yd would be the polarity of the document and ysi would indicate whether sentence si is subjective or objective.", 
    "keep_for_gold": 0
  }, 
  {
    "citance_No": 18, 
    "citing_paper_id": "P07-1055", 
    "citing_paper_authority": 37, 
    "citing_paper_authors": "Ryan, McDonald | Kerry, Hannan | Tyler, Neylon | Mike, Wells | Jeffrey C., Reynar", 
    "raw_text": "The local dependencies between sentiment labels on sentences is similar to the work of Pang and Lee (2004) where soft local consistency constraints were created between every sentence in a document and inference was solved using a min-cut algorithm", 
    "clean_text": "The local dependencies between sentiment labels on sentences is similar to the work of Pang and Lee (2004) where soft local consistency constraints were created between every sentence in a document and inference was solved using a min-cut algorithm.", 
    "keep_for_gold": 1
  }, 
  {
    "citance_No": 19, 
    "citing_paper_id": "P07-1055", 
    "citing_paper_authority": 37, 
    "citing_paper_authors": "Ryan, McDonald | Kerry, Hannan | Tyler, Neylon | Mike, Wells | Jeffrey C., Reynar", 
    "raw_text": "In both cases there 1Alternatively, decisions from the sentence classifier can guide which input is seen by the document level classifier (Pang and Lee, 2004)", 
    "clean_text": "Alternatively, decisions from the sentence classifier can guide which input is seen by the document level classifier (Pang and Lee, 2004).", 
    "keep_for_gold": 0
  }, 
  {
    "citance_No": 20, 
    "citing_paper_id": "W11-1717", 
    "citing_paper_authority": 0, 
    "citing_paper_authors": "Balamurali, A. R. | Aditya, Joshi | Pushpak, Bhattacharyya", 
    "raw_text": "On the other hand, we associate sentiment polarity to a document on the whole as opposed to Pang and Lee (2004) which deals with sentiment prediction of subjectivity content only", 
    "clean_text": "On the other hand, we associate sentiment polarity to a document on the whole as opposed to Pang and Lee (2004) which deals with sentiment prediction of subjectivity content only.", 
    "keep_for_gold": 0
  }
]
