[
  {
    "citance_No": 1, 
    "citing_paper_id": "E93-1018", 
    "citing_paper_authority": 2, 
    "citing_paper_authors": "Claire, Gardent", 
    "raw_text": "reso lu t ion The discourse grammar used builds on [Polanyi and Scha 1984]", 
    "clean_text": "The discourse grammar used builds on [Polanyi and Scha 1984].", 
    "keep_for_gold": 0
  }, 
  {
    "citance_No": 2, 
    "citing_paper_id": "W09-1003", 
    "citing_paper_authority": 0, 
    "citing_paper_authors": "Jeroen, Geertzen", 
    "raw_text": "Such structures have received considerable attention and their models are often referred to as discourse/dialogue grammars (Polanyi and Scha, 1984) or conversational/dialogue games (Levin and Moore, 1988) .As also remarked by Levin (1999), predicting and recognising dialogue games using n-gram models is not really successful", 
    "clean_text": "Such structures have received considerable attention and their models are often referred to as discourse/dialogue grammars (Polanyi and Scha, 1984) or conversational/dialogue games (Levin and Moore, 1988).", 
    "keep_for_gold": 0
  }, 
  {
    "citance_No": 3, 
    "citing_paper_id": "E95-1017", 
    "citing_paper_authority": 3, 
    "citing_paper_authors": "David, Milward", 
    "raw_text": "It is also closer to some methods for incremental daptation of discourse structures, where additions are allowed to the right-frontier of a tree structure (e.g. Polanyi and Scha 1984)", 
    "clean_text": "It is also closer to some methods for incremental daptation of discourse structures, where additions are allowed to the right-frontier of a tree structure (e.g. Polanyi and Scha 1984).", 
    "keep_for_gold": 0
  }
]
