[
  {
    "citance_No": 1, 
    "citing_paper_id": "W07-2022", 
    "citing_paper_authority": 5, 
    "citing_paper_authors": "Alina, Andreevskaia | Sabine, Bergler", 
    "raw_text": "Theunigrams used for sentence/headline classification were learned from WordNet (Fellbaum, 1998) dictionary entries using the STEP system described in (Andreevskaia and Bergler, 2006b)", 
    "clean_text": "The unigrams used for sentence/headline classification were learned from WordNet (Fellbaum, 1998) dictionary entries using the STEP system described in (Andreevskaia and Bergler, 2006b).", 
    "keep_for_gold": 0
  }, 
  {
    "citance_No": 2, 
    "citing_paper_id": "W07-2022", 
    "citing_paper_authority": 5, 
    "citing_paper_authors": "Alina, Andreevskaia | Sabine, Bergler", 
    "raw_text": "Since sentiment-bearing words in English have different degree of centrality to the category of sentiment, we have constructed a measure of word centrality to the category of positive or negative sentiment described in our earlier work (Andreevskaiaand Bergler, 2006a)", 
    "clean_text": "Since sentiment-bearing words in English have different degree of centrality to the category of sentiment, we have constructed a measure of word centrality to the category of positive or negative sentiment described in our earlier work (Andreevskaiaand Bergler, 2006a).", 
    "keep_for_gold": 0
  }, 
  {
    "citance_No": 3, 
    "citing_paper_id": "P14-1145", 
    "citing_paper_authority": 0, 
    "citing_paper_authors": "Jun Seok, Kang | Song, Feng | Leman, Akoglu | Yejin, Choi", 
    "raw_text": "Note that the latter, which has been employed by several previous studies (e.g., Kamps et al (2004), Takamura et al (2005), Andreevskaia and Bergler (2006), SuandMarkert (2009), Lu et al (2011), Kaji and Kitsuregawa (2007), Feng et al (2013)), could be a source of noise, as one needs to assume that the semantic relation between a pair of synsets transfers over the pair of words corresponding to that pair of synsets", 
    "clean_text": "", 
    "keep_for_gold": 0
  }, 
  {
    "citance_No": 4, 
    "citing_paper_id": "C10-2036", 
    "citing_paper_authority": 1, 
    "citing_paper_authors": "Guohong, Fu | Xin, Wang", 
    "raw_text": "At lexical level, Andreevskaia and Bergler (2006) exploit an algorithm for extracting sentiment-bearing adjectives from the WordNet based on fuzzy logic", 
    "clean_text": "At lexical level, Andreevskaia and Bergler (2006) exploit an algorithm for extracting sentiment-bearing adjectives from the WordNet based on fuzzy logic.", 
    "keep_for_gold": 0
  }, 
  {
    "citance_No": 5, 
    "citing_paper_id": "N09-1001", 
    "citing_paper_authority": 6, 
    "citing_paper_authors": "Fangzhong, Su | Katja, Markert", 
    "raw_text": "Moreover, AndreevskaiaandBergler (2006) show that the performance of automatic annotation of subjectivity at the word level can be hurt by the presence of subjectivity-ambiguous words in the training sets they use", 
    "clean_text": "Moreover, Andreevskaia and Bergler (2006) show that the performance of automatic annotation of subjectivity at the word level can be hurt by the presence of subjectivity-ambiguous words in the training sets they use.", 
    "keep_for_gold": 1
  }, 
  {
    "citance_No": 6, 
    "citing_paper_id": "N09-1001", 
    "citing_paper_authority": 6, 
    "citing_paper_authors": "Fangzhong, Su | Katja, Markert", 
    "raw_text": "However, Kim and Hovy (2004) and Andreevskaiaand Bergler (2006) show that subjectivity recognition might be the harder problem with lower human agreement and automatic performance", 
    "clean_text": "However, Kim and Hovy (2004) and Andreevskaia and Bergler (2006) show that subjectivity recognition might be the harder problem with lower human agreement and automatic performance.", 
    "keep_for_gold": 0
  }, 
  {
    "citance_No": 7, 
    "citing_paper_id": "C08-1104", 
    "citing_paper_authority": 7, 
    "citing_paper_authors": "Fangzhong, Su | Katja, Markert", 
    "raw_text": "In addition, Andreevskaia and Bergler (2006) show that the performance of automatic annotation of subjectivity at the word level can be hurt by the presence of subjectivity-ambiguous words in the training sets they use", 
    "clean_text": "In addition, Andreevskaia and Bergler (2006) show that the performance of automatic annotation of subjectivity at the word level can be hurt by the presence of subjectivity-ambiguous words in the training sets they use.", 
    "keep_for_gold": 0
  }, 
  {
    "citance_No": 8, 
    "citing_paper_id": "N09-1002", 
    "citing_paper_authority": 2, 
    "citing_paper_authors": "Yaw, Gyamfi | Janyce, Wiebe | Rada, Mihalcea | Cem, Akkaya", 
    "raw_text": "Researchers have found this at various levels of analysis, including the manual annotation of phrases (Takamura et al, 2006), sentiment classification of phrases (Wilson et al, 2005), sentiment tagging of words (Andreevskaia and Bergler, 2006b), and sentiment tagging of word senses (Esuli and Sebastiani, 2006a)", 
    "clean_text": "Researchers have found this at various levels of analysis, including the manual annotation of phrases (Takamura et al, 2006), sentiment classification of phrases (Wilson et al, 2005), sentiment tagging of words (Andreevskaia and Bergler, 2006b), and sentiment tagging of word senses (Esuli and Sebastiani, 2006a).", 
    "keep_for_gold": 0
  }, 
  {
    "citance_No": 9, 
    "citing_paper_id": "D10-1121", 
    "citing_paper_authority": 11, 
    "citing_paper_authors": "Ahmed, Hassan | Vahed, Qazvinian | Dragomir R., Radev", 
    "raw_text": "Similarly, Andreevskaia and Bergler (2006) used WordNet to expand seed lists with fuzzy sentiment categories, in which words could be more central to one category than the other. Finally, Kanayama and Nasukawa (2006) used syn tactic features and context coherency, defined as the tendency for same polarities to appear successively, to acquire polar atoms", 
    "clean_text": "Similarly, Andreevskaia and Bergler (2006) used WordNet to expand seed lists with fuzzy sentiment categories, in which words could be more central to one category than the other.", 
    "keep_for_gold": 0
  }, 
  {
    "citance_No": 10, 
    "citing_paper_id": "P08-2028", 
    "citing_paper_authority": 2, 
    "citing_paper_authors": "Karo, Moilanen | Stephen G., Pulman", 
    "raw_text": "polarities a physical spin model inspired by the behaviour of electrons with a (+) or () direction, and an iterative term neighbourhood matrix which models magnetisation. Non-neutral adjectives were extracted from WordNet and assigned fuzzy sentiment category member ship/centrality scores and tags in Andreevskaia and Bergler (2006)", 
    "clean_text": "Non-neutral adjectives were extracted from WordNet and assigned fuzzy sentiment category membership/centrality scores and tags in Andreevskaia and Bergler (2006).", 
    "keep_for_gold": 1
  }, 
  {
    "citance_No": 11, 
    "citing_paper_id": "W11-1703", 
    "citing_paper_authority": 0, 
    "citing_paper_authors": "Dan, Tufi&scaron; | Dan, &Scedil;tef&#x103;nescu", 
    "raw_text": "The majority of researchers working on subjectivity agree that the subjectivity load of a given word is dependent on the senses of the respective word (Andreevskaia and Bergler, 2006), (Bentivogli et al, 2004), (Mihalcea et al, 2007), (Valiutti et al, 2004) and many others.; yet, in Kamps and Marx? s model (KMM, henceforth), because they work with words and not word senses, the sense distinctions are lost, making it impossible to assign different scores to different senses of the word in case", 
    "clean_text": "", 
    "keep_for_gold": 0
  }, 
  {
    "citance_No": 12, 
    "citing_paper_id": "P10-1041", 
    "citing_paper_authority": 17, 
    "citing_paper_authors": "Ahmed, Hassan | Dragomir R., Radev", 
    "raw_text": "A similar method is presented in (Andreevskaia and Bergler, 2006) where WordNet synonyms, antonyms, and glosses areused to iteratively expand a list of seeds", 
    "clean_text": "A similar method is presented in (Andreevskaia and Bergler, 2006) where WordNet synonyms, antonyms, and glosses are used to iteratively expand a list of seeds.", 
    "keep_for_gold": 1
  }, 
  {
    "citance_No": 13, 
    "citing_paper_id": "P13-2090", 
    "citing_paper_authority": 3, 
    "citing_paper_authors": "Svitlana, Volkova | Theresa, Wilson | David, Yarowsky", 
    "raw_text": "Many researchers have explored using relations in WordNet (Miller, 1995) ,e.g., Esuli and Sabastiani (2006), Andreevskaia and Bergler (2006) for English, Rao and Ravichandran (2009) for Hindi and French, and PerezRosas et al (2012) for Spanish", 
    "clean_text": "", 
    "keep_for_gold": 0
  }
]
