[
  {
    "citance_No": 1, 
    "citing_paper_id": "P14-2026", 
    "citing_paper_authority": 0, 
    "citing_paper_authors": "Jingsheng, Cai | Masao, Utiyama | Eiichiro, Sumita | Yujie, Zhang", 
    "raw_text": "Another similar work is that of (Xu et al, 2009) .They created a pre-ordering rule set for dependency parsers from English to several SOV languages", 
    "clean_text": "Another similar work is that of (Xu et al, 2009). They created a pre-ordering rule set for dependency parsers from English to several SOV languages.", 
    "keep_for_gold": 0
  }, 
  {
    "citance_No": 2, 
    "citing_paper_id": "P12-1096", 
    "citing_paper_authority": 4, 
    "citing_paper_authors": "Nan, Yang | Nenghai, Yu | Mu, Li | Dongdong, Zhang", 
    "raw_text": "It is true that tree-based re ordering can not cover all word movement operations in language translation, previous work showed that this method is still very effective in practice (Xu et al., 2009, Visweswariah et al, 2010)", 
    "clean_text": "It is true that tree-based reordering cannot cover all word movement operations in language translation, previous work showed that this method is still very effective in practice (Xu et al., 2009, Visweswariah et al, 2010).", 
    "keep_for_gold": 0
  }, 
  {
    "citance_No": 3, 
    "citing_paper_id": "P12-1096", 
    "citing_paper_authority": 4, 
    "citing_paper_authors": "Nan, Yang | Nenghai, Yu | Mu, Li | Dongdong, Zhang", 
    "raw_text": "In addition, a pre-reorder system using manual rules as (Xu et al, 2009) is included for the English to-Japanese experiment (ManR-PR)", 
    "clean_text": "In addition, a pre-reorder system using manual rules as (Xu et al, 2009) is included for the English to-Japanese experiment (ManR-PR).", 
    "keep_for_gold": 0
  }, 
  {
    "citance_No": 4, 
    "citing_paper_id": "P12-1096", 
    "citing_paper_authority": 4, 
    "citing_paper_authors": "Nan, Yang | Nenghai, Yu | Mu, Li | Dongdong, Zhang", 
    "raw_text": "Xu et al (2009) designed a clever precedence reordering rule set for translation from English to several SOV languages. The drawback for hand-crafted rules is that they depend upon expert knowledge to produce and are limited to their targeted language pairs", 
    "clean_text": "Xu et al (2009) designed a clever precedence reordering rule set for translation from English to several SOV languages.", 
    "keep_for_gold": 0
  }, 
  {
    "citance_No": 5, 
    "citing_paper_id": "W10-1736", 
    "citing_paper_authority": 12, 
    "citing_paper_authors": "Hideki, Isozaki | Katsuhito, Sudoh | Hajime, Tsukada | Kevin, Duh", 
    "raw_text": "Recently, Xu et al (2009) and Hong et al (2009) proposed rule-based preprocessing methods forSOV languages", 
    "clean_text": "Recently, Xu et al (2009) and Hong et al (2009) proposed rule-based preprocessing methods for SOV languages.", 
    "keep_for_gold": 0
  }, 
  {
    "citance_No": 6, 
    "citing_paper_id": "W10-1736", 
    "citing_paper_authority": 12, 
    "citing_paper_authors": "Hideki, Isozaki | Katsuhito, Sudoh | Hajime, Tsukada | Kevin, Duh", 
    "raw_text": "There is another kind of head: semantic heads. Hong et al (2009) used Stanford parser (de Marneffe et al, 2006), which outputs semantic head based dependencies; Xu et al (2009) also used the same representation", 
    "clean_text": "Hong et al (2009) used Stanford parser (de Marneffe et al, 2006), which outputs semantic head based dependencies; Xu et al (2009) also used the same representation.", 
    "keep_for_gold": 0
  }, 
  {
    "citance_No": 7, 
    "citing_paper_id": "W10-1736", 
    "citing_paper_authority": 12, 
    "citing_paper_authors": "Hideki, Isozaki | Katsuhito, Sudoh | Hajime, Tsukada | Kevin, Duh", 
    "raw_text": "Xu et al (2009) used a semantic head-based dependency parser fora similar purpose", 
    "clean_text": "Xu et al (2009) used a semantic head-based dependency parser for a similar purpose.", 
    "keep_for_gold": 0
  }, 
  {
    "citance_No": 8, 
    "citing_paper_id": "W10-1736", 
    "citing_paper_authority": 12, 
    "citing_paper_authors": "Hideki, Isozaki | Katsuhito, Sudoh | Hajime, Tsukada | Kevin, Duh", 
    "raw_text": "Reversing the children order (Xu et al, 2009) reconnects is and popular", 
    "clean_text": "Reversing the children order (Xu et al, 2009) reconnects is and popular.", 
    "keep_for_gold": 0
  }, 
  {
    "citance_No": 9, 
    "citing_paper_id": "C10-2095", 
    "citing_paper_authority": 0, 
    "citing_paper_authors": "Sameer, Maskey | Steven, Rennie | Bowen, Zhou", 
    "raw_text": "We obtained four more sets of alignments from the Berkeley aligner (BA) (Liang et al, 2006), the HMM aligner (HA) (Vogel et al, 1996), the alignment based on partial words (PA), and alignment based on dependency based reordering (DA) (Xu et al,2009)", 
    "clean_text": "We obtained four more sets of alignments from the Berkeley aligner (BA) (Liang et al, 2006), the HMM aligner (HA) (Vogel et al, 1996), the alignment based on partial words (PA), and alignment based on dependency based reordering (DA) (Xu et al,2009).", 
    "keep_for_gold": 0
  }, 
  {
    "citance_No": 10, 
    "citing_paper_id": "C10-2095", 
    "citing_paper_authority": 0, 
    "citing_paper_authors": "Sameer, Maskey | Steven, Rennie | Bowen, Zhou", 
    "raw_text": "(Xu et al, 2009) showed that translation between subject-verb-object (English) and subject-object-verb (Pashto) languages can be improved by reordering the source side of the parallel data", 
    "clean_text": "(Xu et al, 2009) showed that translation between subject-verb-object (English) and subject-object-verb (Pashto) languages can be improved by reordering the source side of the parallel data.", 
    "keep_for_gold": 1
  }, 
  {
    "citance_No": 11, 
    "citing_paper_id": "C10-2095", 
    "citing_paper_authority": 0, 
    "citing_paper_authors": "Sameer, Maskey | Steven, Rennie | Bowen, Zhou", 
    "raw_text": "Using the rules and algorithm described in (Xu et al, 2009) we reordered all of the source side and used GIZA++ to align the sentences. The four additional alignment sets just described, including our baseline alignment, Alignment V, were combined using the presented PMn combination algorithm, where n signifies the number of tables being combined", 
    "clean_text": "Using the rules and algorithm described in (Xu et al, 2009) we reordered all of the source side and used GIZA++ to align the sentences.", 
    "keep_for_gold": 0
  }, 
  {
    "citance_No": 12, 
    "citing_paper_id": "P11-1003", 
    "citing_paper_authority": 2, 
    "citing_paper_authors": "Xianchao, Wu | Takuya, Matsuzaki | Jun'ichi, Tsujii", 
    "raw_text": "Compared with flat phrases, syntactic rules are good at capturing global reordering, which has been reported to be essential for translating between languages with substantial structural differences, such as English and Japanese, which is a subject-object verb language (Xu et al, 2009)", 
    "clean_text": "Compared with flat phrases, syntactic rules are good at capturing global reordering, which has been reported to be essential for translating between languages with substantial structural differences, such as English and Japanese, which is a subject-object verb language (Xu et al, 2009).", 
    "keep_for_gold": 0
  }, 
  {
    "citance_No": 13, 
    "citing_paper_id": "W10-1762", 
    "citing_paper_authority": 4, 
    "citing_paper_authors": "Katsuhito, Sudoh | Kevin, Duh | Hajime, Tsukada | Tsutomu, Hirao | Masaaki, Nagata", 
    "raw_text": "XiaandMcCord (2004) extracted reordering rules automatically from bilingual corpora for English-to French translation; Collins et al (2005) used linguistically-motivated clause restructuring rules for German-to-English translation; Li et al (2007) modeled reordering on parse tree nodes by using a maximum entropy model with surface and syntactic features for Chinese-to-English translation; Katz-Brown and Collins (2008 )applieda very simple reverse ordering to Japanese-to English translation, which reversed the word order in Japanese segments separated by a few simple cues; Xu et al (2009) utilized a dependency parser with several hand-labeled precedence rules for re ordering English to subject-object-verb order like Korean and Japanese", 
    "clean_text": "Xu et al (2009) utilized a dependency parser with several hand-labeled precedence rules for reordering English to subject-object-verb order like Korean and Japanese.", 
    "keep_for_gold": 0
  }, 
  {
    "citance_No": 14, 
    "citing_paper_id": "W11-1009", 
    "citing_paper_authority": 0, 
    "citing_paper_authors": "Giuseppe, Attardi | Atanas, Chanev | Antonio Valerio, Miceli Barone", 
    "raw_text": "The work by Xu et al (2009) is the closest to our approach", 
    "clean_text": "The work by Xu et al (2009) is the closest to our approach.", 
    "keep_for_gold": 0
  }, 
  {
    "citance_No": 15, 
    "citing_paper_id": "W11-1009", 
    "citing_paper_authority": 0, 
    "citing_paper_authors": "Giuseppe, Attardi | Atanas, Chanev | Antonio Valerio, Miceli Barone", 
    "raw_text": "Our approach is a true tree-to-string model and differs from (Xu et al, 2009), which uses trees only as an intermediate representation to rearrange the original sentences", 
    "clean_text": "Our approach is a true tree-to-string model and differs from (Xu et al, 2009), which uses trees only as an intermediate representation to rearrange the original sentences.", 
    "keep_for_gold": 0
  }, 
  {
    "citance_No": 16, 
    "citing_paper_id": "D11-1017", 
    "citing_paper_authority": 11, 
    "citing_paper_authors": "Jason, Katz-Brown | Slav, Petrov | Ryan, McDonald | Franz Josef, Och | David, Talbot | Hiroshi, Ichikawa | Masakazu, Seno | Hideto, Kazawa", 
    "raw_text": "We use a superset of the reordering rules proposed by Xu et al (2009), which flatten a dependency tree into SOV word order that is suitable for all three languages", 
    "clean_text": "We use a superset of the reordering rules proposed by Xu et al (2009), which flatten a dependency tree into SOV word order that is suitable for all three languages.", 
    "keep_for_gold": 0
  }, 
  {
    "citance_No": 17, 
    "citing_paper_id": "P11-2067", 
    "citing_paper_authority": 0, 
    "citing_paper_authors": "Susan, Howlett | Mark, Dras", 
    "raw_text": "On Web text, Xu et al (2009) report significant improvements applying one set of hand-crafted rules to translation from English to each of five SOVlan 384guages: Korean, Japanese, Hindi, Urdu and Turkish", 
    "clean_text": "On Web text, Xu et al (2009) report significant improvements applying one set of hand-crafted rules to translation from English to each of five SOV languages: Korean, Japanese, Hindi, Urdu and Turkish.", 
    "keep_for_gold": 1
  }, 
  {
    "citance_No": 18, 
    "citing_paper_id": "W11-2102", 
    "citing_paper_authority": 4, 
    "citing_paper_authors": "David, Talbot | Hideto, Kazawa | Hiroshi, Ichikawa | Jason, Katz-Brown | Masakazu, Seno | Franz Josef, Och", 
    "raw_text": "Following Collins et al (2005a) and Wang (2007), Xu et al (2009) showed that when translating from English to Japanese (and to other SOV languages such as Korean and Turkish) applying reordering as 12a preprocessing step that manipulates a source sentence parse tree can significantly outperform state of-the-art phrase-based and hierarchical machine translation systems", 
    "clean_text": "Following Collins et al (2005a) and Wang (2007), Xu et al (2009) showed that when translating from English to Japanese (and to other SOV languages such as Korean and Turkish) applying reordering as a preprocessing step that manipulates a source sentence parse tree can significantly outperform state-of-the-art phrase-based and hierarchical machine translation systems.", 
    "keep_for_gold": 0
  }, 
  {
    "citance_No": 19, 
    "citing_paper_id": "W11-2102", 
    "citing_paper_authority": 4, 
    "citing_paper_authors": "David, Talbot | Hideto, Kazawa | Hiroshi, Ichikawa | Jason, Katz-Brown | Masakazu, Seno | Franz Josef, Och", 
    "raw_text": "During both training and testing, the system reorders source-language sentences in a preprocessing step using a set of rules written in the framework pro posed by (Xu et al, 2009) that reorder an Englishdependency tree into target word order", 
    "clean_text": "During both training and testing, the system reorders source-language sentences in a preprocessing step using a set of rules written in the framework proposed by (Xu et al, 2009) that reorder an English dependency tree into target word order.", 
    "keep_for_gold": 0
  }, 
  {
    "citance_No": 20, 
    "citing_paper_id": "W11-2102", 
    "citing_paper_authority": 4, 
    "citing_paper_authors": "David, Talbot | Hideto, Kazawa | Hiroshi, Ichikawa | Jason, Katz-Brown | Masakazu, Seno | Franz Josef, Och", 
    "raw_text": "R4 Head final reordering with reverse reordering for words after the head? R5 Superset of rules from (Xu et al, 2009) Reverse reordering places words in the reverse of the English order", 
    "clean_text": "R5 Superset of rules from (Xu et al., 2009).", 
    "keep_for_gold": 0
  }
]
