[
  {
    "citance_No": 1, 
    "citing_paper_id": "W96-0101", 
    "citing_paper_authority": 2, 
    "citing_paper_authors": "Evelyne, Tzoukermann | Dragomir R., Radev", 
    "raw_text": "(Brill, 1995) presents a rule-based part-of-speech tagger for unsupervised training corpus", 
    "clean_text": "(Brill, 1995) presents a rule-based part-of-speech tagger for unsupervised training corpus.", 
    "keep_for_gold": 1
  }, 
  {
    "citance_No": 2, 
    "citing_paper_id": "P14-2132", 
    "citing_paper_authority": 0, 
    "citing_paper_authors": "Hui, Zhang | John, DeNero", 
    "raw_text": "The fact that observations and prior knowledge are useful for part-of-speech tagging is well under stood (Brill, 1995), but the approach of estimating an initial transition model only from unambiguous word pairs is novel", 
    "clean_text": "The fact that observations and prior knowledge are useful for part-of-speech tagging is well understood (Brill, 1995), but the approach of estimating an initial transition model only from unambiguous word pairs is novel.", 
    "keep_for_gold": 0
  }, 
  {
    "citance_No": 3, 
    "citing_paper_id": "C00-1046", 
    "citing_paper_authority": 3, 
    "citing_paper_authors": "Hideki, Hirakawa | Kenji, Ono | Yumiko, Yoshimura", 
    "raw_text": "In the meantime, (Brill 1995a) (Brill 1995b) proposed a method to acquire contcxt-dcpendent POS disambiguation rules and created an accurate tagger, even from a very small aunotated text by combining supervised and tmsupcrviscd learning", 
    "clean_text": "In the meantime, (Brill 1995a) (Brill 1995b) proposed a method to acquire context-dependent POS disambiguation rules and created an accurate tagger, even from a very small annotated text by combining supervised and unsupervised learning.", 
    "keep_for_gold": 1
  }, 
  {
    "citance_No": 4, 
    "citing_paper_id": "C00-1042", 
    "citing_paper_authority": 13, 
    "citing_paper_authors": "Dilek, Hakkani-T&uuml;r | Kemal, Oflazer | Gokhan, Tur", 
    "raw_text": "Brill (1995a) has presented a transfl )rnmtioi& gt; based lea.rning at) l) roach ,whi (: h induces disanlbiguation rules from tagged corpora", 
    "clean_text": "", 
    "keep_for_gold": 0
  }, 
  {
    "citance_No": 5, 
    "citing_paper_id": "W05-0615", 
    "citing_paper_authority": 3, 
    "citing_paper_authors": "Sharon, Goldwater | Mark, Johnson", 
    "raw_text": "Later results (e.g. Brill (1995)) seemed to indicate that other methods of unsupervised learning could be more effective (although the work of Banko and Moore (2004) suggests that the difference may be far less than previ 112ously assumed)", 
    "clean_text": "Later results (e.g. Brill (1995)) seemed to indicate that other methods of unsupervised learning could be more effective (although the work of Banko and Moore (2004) suggests that the difference may be far less than previously assumed).", 
    "keep_for_gold": 0
  }, 
  {
    "citance_No": 6, 
    "citing_paper_id": "P98-2186", 
    "citing_paper_authority": 9, 
    "citing_paper_authors": "Dan, Roth | Dmitry, Zelenko", 
    "raw_text": "Transformation based learning (TBL) (Brill, 1995) is a machine learning approach for rule learning", 
    "clean_text": "Transformation based learning (TBL) (Brill, 1995) is a machine learning approach for rule learning.", 
    "keep_for_gold": 0
  }, 
  {
    "citance_No": 7, 
    "citing_paper_id": "P98-2186", 
    "citing_paper_authority": 9, 
    "citing_paper_authors": "Dan, Roth | Dmitry, Zelenko", 
    "raw_text": "In its most general setting, the TBL hypothesis is not a classifier (Brill, 1995)", 
    "clean_text": "In its most general setting, the TBL hypothesis is not a classifier (Brill, 1995).", 
    "keep_for_gold": 0
  }, 
  {
    "citance_No": 8, 
    "citing_paper_id": "P98-2186", 
    "citing_paper_authority": 9, 
    "citing_paper_authors": "Dan, Roth | Dmitry, Zelenko", 
    "raw_text": "(Brill, 1995) uses lexicon for initial annotation of the training corpus, where each word in the lexicon has a set POS tags seen for the 1138 word in the training corpus", 
    "clean_text": "(Brill, 1995) uses lexicon for initial annotation of the training corpus, where each word in the lexicon has a set POS tags seen for the word in the training corpus.", 
    "keep_for_gold": 0
  }, 
  {
    "citance_No": 9, 
    "citing_paper_id": "P08-1085", 
    "citing_paper_authority": 31, 
    "citing_paper_authors": "Yoav, Goldberg | Meni, Adler | Michael, Elhadad", 
    "raw_text": "Brill (1995b) proposed an unsupervised tagger based on transformation based learning (Brill, 1995a), achieving accuracies of above 95%", 
    "clean_text": "Brill (1995b) proposed an unsupervised tagger based on transformation based learning (Brill, 1995a), achieving accuracies of above 95%.", 
    "keep_for_gold": 0
  }, 
  {
    "citance_No": 10, 
    "citing_paper_id": "H05-1046", 
    "citing_paper_authority": 2, 
    "citing_paper_authors": "Eric, Garbin | Inderjeet, Mani", 
    "raw_text": "We will also study the effect of other window sizes and the combination of this unsupervised approach with minimally-supervised approaches such as (Brill 1995) (Smith and Mann 2003)", 
    "clean_text": "We will also study the effect of other window sizes and the combination of this unsupervised approach with minimally-supervised approaches such as (Brill 1995) (Smith and Mann 2003).", 
    "keep_for_gold": 0
  }, 
  {
    "citance_No": 11, 
    "citing_paper_id": "D10-1068", 
    "citing_paper_authority": 0, 
    "citing_paper_authors": "Rebecca, Dridan | Timothy, Baldwin", 
    "raw_text": "Research into unsupervised part-of-speech tagging with a tag dictionary (sometimes called weakly supervised POS tagging) has been going on for many years (cf Merialdo (1994), Brill (1995)), but generally using a fairly small tag set", 
    "clean_text": "Research into unsupervised part-of-speech tagging with a tag dictionary (sometimes called weakly supervised POS tagging) has been going on for many years (cf Merialdo (1994), Brill (1995)), but generally using a fairly small tag set.", 
    "keep_for_gold": 0
  }, 
  {
    "citance_No": 12, 
    "citing_paper_id": "C04-1080", 
    "citing_paper_authority": 26, 
    "citing_paper_authors": "Michele, Banko | Robert C., Moore", 
    "raw_text": "Unsupervised part-of-speech tagging, as defined above, has been attempted using a variety of learning algorithms (Brill 1995, Church, 1988, Cutting et. al. 1992, Elworthy, 1994 Kupiec 1992, Merialdo 1991)", 
    "clean_text": "Unsupervised part-of-speech tagging, as defined above, has been attempted using a variety of learning algorithms (Brill 1995, Church, 1988, Cutting et. al. 1992, Elworthy, 1994 Kupiec 1992, Merialdo 1991).", 
    "keep_for_gold": 0
  }, 
  {
    "citance_No": 13, 
    "citing_paper_id": "C04-1080", 
    "citing_paper_authority": 26, 
    "citing_paper_authors": "Michele, Banko | Robert C., Moore", 
    "raw_text": "For our comparison of unsupervised tagging methods, we implemented the HMM taggers described in Merialdo (1991) and Kupiec (1992), as well as the UTBL tagger described in Brill (1995)", 
    "clean_text": "For our comparison of unsupervised tagging methods, we implemented the HMM taggers described in Merialdo (1991) and Kupiec (1992), as well as the UTBL tagger described in Brill (1995).", 
    "keep_for_gold": 0
  }
]
