[
  {
    "citance_No": 1, 
    "citing_paper_id": "P03-1036", 
    "citing_paper_authority": 5, 
    "citing_paper_authors": "Mathias, Creutz", 
    "raw_text": "Here a small number of components per word are assumed, which makes the approaches difficult to apply as such to agglutinative languages. We previously presented two segmentation algorithms suitable for agglutinative languages (Creutz and Lagus, 2002)", 
    "clean_text": "We previously presented two segmentation algorithms suitable for agglutinative languages (Creutz and Lagus, 2002).", 
    "keep_for_gold": 0
  }, 
  {
    "citance_No": 2, 
    "citing_paper_id": "P03-1036", 
    "citing_paper_authority": 5, 
    "citing_paper_authors": "Mathias, Creutz", 
    "raw_text": "A Poisson distribution can be justified and has been used in order to model the length distribution of word and morph tokens [e.g., (Creutz and Lagus, 2002)], but for morph types we have chosen the gamma distribution, which has a thicker tail", 
    "clean_text": "A Poisson distribution can be justified and has been used in order to model the length distribution of word and morph tokens [e.g., (Creutz and Lagus, 2002)], but for morph types we have chosen the gamma distribution, which has a thicker tail.", 
    "keep_for_gold": 0
  }, 
  {
    "citance_No": 3, 
    "citing_paper_id": "P03-1036", 
    "citing_paper_authority": 5, 
    "citing_paper_authors": "Mathias, Creutz", 
    "raw_text": "The search for the optimal model given our input data corresponds closely to the recursive segmentation algorithm presented in (Creutz and Lagus, 2002)", 
    "clean_text": "The search for the optimal model given our input data corresponds closely to the recursive segmentation algorithm presented in (Creutz and Lagus, 2002).", 
    "keep_for_gold": 0
  }, 
  {
    "citance_No": 4, 
    "citing_paper_id": "P03-1036", 
    "citing_paper_authority": 5, 
    "citing_paper_authors": "Mathias, Creutz", 
    "raw_text": "We utilize an evaluation method for segmentation of words presented in (Creutz and Lagus, 2002)", 
    "clean_text": "We utilize an evaluation method for segmentation of words presented in (Creutz and Lagus, 2002).", 
    "keep_for_gold": 0
  }, 
  {
    "citance_No": 5, 
    "citing_paper_id": "N12-1040", 
    "citing_paper_authority": 0, 
    "citing_paper_authors": "Jeremy, Nicholson | Trevor, Cohn | Timothy, Baldwin", 
    "raw_text": "For highly inflecting languages more generally, morphological analysis is often treated as a segment and-normalise problem, amenable to analysis by weighted finite state transducer (wFST), for example, Creutz and Lagus (2002) for Finnish", 
    "clean_text": "For highly inflecting languages more generally, morphological analysis is often treated as a segment and-normalise problem, amenable to analysis by weighted finite state transducer (wFST), for example, Creutz and Lagus (2002) for Finnish.", 
    "keep_for_gold": 0
  }, 
  {
    "citance_No": 6, 
    "citing_paper_id": "W06-3208", 
    "citing_paper_authority": 1, 
    "citing_paper_authors": "Burcu, Karagol-Ayan | David, Doermann | Amy, Weinberg", 
    "raw_text": "Creutz and Lagus (2002) proposed two unsupervised methods for word segmentation, one based on maximum description length, and one based on maximum likelihood", 
    "clean_text": "Creutz and Lagus (2002) proposed two unsupervised methods for word segmentation, one based on maximum description length, and one based on maximum likelihood.", 
    "keep_for_gold": 0
  }, 
  {
    "citance_No": 7, 
    "citing_paper_id": "N06-1062", 
    "citing_paper_authority": 8, 
    "citing_paper_authors": "Mikko, Kurimo | Antti, Puurula | Ebru, Arisoy | Vesa, Siivola | Teemu, Hirsim&auml;ki | Janne, Pylkkonen | Tanel, Alum&auml;e | Murat, Sara&ccedil;lar", 
    "raw_text": "Finnish is also the language for which the algorithm for the unsupervised morpheme discovery (Creutz and Lagus, 2002) was originally developed", 
    "clean_text": "Finnish is also the language for which the algorithm for the unsupervised morpheme discovery (Creutz and Lagus, 2002) was originally developed.", 
    "keep_for_gold": 0
  }, 
  {
    "citance_No": 8, 
    "citing_paper_id": "W10-2211", 
    "citing_paper_authority": 1, 
    "citing_paper_authors": "Mikko, Kurimo | Sami, Virpioja | Ville, Turunen | Krista, Lagus", 
    "raw_text": "Morfessor Baseline (Creutz and Lagus, 2002): This is a public baseline algorithm based on jointly minimizing the size of the morph codebook and the encoded size of the all the word forms using the minimum description length MDL cost function", 
    "clean_text": "Morfessor Baseline (Creutz and Lagus, 2002): This is a public baseline algorithm based on jointly minimizing the size of the morph codebook and the encoded size of all the word forms using the minimum description length MDL cost function.", 
    "keep_for_gold": 1
  }, 
  {
    "citance_No": 9, 
    "citing_paper_id": "C04-1152", 
    "citing_paper_authority": 5, 
    "citing_paper_authors": "Shlomo, Argamon | Navot, Akiva | Amihood, Amir | Oren, Kapah", 
    "raw_text": "Similarly, Creutz and Lagus (2002) use an MDL formulation for word segmentation", 
    "clean_text": "Similarly, Creutz and Lagus (2002) use an MDL formulation for word segmentation.", 
    "keep_for_gold": 0
  }, 
  {
    "citance_No": 10, 
    "citing_paper_id": "N07-1048", 
    "citing_paper_authority": 4, 
    "citing_paper_authors": "Mathias, Creutz | Teemu, Hirsim&auml;ki | Mikko, Kurimo | Antti, Puurula | Janne, Pylkkonen | Vesa, Siivola | Matti, Varjokallio | Ebru, Arisoy | Murat, Sara&ccedil;lar | Andreas, Stolcke", 
    "raw_text": "Among others ,de Marcken (1996), Brent (1999), Goldsmith (2001), Creutz and Lagus (2002), and Creutz (2006) have shown that models based onthe above approach produce segmentations that resemble linguistic morpheme segmentations, when formulated mathematically in a probabilistic framework or equivalently using the Minimum Description Length (MDL) principle (Rissanen, 1989)", 
    "clean_text": "", 
    "keep_for_gold": 0
  }, 
  {
    "citance_No": 11, 
    "citing_paper_id": "E12-1067", 
    "citing_paper_authority": 1, 
    "citing_paper_authors": "Burcu, Can | Suresh, Manandhar", 
    "raw_text": "2 Creutz and Lagus (2002)", 
    "clean_text": "", 
    "keep_for_gold": 0
  }, 
  {
    "citance_No": 12, 
    "citing_paper_id": "E12-1067", 
    "citing_paper_authority": 1, 
    "citing_paper_authors": "Burcu, Can | Suresh, Manandhar", 
    "raw_text": "3 Creutz and Lagus (2002)", 
    "clean_text": "", 
    "keep_for_gold": 0
  }
]
