[
  {
    "citance_No": 1, 
    "citing_paper_id": "W04-2010", 
    "citing_paper_authority": 0, 
    "citing_paper_authors": "Preslav, Nakov | Elena, Paskaleva", 
    "raw_text": "Next, it looks promising to try to estimate the dictionary word frequencies using a search engine instead of text corpus, as proposed by Lapata and Keller (2004)", 
    "clean_text": "Next, it looks promising to try to estimate the dictionary word frequencies using a search engine instead of text corpus, as proposed by Lapata and Keller (2004).", 
    "keep_for_gold": 0
  }, 
  {
    "citance_No": 2, 
    "citing_paper_id": "P11-1070", 
    "citing_paper_authority": 15, 
    "citing_paper_authors": "Mohit, Bansal | Dan, Klein", 
    "raw_text": "Lapata and Keller (2004) uses the number of page hits as the web-count of the queried n gram (which is problematic according to Kilgarriff (2007))", 
    "clean_text": "Lapata and Keller (2004) uses the number of page hits as the web-count of the queried n gram (which is problematic according to Kilgarriff (2007)).", 
    "keep_for_gold": 0
  }, 
  {
    "citance_No": 3, 
    "citing_paper_id": "W06-1701", 
    "citing_paper_authority": 2, 
    "citing_paper_authors": "Andr&aacute;s, Kornai | P&eacute;ter, Hal&aacute;csy | Viktor, Nagy | Csaba, Oravecz | Vikt&oacute;r, Tron | D&aacute;niel, Varga", 
    "raw_text": "While it is possible to exploit search engine queries for various NLP tasks (Lapata and Keller,2004), for applications which use corpora as unsupervised training material down loadable base data is essential. Therefore, a compiled web corpus should contain actual texts", 
    "clean_text": "While it is possible to exploit search engine queries for various NLP tasks (Lapata and Keller, 2004), for applications which use corpora as unsupervised training material downloadable base data is essential.", 
    "keep_for_gold": 0
  }, 
  {
    "citance_No": 4, 
    "citing_paper_id": "W06-1620", 
    "citing_paper_authority": 5, 
    "citing_paper_authors": "Philip, Blunsom | Timothy, Baldwin", 
    "raw_text": "This approach has been shown to be particularly effective over web data, where the sheer size of the data precludes the possibility of linguistic preprocessing but at the same time ameliorates the effects of data sparseness inherent in any lexi calised DLA approach (Lapata and Keller, 2004)", 
    "clean_text": "This approach has been shown to be particularly effective over web data, where the sheer size of the data precludes the possibility of linguistic preprocessing but at the same time ameliorates the effects of data sparseness inherent in any lexicalised DLA approach (Lapata and Keller, 2004).", 
    "keep_for_gold": 0
  }, 
  {
    "citance_No": 5, 
    "citing_paper_id": "D07-1086", 
    "citing_paper_authority": 11, 
    "citing_paper_authors": "Shane, Bergsma | Qin Iris, Wang", 
    "raw_text": "Lapata and Keller (2004) first used web-based co-occurrence counts for the bracketing of NCs", 
    "clean_text": "Lapata and Keller (2004) first used web-based co-occurrence counts for the bracketing of NCs.", 
    "keep_for_gold": 0
  }, 
  {
    "citance_No": 6, 
    "citing_paper_id": "W06-1664", 
    "citing_paper_authority": 8, 
    "citing_paper_authors": "Yutaka, Matsuo | Takeshi, Sakaki | Koki, Uchiyama | Mitsuru, Ishizuka", 
    "raw_text": "Aside from counting bi grams, various tasks are attainable using web based models: spelling correction, adjective ordering, compound noun bracketing, countability detection, and so on (Lapata and Keller, 2004)", 
    "clean_text": "Aside from counting bigrams, various tasks are attainable using web based models: spelling correction, adjective ordering, compound noun bracketing, countability detection, and so on (Lapata and Keller, 2004).", 
    "keep_for_gold": 0
  }, 
  {
    "citance_No": 7, 
    "citing_paper_id": "W06-1664", 
    "citing_paper_authority": 8, 
    "citing_paper_authors": "Yutaka, Matsuo | Takeshi, Sakaki | Koki, Uchiyama | Mitsuru, Ishizuka", 
    "raw_text": "Therefore, it can be used easily as a baseline, as suggested by (Lapata and Keller, 2004)", 
    "clean_text": "Therefore, it can be used easily as a baseline, as suggested by (Lapata and Keller, 2004).", 
    "keep_for_gold": 0
  }, 
  {
    "citance_No": 8, 
    "citing_paper_id": "P07-1072", 
    "citing_paper_authority": 10, 
    "citing_paper_authors": "Roxana, G&icirc;rju", 
    "raw_text": "The results are compared against two state of the art approaches: a su 568pervised machine learning model, Semantic Scattering (Moldovan and Badulescu, 2005), and a web based probabilistic model (Lapata and Keller, 2004)", 
    "clean_text": "The results are compared against two state of the art approaches: a supervised machine learning model, Semantic Scattering (Moldovan and Badulescu, 2005), and a web based probabilistic model (Lapata and Keller, 2004).", 
    "keep_for_gold": 0
  }, 
  {
    "citance_No": 9, 
    "citing_paper_id": "P07-1072", 
    "citing_paper_authority": 10, 
    "citing_paper_authors": "Roxana, G&icirc;rju", 
    "raw_text": "More recently, (Lapata and Keller, 2004) showed that simple unsupervised models perform significantly better when the frequencies are obtained from the web, rather than from a large standard corpus", 
    "clean_text": "More recently, (Lapata and Keller, 2004) showed that simple unsupervised models perform significantly better when the frequencies are obtained from the web, rather than from a large standard corpus.", 
    "keep_for_gold": 0
  }, 
  {
    "citance_No": 10, 
    "citing_paper_id": "P07-1072", 
    "citing_paper_authority": 10, 
    "citing_paper_authors": "Roxana, G&icirc;rju", 
    "raw_text": "We have experimented with the support vector ma chines (SVM )model6 and compared the results against two state-of-the-art models: a supervised model, Semantic Scattering (SS), (Moldovan and Badulescu, 2005), and a web-based unsupervised model (Lapata and Keller, 2004)", 
    "clean_text": "We have experimented with the support vector machines (SVM) model and compared the results against two state-of-the-art models: a supervised model, Semantic Scattering (SS), (Moldovan and Badulescu, 2005), and a web-based unsupervised model (Lapata and Keller, 2004).", 
    "keep_for_gold": 0
  }, 
  {
    "citance_No": 11, 
    "citing_paper_id": "P07-1072", 
    "citing_paper_authority": 10, 
    "citing_paper_authors": "Roxana, G&icirc;rju", 
    "raw_text": "(Lapata and Keller, 2004)? s web-based unsupervised model classifies noun noun instances based on Lauer? s list of 8 prepositions and uses the web as training corpus", 
    "clean_text": "(Lapata and Keller, 2004)'s web-based unsupervised model classifies noun noun instances based on Lauer's list of 8 prepositions and uses the web as training corpus.", 
    "keep_for_gold": 1
  }, 
  {
    "citance_No": 12, 
    "citing_paper_id": "P07-1072", 
    "citing_paper_authority": 10, 
    "citing_paper_authors": "Roxana, G&icirc;rju", 
    "raw_text": "Although (Lapata and Keller, 2004) used Altavista in their experiments, they showed there is almost no difference between the correlations achieved using Google and Altavista counts", 
    "clean_text": "Although (Lapata and Keller, 2004) used Altavista in their experiments, they showed there is almost no difference between the correlations achieved using Google and Altavista counts.", 
    "keep_for_gold": 0
  }, 
  {
    "citance_No": 13, 
    "citing_paper_id": "W05-0603", 
    "citing_paper_authority": 22, 
    "citing_paper_authors": "Preslav, Nakov | Marti A., Hearst", 
    "raw_text": "They then later propose using Web counts as a baseline unsupervised method for many NLP tasks (Lapata and Keller, 2004)", 
    "clean_text": "They then later propose using Web counts as a baseline unsupervised method for many NLP tasks (Lapata and Keller, 2004).", 
    "keep_for_gold": 0
  }, 
  {
    "citance_No": 14, 
    "citing_paper_id": "W05-0603", 
    "citing_paper_authority": 22, 
    "citing_paper_authors": "Preslav, Nakov | Marti A., Hearst", 
    "raw_text": "Lapata and Keller (2004) achieved their best accuracy (78.68%) with the dependency model and the simple symmetric score# (wi ,wj) .1 3.3 Computing Probabilities", 
    "clean_text": "Lapata and Keller (2004) achieved their best accuracy (78.68%) with the dependency model and the simple symmetric score #(wi ,wj).", 
    "keep_for_gold": 0
  }, 
  {
    "citance_No": 15, 
    "citing_paper_id": "W05-0603", 
    "citing_paper_authority": 22, 
    "citing_paper_authors": "Preslav, Nakov | Marti A., Hearst", 
    "raw_text": "In our experiments below we smoothed2 each of these frequencies by adding 0.5 to avoid problems caused by nonexistent n-grams. Unless some particular probabilistic interpretation is needed,3 there is no reason why for a given ordered pair of words (wi ,wj), we should use Pr (wi ?wj |wj) rather than Pr (wj ?wi|wi), i &lt; j. This is confirmed by the adjacency model experiments in (Lapata and Keller, 2004) on Lauer? s NC set", 
    "clean_text": "This is confirmed by the adjacency model experiments in (Lapata and Keller, 2004) on Lauer's NC set.", 
    "keep_for_gold": 0
  }, 
  {
    "citance_No": 16, 
    "citing_paper_id": "W05-0603", 
    "citing_paper_authority": 22, 
    "citing_paper_authors": "Preslav, Nakov | Marti A., Hearst", 
    "raw_text": "Lapata and Keller (2004) derived their statistics from the Web and achieved results close to Lauer? s using simple lexical models", 
    "clean_text": "Lapata and Keller (2004) derived their statistics from the Web and achieved results close to Lauer's using simple lexical models.", 
    "keep_for_gold": 0
  }, 
  {
    "citance_No": 17, 
    "citing_paper_id": "W05-0603", 
    "citing_paper_authority": 22, 
    "citing_paper_authors": "Preslav, Nakov | Marti A., Hearst", 
    "raw_text": "Table 3 compares our results to those of Lauer (1995) and of Lapata and Keller (2004)", 
    "clean_text": "Table 3 compares our results to those of Lauer (1995) and of Lapata and Keller (2004).", 
    "keep_for_gold": 0
  }, 
  {
    "citance_No": 18, 
    "citing_paper_id": "W05-0603", 
    "citing_paper_authority": 22, 
    "citing_paper_authors": "Preslav, Nakov | Marti A., Hearst", 
    "raw_text": "We have extended and improved upon the state-of the-art approaches to NC bracketing using an unsupervised method that is more robust than Lauer (1995) and more accurate than Lapata and Keller (2004)", 
    "clean_text": "We have extended and improved upon the state-of-the-art approaches to NC bracketing using an unsupervised method that is more robust than Lauer (1995) and more accurate than Lapata and Keller (2004).", 
    "keep_for_gold": 0
  }, 
  {
    "citance_No": 19, 
    "citing_paper_id": "D07-1074", 
    "citing_paper_authority": 67, 
    "citing_paper_authors": "Silviu, Cucerzan", 
    "raw_text": "by using the surface form information extracted from Wikipedia, when available, with back-off to co-occurrence counts on the Web, in a similar way to Lapata and Keller (2004)", 
    "clean_text": "", 
    "keep_for_gold": 0
  }, 
  {
    "citance_No": 20, 
    "citing_paper_id": "N09-2018", 
    "citing_paper_authority": 0, 
    "citing_paper_authors": "Jeremy, Nicholson | Timothy, Baldwin", 
    "raw_text": "The vast size of the Web has been demonstrated to combat the data sparseness problem, for example, in Lapata and Keller (2004)", 
    "clean_text": "The vast size of the Web has been demonstrated to combat the data sparseness problem, for example, in Lapata and Keller (2004).", 
    "keep_for_gold": 0
  }
]
