[
  {
    "citance_No": 1, 
    "citing_paper_id": "C08-1056", 
    "citing_paper_authority": 17, 
    "citing_paper_authors": "Catherine, Kobus | Fran&ccedil;ois, Yvon | G&eacute;raldine, Damnati", 
    "raw_text": "This metaphor is, nonetheless, the one resorted to in (Aw et al, 2006), which uses a statistical phrase-based machine translation tool to convert English SMS texts into standardized English", 
    "clean_text": "This metaphor is, nonetheless, the one resorted to in (Aw et al, 2006), which uses a statistical phrase-based machine translation tool to convert English SMS texts into standardized English.", 
    "keep_for_gold": 0
  }, 
  {
    "citance_No": 2, 
    "citing_paper_id": "C08-1056", 
    "citing_paper_authority": 17, 
    "citing_paper_authors": "Catherine, Kobus | Fran&ccedil;ois, Yvon | G&eacute;raldine, Damnati", 
    "raw_text": "Using this system, (Aw et al, 2006) reports a 0.81 BLEU (Papineni et al, 2001) score on a set of 5,000 English SMS.Normalization as translation is certainly a natural, and simple to implement, idea", 
    "clean_text": "Using this system, (Aw et al, 2006) reports a 0.81 BLEU (Papineni et al, 2001) score on a set of 5,000 English SMS.", 
    "keep_for_gold": 0
  }, 
  {
    "citance_No": 3, 
    "citing_paper_id": "C08-1056", 
    "citing_paper_authority": 17, 
    "citing_paper_authors": "Catherine, Kobus | Fran&ccedil;ois, Yvon | G&eacute;raldine, Damnati", 
    "raw_text": "The corresponding BLEU score is close to 0,8, in line with the findings of (Aw et al, 2006) for English, and comparing favorably with the 0.68 score reported in (Guimierde Neef et al., 2007) (for French, using a different test bed)", 
    "clean_text": "The corresponding BLEU score is close to 0,8, in line with the findings of (Aw et al, 2006) for English, and comparing favorably with the 0.68 score reported in (Guimierde Neef et al., 2007) (for French, using a different test bed).", 
    "keep_for_gold": 0
  }, 
  {
    "citance_No": 4, 
    "citing_paper_id": "C08-1056", 
    "citing_paper_authority": 17, 
    "citing_paper_authors": "Catherine, Kobus | Fran&ccedil;ois, Yvon | G&eacute;raldine, Damnati", 
    "raw_text": "Following (Aw et al, 2006), we found that using off-the-shell statistical MT systems allows to achieve very satisfactory WER; combining this system with a system based on an analogy with the speech recognition problem yields an additional 1.5 absolute improvement in WER", 
    "clean_text": "Following (Aw et al, 2006), we found that using off-the-shell statistical MT systems allows to achieve very satisfactory WER; combining this system with a system based on an analogy with the speech recognition problem yields an additional 1.5 absolute improvement in WER.", 
    "keep_for_gold": 0
  }, 
  {
    "citance_No": 5, 
    "citing_paper_id": "P13-1155", 
    "citing_paper_authority": 7, 
    "citing_paper_authors": "Hany, Hassan | Arul, Menezes", 
    "raw_text": "(Aw et al, 2006) proposed an approach for normalizing Short Messaging Service (SMS) texts by translating it into normalized forms using Phrase-based SMT techniques on character level", 
    "clean_text": "(Aw et al, 2006) proposed an approach for normalizing Short Messaging Service (SMS) texts by translating it into normalized forms using Phrase-based SMT techniques on character level.", 
    "keep_for_gold": 1
  }, 
  {
    "citance_No": 6, 
    "citing_paper_id": "D10-1009", 
    "citing_paper_authority": 2, 
    "citing_paper_authors": "Danish, Contractor | Govind, Kothari | Tanveer A., Faruquie | L. Venkata, Subramaniam | Sumit, Negi", 
    "raw_text": "There exists some work to remove noise from SMS (Choudhury et al, 2007) (Byun et al, 2008) (Aw et al, 2006) (Neef et al, 2007) (Kobuset al, 2008)", 
    "clean_text": "", 
    "keep_for_gold": 0
  }, 
  {
    "citance_No": 7, 
    "citing_paper_id": "N10-1060", 
    "citing_paper_authority": 4, 
    "citing_paper_authors": "Jennifer, Foster", 
    "raw_text": "Parsing performance on noisy data can be improved by transforming the input data so that it resembles the parser? s training data (Aw et al, 2006), transforming the training data so that it resembles the input data (van der Plas et al, 2009), applying semi supervised techniques such as the self-training protocol used by McClosky et al (2006), and changing the parser internals ,e.g. adapting the parser? sun known word model to take into account variation in capitalisation and function word misspelling.4 We focus on the first two approaches and attempt to transform both the input data and the WSJ training material", 
    "clean_text": "Parsing performance on noisy data can be improved by transforming the input data so that it resembles the parser's training data (Aw et al, 2006), transforming the training data so that it resembles the input data (van der Plas et al, 2009), applying semi supervised techniques such as the self-training protocol used by McClosky et al (2006), and changing the parser internals, e.g. adapting the parser's unknown word model to take into account variation in capitalisation and function word misspelling.", 
    "keep_for_gold": 0
  }, 
  {
    "citance_No": 8, 
    "citing_paper_id": "C10-2022", 
    "citing_paper_authority": 9, 
    "citing_paper_authors": "Danish, Contractor | Tanveer A., Faruquie | L. Venkata, Subramaniam", 
    "raw_text": "There exists some work to remove noise from SMS (Choudhury et al, 2007) (Byun et al, 2008) (Aw et al, 2006) (Neef et al, 2007) (Kobuset al, 2008)", 
    "clean_text": "", 
    "keep_for_gold": 0
  }, 
  {
    "citance_No": 9, 
    "citing_paper_id": "P10-1079", 
    "citing_paper_authority": 13, 
    "citing_paper_authors": "Richard, Beaufort | Sophie, Roekhaut | Louise-Am&eacute;lie, Cougnon | C&eacute;drick, Fairon", 
    "raw_text": "On this basis, Aw et al (2006) proposed a statistical machine translation model working at the phrase-level, by splitting sentences into their k most probable phrases", 
    "clean_text": "On this basis, Aw et al (2006) proposed a statistical machine translation model working at the phrase-level, by splitting sentences into their k most probable phrases.", 
    "keep_for_gold": 1
  }, 
  {
    "citance_No": 10, 
    "citing_paper_id": "P11-2013", 
    "citing_paper_authority": 12, 
    "citing_paper_authors": "Fei, Liu | Fuliang, Weng | Bingqing, Wang | Yang, Liu", 
    "raw_text": "Aw et al (2006), Kobus et al (2008) viewed the text message normalization as a statistical machine translation process from the texting language to standard English", 
    "clean_text": "", 
    "keep_for_gold": 0
  }, 
  {
    "citance_No": 11, 
    "citing_paper_id": "W09-2010", 
    "citing_paper_authority": 19, 
    "citing_paper_authors": "Paul, Cook | Suzanne, Stevenson", 
    "raw_text": "In the case of text messages, text-to-speech synthesis may be 1The number of characters in a text message may also be limited to 160 characters, although this is not always the case.particularly useful for the visually impaired ;automatic translation has also been considered (e.g., Aw et al, 2006)", 
    "clean_text": "In the case of text messages, text-to-speech synthesis may be particularly useful for the visually impaired; automatic translation has also been considered (e.g., Aw et al, 2006).", 
    "keep_for_gold": 0
  }, 
  {
    "citance_No": 12, 
    "citing_paper_id": "W09-2010", 
    "citing_paper_authority": 19, 
    "citing_paper_authors": "Paul, Cook | Suzanne, Stevenson", 
    "raw_text": "Aw et al (2006) model text message normalization as translation from the texting language into the 14Choudhury et al do use a unigram language model for their experiments on the 303texting forms which differ from their standard forms (see Section 3.3)", 
    "clean_text": "Aw et al (2006) model text message normalization as translation from the texting language into the standard language.", 
    "keep_for_gold": 0
  }, 
  {
    "citance_No": 13, 
    "citing_paper_id": "P11-1038", 
    "citing_paper_authority": 36, 
    "citing_paper_authors": "Bo, Han | Timothy, Baldwin", 
    "raw_text": "We propose to go beyond spell checkers, in performing deabbreviation when appropriate, and recovering the canonical word form of commonplace shorthands like b4? before?, which tend to be considered beyond the remit of spell checking (Aw et al, 2006)", 
    "clean_text": "We propose to go beyond spell checkers, in performing deabbreviation when appropriate, and recovering the canonical word form of commonplace shorthands like b4 before, which tend to be considered beyond the remit of spell checking (Aw et al, 2006).", 
    "keep_for_gold": 0
  }, 
  {
    "citance_No": 14, 
    "citing_paper_id": "P11-1038", 
    "citing_paper_authority": 36, 
    "citing_paper_authors": "Bo, Han | Timothy, Baldwin", 
    "raw_text": "For example, Aw et al (2006) propose a phrase-level SMT SMSnormalisation method with bootstrapped phrase alignments", 
    "clean_text": "For example, Aw et al (2006) propose a phrase-level SMT SMS normalisation method with bootstrapped phrase alignments.", 
    "keep_for_gold": 0
  }, 
  {
    "citance_No": 15, 
    "citing_paper_id": "P11-1038", 
    "citing_paper_authority": 36, 
    "citing_paper_authors": "Bo, Han | Timothy, Baldwin", 
    "raw_text": "We reimplemented the state-of-art noisy channel model of Cook and Stevenson (2009) and SMT approach of Aw et al (2006) as benchmark methods", 
    "clean_text": "We reimplemented the state-of-art noisy channel model of Cook and Stevenson (2009) and SMT approach of Aw et al (2006) as benchmark methods.", 
    "keep_for_gold": 0
  }, 
  {
    "citance_No": 16, 
    "citing_paper_id": "P12-3006", 
    "citing_paper_authority": 2, 
    "citing_paper_authors": "Ai Ti, Aw | Lian Hau, Lee", 
    "raw_text": "We compared the results using both the baseline model and the model implemented using the same training data as in Aw et al (2006)", 
    "clean_text": "We compared the results using both the baseline model and the model implemented using the same training data as in Aw et al (2006).", 
    "keep_for_gold": 0
  }, 
  {
    "citance_No": 17, 
    "citing_paper_id": "P12-3006", 
    "citing_paper_authority": 2, 
    "citing_paper_authors": "Ai Ti, Aw | Lian Hau, Lee", 
    "raw_text": "Baseline Model Baseline+ User Dictionary Aw et al (2006) Aw et al (2006)+ user Dictionary 40 72 17 42 Table 1", 
    "clean_text": "", 
    "keep_for_gold": 0
  }, 
  {
    "citance_No": 18, 
    "citing_paper_id": "D12-1039", 
    "citing_paper_authority": 15, 
    "citing_paper_authors": "Bo, Han | Paul, Cook | Timothy, Baldwin", 
    "raw_text": "Aw et al2006) and Kaufmann and Kalita (2010) consider normalisation as a machine translation task from lexical variants to standard forms using off-the shelf tools", 
    "clean_text": "", 
    "keep_for_gold": 0
  }, 
  {
    "citance_No": 19, 
    "citing_paper_id": "P12-1109", 
    "citing_paper_authority": 12, 
    "citing_paper_authors": "Xiao, Jiang | Fei, Liu | Fuliang, Weng", 
    "raw_text": "(Aw et al, 2006) adapted a phrase-based MT model for normalizing SMS and achieved satisfying performance", 
    "clean_text": "(Aw et al, 2006) adapted a phrase-based MT model for normalizing SMS and achieved satisfying performance.", 
    "keep_for_gold": 0
  }, 
  {
    "citance_No": 20, 
    "citing_paper_id": "P09-1096", 
    "citing_paper_authority": 4, 
    "citing_paper_authors": "Govind, Kothari | Sumit, Negi | Tanveer A., Faruquie | Venkatesan T., Chakaravarthy | L. Venkata, Subramaniam", 
    "raw_text": "There exists some work to remove noise from SMS (Choudhury et al, 2007) (Byun et al, 2007) (Aw et al, 2006) (Kobus et al, 2008)", 
    "clean_text": "", 
    "keep_for_gold": 0
  }
]
