[
  {
    "citance_No": 1, 
    "citing_paper_id": "W00-1103", 
    "citing_paper_authority": 0, 
    "citing_paper_authors": "Martin, Holub | Alena, Bohmova", 
    "raw_text": "For a detailed descriptions see Haji6 (1998), Hladkfi (2000) and Collins, Haji6, Ram~haw, Tillmann (1999)", 
    "clean_text": "", 
    "keep_for_gold": 0
  }, 
  {
    "citance_No": 2, 
    "citing_paper_id": "W00-1103", 
    "citing_paper_authority": 0, 
    "citing_paper_authors": "Martin, Holub | Alena, Bohmova", 
    "raw_text": "In the Prague Dependency Treebank annotation, the transduction of the ATS to the TGTS is performed (see BShmovfi and I-Iaji~ovfi 1999)", 
    "clean_text": "", 
    "keep_for_gold": 0
  }, 
  {
    "citance_No": 3, 
    "citing_paper_id": "P13-2105", 
    "citing_paper_authority": 0, 
    "citing_paper_authors": "Xiang, Li | Wenbin, Jiang | Yajuan, L&uuml; | Qun, Liu", 
    "raw_text": "Collins et al (1999) used transformed constituency tree bank from Prague Dependency Treebank for constituent parsing on Czech", 
    "clean_text": "Collins et al (1999) used transformed constituency tree bank from Prague Dependency Treebank for constituent parsing on Czech.", 
    "keep_for_gold": 1
  }, 
  {
    "citance_No": 4, 
    "citing_paper_id": "P05-1038", 
    "citing_paper_authority": 22, 
    "citing_paper_authors": "Abhishek, Arun | Frank, Keller", 
    "raw_text": "This is con sis tent with the findings of Collins et al (1999) for Czech, where the bigram model upped dependency accuracy by about 0.9%, as well as for English where Charniak (2000) reports an increase in F-score of approximately 0.3%", 
    "clean_text": "This is consistent with the findings of Collins et al (1999) for Czech, where the bigram model upped dependency accuracy by about 0.9%, as well as for English where Charniak (2000) reports an increase in F-score of approximately 0.3%.", 
    "keep_for_gold": 0
  }, 
  {
    "citance_No": 5, 
    "citing_paper_id": "P05-1012", 
    "citing_paper_authority": 228, 
    "citing_paper_authors": "Ryan, McDonald | Koby, Crammer | Fernando, Pereira", 
    "raw_text": "Ratnaparkhi? s conditional maximum entropy model (Ratnaparkhi, 1999), trained to maximize conditional likelihood P (y|x) of the training data, performed nearly as well as generative models of the same vintage even though it scores parsing decisions in isolation and thus may suffer from the label bias problem (Lafferty et al, 2001)", 
    "clean_text": "", 
    "keep_for_gold": 0
  }, 
  {
    "citance_No": 6, 
    "citing_paper_id": "P05-1012", 
    "citing_paper_authority": 228, 
    "citing_paper_authors": "Ryan, McDonald | Koby, Crammer | Fernando, Pereira", 
    "raw_text": "Eisner and Satta (1999) give a cubic algorithm for lexicalized phrase structures. However, it only works for a limited class of languages in which tree spines are regular", 
    "clean_text": "", 
    "keep_for_gold": 0
  }, 
  {
    "citance_No": 7, 
    "citing_paper_id": "P05-1012", 
    "citing_paper_authority": 228, 
    "citing_paper_authors": "Ryan, McDonald | Koby, Crammer | Fernando, Pereira", 
    "raw_text": "To create dependency structures from the Penn Treebank, we used the extraction rules of Yamada and Matsumoto (2003), which are an approximation to the lexicalization rules of Collins (1999)", 
    "clean_text": "To create dependency structures from the Penn Treebank, we used the extraction rules of Yamada and Matsumoto (2003), which are an approximation to the lexicalization rules of Collins (1999).", 
    "keep_for_gold": 0
  }, 
  {
    "citance_No": 8, 
    "citing_paper_id": "P05-1012", 
    "citing_paper_authority": 228, 
    "citing_paper_authors": "Ryan, McDonald | Koby, Crammer | Fernando, Pereira", 
    "raw_text": "In particular, we used the method of Collins et al (1999) to simplify part-of-speech tags since the rich tags used by Czech would have led to a large but rarely seen set of POS features", 
    "clean_text": "In particular, we used the method of Collins et al (1999) to simplify part-of-speech tags since the rich tags used by Czech would have led to a large but rarely seen set of POS features.", 
    "keep_for_gold": 0
  }, 
  {
    "citance_No": 9, 
    "citing_paper_id": "P05-1012", 
    "citing_paper_authority": 228, 
    "citing_paper_authors": "Ryan, McDonald | Koby, Crammer | Fernando, Pereira", 
    "raw_text": "The Czech parser of Collins et al (1999) was run on a different data set and most other dependency parsers are evaluated using English", 
    "clean_text": "The Czech parser of Collins et al (1999) was run on a different data set and most other dependency parsers are evaluated using English.", 
    "keep_for_gold": 0
  }, 
  {
    "citance_No": 10, 
    "citing_paper_id": "C10-1045", 
    "citing_paper_authority": 16, 
    "citing_paper_authors": "Spence, Green | Christopher D., Manning", 
    "raw_text": "Lattice parsing (Chappelier et al, 1999) is an alternative to a pipeline that prevents cascading errors by placing all segmentation options into the parse chart", 
    "clean_text": "Lattice parsing (Chappelier et al, 1999) is an alternative to a pipeline that prevents cascading errors by placing all segmentation options into the parse chart.", 
    "keep_for_gold": 0
  }, 
  {
    "citance_No": 11, 
    "citing_paper_id": "E06-1011", 
    "citing_paper_authority": 138, 
    "citing_paper_authors": "Ryan, McDonald | Fernando, Pereira", 
    "raw_text": "et al, 2001), and the automatically generated POS tags supplied with the data, which we reduce to the POS tag set from Collins et al (1999)", 
    "clean_text": "For the Czech data, we used the predefined training, development and testing split of the Prague Dependency Treebank (Haji\u02c7c et al., 2001), and the automatically generated POS tags supplied with the data, which we reduce to the POS tag set from Collins et al (1999).", 
    "keep_for_gold": 0
  }, 
  {
    "citance_No": 12, 
    "citing_paper_id": "C04-1010", 
    "citing_paper_authority": 54, 
    "citing_paper_authors": "Joakim, Nivre | Mario, Scholz", 
    "raw_text": "Another difference is that Yamada and Matsumoto use support vector machines (Vapnik, 1995), while we instead rely on memory-based learning (Daele mans, 1999)", 
    "clean_text": "", 
    "keep_for_gold": 0
  }, 
  {
    "citance_No": 13, 
    "citing_paper_id": "C04-1010", 
    "citing_paper_authority": 54, 
    "citing_paper_authors": "Joakim, Nivre | Mario, Scholz", 
    "raw_text": "Memory-based learning and problem solving is based on two fundamental principles: learning is the simple storage of experiences in memory, and solving a new problem is achieved by reusing solutions from similar previously solved problems (Daele mans, 1999)", 
    "clean_text": "", 
    "keep_for_gold": 0
  }, 
  {
    "citance_No": 14, 
    "citing_paper_id": "C04-1010", 
    "citing_paper_authority": 54, 
    "citing_paper_authors": "Joakim, Nivre | Mario, Scholz", 
    "raw_text": "We are grateful to Yamada and Matsumoto for letting us use their rule set, which is a slight modification of the rules used by Collins (1999)", 
    "clean_text": "We are grateful to Yamada and Matsumoto for letting us use their rule set, which is a slight modification of the rules used by Collins (1999).", 
    "keep_for_gold": 0
  }, 
  {
    "citance_No": 15, 
    "citing_paper_id": "C04-1010", 
    "citing_paper_authority": 54, 
    "citing_paper_authors": "Joakim, Nivre | Mario, Scholz", 
    "raw_text": "For the larger B set, our best parser achieves an F-measure of 96.9% (DEP labels included), which can be compared with 97.0% for a similar (but larger) set of labels in Collins (1999) .6 Although none of the previous results on labeling accuracy is strictly comparable to ours, it nevertheless seems fair to conclude that the 6This F-measure is based on the recall and precision figures reported in Figure 7.15 in Collins (1999)", 
    "clean_text": "This F-measure is based on the recall and precision figures reported in Figure 7.15 in Collins (1999).", 
    "keep_for_gold": 0
  }, 
  {
    "citance_No": 16, 
    "citing_paper_id": "D09-1088", 
    "citing_paper_authority": 3, 
    "citing_paper_authors": "Reut, Tsarfaty | Khalil, Sima'an | Remko J. H., Scha", 
    "raw_text": "As the interest of the NLP community grows to encompass more languages, we observe efforts towards adapting an English parser for parsing other languages (e.g., (Collins et al, 1999)), or towards designing a language-independent framework based on principles underlying the models for parsing English (Bikel, 2002)", 
    "clean_text": "As the interest of the NLP community grows to encompass more languages, we observe efforts towards adapting an English parser for parsing other languages (e.g., (Collins et al, 1999)), or towards designing a language-independent framework based on principles underlying the models for parsing English (Bikel, 2002).", 
    "keep_for_gold": 0
  }, 
  {
    "citance_No": 17, 
    "citing_paper_id": "H05-1100", 
    "citing_paper_authority": 12, 
    "citing_paper_authors": "Brooke, Cowan | Michael John, Collins", 
    "raw_text": "Hence ,morphology gives us important structural cues about how the words in a Spanish sentence relate to one another. The mechanism we employ for incorporating morphology into the PCFG model (the Model 1 parser in (Collins, 1999)) is the modification of its part-of speech (POS) tag set; in this paper, we explain how this mechanism allows the parser to better capture morphological constraints", 
    "clean_text": "The mechanism we employ for incorporating morphology into the PCFG model (the Model 1 parser in (Collins, 1999)) is the modification of its part-of speech (POS) tag set; in this paper, we explain how this mechanism allows the parser to better capture morphological constraints.", 
    "keep_for_gold": 0
  }, 
  {
    "citance_No": 18, 
    "citing_paper_id": "H05-1100", 
    "citing_paper_authority": 12, 
    "citing_paper_authors": "Brooke, Cowan | Michael John, Collins", 
    "raw_text": "The authors in (Collins et al, 1999) describe an approach that gives 80% accuracy in recovering unlabeled dependencies in Czech.1 The project that is arguably most akin to the work presented in this paper is that on Spanish parsing (Moreno et al, 2000)", 
    "clean_text": "The authors in (Collins et al, 1999) describe an approach that gives 80% accuracy in recovering unlabeled dependencies in Czech.", 
    "keep_for_gold": 0
  }, 
  {
    "citance_No": 19, 
    "citing_paper_id": "H05-1100", 
    "citing_paper_authority": 12, 
    "citing_paper_authors": "Brooke, Cowan | Michael John, Collins", 
    "raw_text": "Ourbaseline model, which we used to evaluate the effects of using morphology, was Model 1 (Collins, 1999) with a simple POS tag set containing almost no morphological information", 
    "clean_text": "Ourbaseline model, which we used to evaluate the effects of using morphology, was Model 1 (Collins, 1999) with a simple POS tag set containing almost no morphological information.", 
    "keep_for_gold": 0
  }, 
  {
    "citance_No": 20, 
    "citing_paper_id": "P05-1013", 
    "citing_paper_authority": 79, 
    "citing_paper_authors": "Joakim, Nivre | Jens, Nilsson", 
    "raw_text": "It is also true of the adaptation of the Collins parser for Czech (Collins et al, 1999) and the finite-state dependency parser for Turkish by Oflazer (2003)", 
    "clean_text": "It is also true of the adaptation of the Collins parser for Czech (Collins et al, 1999) and the finite-state dependency parser for Turkish by Oflazer (2003).", 
    "keep_for_gold": 0
  }
]
