[
  {
    "citance_No": 1, 
    "citing_paper_id": "P89-1030", 
    "citing_paper_authority": 6, 
    "citing_paper_authors": "Damaris M., Ayuso", 
    "raw_text": "As a discourse progresses, an adequate discourse model must represent the relevant entities, and the relationships between them (Grosz and Sidner, 1986), A speaker may then felicitously refer anaphorically to an object (subject to focusing or centering constraints (Grosz et al, 1983, Sidner 1981, 1983, Brennan et al 1987)) if there is an existing DE representing it, or if a corresponding DE may be directly inferred from an existing DE", 
    "clean_text": "", 
    "keep_for_gold": 0
  }, 
  {
    "citance_No": 2, 
    "citing_paper_id": "P89-1030", 
    "citing_paper_authority": 6, 
    "citing_paper_authors": "Damaris M., Ayuso", 
    "raw_text": "We designed the 243 algorithms and structures necessary to generate discourse entities from our logical representation of the meaning of utterances, and from pointing gestures, and currently use them in Janus &apos; s (Weischedel et al, 1987, BSN, 1988) pronoun resolution component, which applies centering techniques (Grosz et al, 1983, Sidner 1981, 1983, Brennan et al 1987) to track and constrain references", 
    "clean_text": "", 
    "keep_for_gold": 0
  }, 
  {
    "citance_No": 3, 
    "citing_paper_id": "W12-3201", 
    "citing_paper_authority": 2, 
    "citing_paper_authors": "Dragomir R., Radev | Amjad, Abu-Jbara", 
    "raw_text": "1983 Grosz et al (1983) proposed the centering model which is concerned with the interactions between the local coherence of discourse", 
    "clean_text": "Grosz et al (1983) proposed the centering model which is concerned with the interactions between the local coherence of discourse.", 
    "keep_for_gold": 0
  }, 
  {
    "citance_No": 4, 
    "citing_paper_id": "P07-2040", 
    "citing_paper_authority": 6, 
    "citing_paper_authors": "Toru, Hirano | Yoshihiro, Matsuo | Genichiro, Kikui", 
    "raw_text": "The proposed method employs contextual features based on centering theory (Grosz et al, 1983 )aswell as conventional syntactic and word-based features", 
    "clean_text": "The proposed method employs contextual features based on centering theory (Grosz et al, 1983) as well as conventional syntactic and word-based features.", 
    "keep_for_gold": 0
  }, 
  {
    "citance_No": 5, 
    "citing_paper_id": "W99-0103", 
    "citing_paper_authority": 0, 
    "citing_paper_authors": "Harksoo, Kim | Jeong-Mi, Cho | Jungyun, Seo", 
    "raw_text": "To resolve referring expression, one of the we l l known methods is centering theory developed by Grosz, Jo~hi, and Weinstein (Grosz et al (1983))", 
    "clean_text": "To resolve referring expression, one of the well known methods is centering theory developed by Grosz, Joshi, and Weinstein (Grosz et al (1983)).", 
    "keep_for_gold": 1
  }
]
