[
  {
    "citance_No": 1, 
    "citing_paper_id": "D07-1069", 
    "citing_paper_authority": 3, 
    "citing_paper_authors": "Anthony, Fader | Dragomir R., Radev | Michael H., Crespin | Burt L., Monroe | Kevin M., Quinn | Michael, Colaresi", 
    "raw_text": "In (Porter et al, 2005) the authors performed a network analysis of members and committees of the US House of Representatives.They found connections between certain committees and political positions that suggest that committee membership is not determined at random. In (Thomas et al, 2006), the authors use the transcripts of debates from the US Congress to automatically classify speeches as supporting or opposing a given topic by taking advantage of the voting records of the speakers", 
    "clean_text": "In (Thomas et al, 2006), the authors use the transcripts of debates from the US Congress to automatically classify speeches as supporting or opposing a given topic by taking advantage of the voting records of the speakers.", 
    "keep_for_gold": 0
  }, 
  {
    "citance_No": 2, 
    "citing_paper_id": "P14-1074", 
    "citing_paper_authority": 0, 
    "citing_paper_authors": "Dani, Yogatama | Noah A., Smith", 
    "raw_text": "votes on the bill under discussion (Thomas et al, 2006)", 
    "clean_text": "votes on the bill under discussion (Thomas et al, 2006).", 
    "keep_for_gold": 0
  }, 
  {
    "citance_No": 3, 
    "citing_paper_id": "P12-1009", 
    "citing_paper_authority": 6, 
    "citing_paper_authors": "Viet-An, Nguyen | Jordan, Boyd-Graber | Philip, Resnik", 
    "raw_text": "(Thomaset al, 2006), or personal preferences for topics (Grimmer, 2009) would enrich the model and better illuminate the interaction of influence and topic", 
    "clean_text": "(Thomas et al, 2006), or personal preferences for topics (Grimmer, 2009) would enrich the model and better illuminate the interaction of influence and topic.", 
    "keep_for_gold": 0
  }, 
  {
    "citance_No": 4, 
    "citing_paper_id": "N12-1072", 
    "citing_paper_authority": 10, 
    "citing_paper_authors": "Ricky, Grant | Marilyn A., Walker | Pranav, Anand | Rob, Abbott", 
    "raw_text": "Thomas et al (2006) achieved accuracies of 71.3% by using speaker agreement information in the graph-basedMinCut/Maxflow algorithm, as compared to accuracies around 70% via an an SVM classifier operating on content alone", 
    "clean_text": "Thomas et al (2006) achieved accuracies of 71.3% by using speaker agreement information in the graph-based MinCut/Maxflow algorithm, as compared to accuracies around 70% via an an SVM classifier operating on content alone.", 
    "keep_for_gold": 0
  }, 
  {
    "citance_No": 5, 
    "citing_paper_id": "P14-3004", 
    "citing_paper_authority": 0, 
    "citing_paper_authors": "C\u00c3\u00a4cilia, Zirn", 
    "raw_text": "The same applies to the task of subgroup detection (as done by (AbuJbara et al., 2012), (Anand et al, 2011) or (Thomas et al, 2006)) .In order to produce a finer-grained model of positions, we want to develop a model that places positions stated in text along a one-dimensional scale, as done by (Slapin and Proksch, 2008) with their system called Wordfish, (Gabel and Huber, 2000), (Laver and Garry, 2000), (Laver et al, 2003) or (Sim et al, 2013)", 
    "clean_text": "The same applies to the task of subgroup detection (as done by (AbuJbara et al., 2012), (Anand et al, 2011) or (Thomas et al, 2006)) . In order to produce a finer-grained model of positions, we want to develop a model that places positions stated in text along a one-dimensional scale, as done by (Slapin and Proksch, 2008) with their system called Wordfish, (Gabel and Huber, 2000), (Laver and Garry, 2000), (Laver et al, 2003) or (Sim et al, 2013).", 
    "keep_for_gold": 0
  }, 
  {
    "citance_No": 6, 
    "citing_paper_id": "P14-3004", 
    "citing_paper_authority": 0, 
    "citing_paper_authors": "C\u00c3\u00a4cilia, Zirn", 
    "raw_text": "Extract positions Instead of selecting sentences from the manifesto that cover a topic, the position could be extracted from the manifesto using topic models, as shown in (Thomas et al, 2006) and (Gerrish and Blei, 2011)", 
    "clean_text": "Instead of selecting sentences from the manifesto that cover a topic, the position could be extracted from the manifesto using topic models, as shown in (Thomas et al, 2006) and (Gerrish and Blei, 2011).", 
    "keep_for_gold": 0
  }, 
  {
    "citance_No": 7, 
    "citing_paper_id": "D12-1119", 
    "citing_paper_authority": 3, 
    "citing_paper_authors": "Mahesh, Joshi | Carolyn P., Ros\u00e9 | Mark, Dredze | William W., Cohen", 
    "raw_text": "ConVote (CONVOTE) Our second dataset is taken from segments of speech from United States Congress floor debates, first introduced by Thomas et al (2006)", 
    "clean_text": "Our second dataset is taken from segments of speech from United States Congress floor debates, first introduced by Thomas et al (2006).", 
    "keep_for_gold": 0
  }, 
  {
    "citance_No": 8, 
    "citing_paper_id": "D10-1102", 
    "citing_paper_authority": 14, 
    "citing_paper_authors": "Ainur, Yessenalina | Yisong, Yue | Claire, Cardie", 
    "raw_text": "However, like other cascaded approaches (e.g., Thomas et al (2006), Mao and Lebanon (2006)), it can be difficult to control how errors propagate from the sentence-level subtask to the main document classification task", 
    "clean_text": "However, like other cascaded approaches (e.g., Thomas et al (2006), Mao and Lebanon (2006)), it can be difficult to control how errors propagate from the sentence-level subtask to the main document classification task.", 
    "keep_for_gold": 0
  }, 
  {
    "citance_No": 9, 
    "citing_paper_id": "D10-1102", 
    "citing_paper_authority": 14, 
    "citing_paper_authors": "Ainur, Yessenalina | Yisong, Yue | Claire, Cardie", 
    "raw_text": "We also use the U.S. Congressional floor debates transcripts from Thomas et al (2006)", 
    "clean_text": "We also use the U.S. Congressional floor debates transcripts from Thomas et al (2006).", 
    "keep_for_gold": 0
  }, 
  {
    "citance_No": 10, 
    "citing_paper_id": "D10-1102", 
    "citing_paper_authority": 14, 
    "citing_paper_authors": "Ainur, Yessenalina | Yisong, Yue | Claire, Cardie", 
    "raw_text": "For our experiments, we evaluate our methods using the speaker based speech-segment classification setting as described in Thomas et al (2006) .5 3Datasets in the required format for SVMsle are available at http: //www.cs.cornell.edu/ ?ainur/data.html 4Since the rationale annotations are available for nine out of 10 folds, we used the 10-th fold as the blind test set", 
    "clean_text": "For our experiments, we evaluate our methods using the speaker based speech-segment classification setting as described in Thomas et al (2006). Datasets in the required format for SVMsle are available at http: //www.cs.cornell.edu/ ?ainur/data.html.", 
    "keep_for_gold": 0
  }, 
  {
    "citance_No": 11, 
    "citing_paper_id": "D10-1102", 
    "citing_paper_authority": 14, 
    "citing_paper_authors": "Ainur, Yessenalina | Yisong, Yue | Claire, Cardie", 
    "raw_text": "5In the other setting described in Thomas et al (2006) (segment-based speech-segment classification), around 39% of 1051 Table 1: Summary of the experimental results for the Movie Reviews (top) and U.S. Congressional Floor Debates (bottom) datasets using SVMsle, SVMslew/ Prior and SVMslefs with and without proximity features", 
    "clean_text": "In the other setting described in Thomas et al (2006) (segment-based speech-segment classification), around 39% of 1051 Table 1: Summary of the experimental results for the Movie Reviews (top) and U.S. Congressional Floor Debates (bottom) datasets using SVMsle, SVMslew/ Prior and SVMslefs with and without proximity features.", 
    "keep_for_gold": 0
  }, 
  {
    "citance_No": 12, 
    "citing_paper_id": "D10-1102", 
    "citing_paper_authority": 14, 
    "citing_paper_authors": "Ainur, Yessenalina | Yisong, Yue | Claire, Cardie", 
    "raw_text": "METHOD ACC Baseline SVM 70.00 Prior work Thomas et al (2006) 71.28Bansal et al (2008) 75.00 Our work SVMslefs 77.67 SVMslefs+ Prox.Feat", 
    "clean_text": "", 
    "keep_for_gold": 0
  }, 
  {
    "citance_No": 13, 
    "citing_paper_id": "W12-3710", 
    "citing_paper_authority": 2, 
    "citing_paper_authors": "Cecile, Paris | Paul, Thomas | Nalin, Narang | Jie, Yin", 
    "raw_text": "Thomas et al (2006) presented a method based on support vector machines to determine whether the speeches made by participants represent support or opposition to proposed legislation, using transcripts of U.S. congressional floor debates", 
    "clean_text": "Thomas et al (2006) presented a method based on support vector machines to determine whether the speeches made by participants represent support or opposition to proposed legislation, using transcripts of U.S. congressional floor debates.", 
    "keep_for_gold": 1
  }, 
  {
    "citance_No": 14, 
    "citing_paper_id": "W12-3710", 
    "citing_paper_authority": 2, 
    "citing_paper_authors": "Cecile, Paris | Paul, Thomas | Nalin, Narang | Jie, Yin", 
    "raw_text": "Our aggregation technique does, however, presuppose consistency of opinions, in a similar way to Thomas et al (2006)", 
    "clean_text": "Our aggregation technique does, however, presuppose consistency of opinions, in a similar way to Thomas et al (2006).", 
    "keep_for_gold": 0
  }, 
  {
    "citance_No": 15, 
    "citing_paper_id": "D12-1006", 
    "citing_paper_authority": 3, 
    "citing_paper_authors": "Dragomir R., Radev | Ahmed, Hassan | Amjad, Abu-Jbara", 
    "raw_text": "Thomas et al2006) address the same problem of determining support and opposition as applied to congressional floor-debates", 
    "clean_text": "Thomas et al 2006 address the same problem of determining support and opposition as applied to congressional floor-debates.", 
    "keep_for_gold": 0
  }, 
  {
    "citance_No": 16, 
    "citing_paper_id": "D12-1006", 
    "citing_paper_authority": 3, 
    "citing_paper_authors": "Dragomir R., Radev | Ahmed, Hassan | Amjad, Abu-Jbara", 
    "raw_text": "The first baseline is based on the work of (Thomasetal2006)", 
    "clean_text": "The first baseline is based on the work of (Thomas et al 2006).", 
    "keep_for_gold": 0
  }, 
  {
    "citance_No": 17, 
    "citing_paper_id": "D12-1006", 
    "citing_paper_authority": 3, 
    "citing_paper_authors": "Dragomir R., Radev | Ahmed, Hassan | Amjad, Abu-Jbara", 
    "raw_text": "We used the speaker agreement component presented in (Thomas et al2006) as a base line", 
    "clean_text": "We used the speaker agreement component presented in (Thomas et al 2006) as a baseline.", 
    "keep_for_gold": 0
  }, 
  {
    "citance_No": 18, 
    "citing_paper_id": "W12-3712", 
    "citing_paper_authority": 0, 
    "citing_paper_authors": "Phillip, Smith | Mark, Lee", 
    "raw_text": "Other work that has considered different discourse functions in sentiment analysis, have experimented on detecting arguments (Somasundaran et al, 2007) and the stance of political debates (Thomas et al, 2006)", 
    "clean_text": "Other work that has considered different discourse functions in sentiment analysis, have experimented on detecting arguments (Somasundaran et al, 2007) and the stance of political debates (Thomas et al, 2006).", 
    "keep_for_gold": 0
  }, 
  {
    "citance_No": 19, 
    "citing_paper_id": "P13-1066", 
    "citing_paper_authority": 2, 
    "citing_paper_authors": "Arjun, Mukherjee | Bing, Liu", 
    "raw_text": "Stances in on line debates: Somasundaran and Wiebe (2009), Thomas et al (2006), Bansal et al (2008), Burfoot et al (2011), and Anand et al (2011) proposed methods to recognize stances in on line debates", 
    "clean_text": "Stances in online debates: Somasundaran and Wiebe (2009), Thomas et al (2006), Bansal et al (2008), Burfoot et al (2011), and Anand et al (2011) proposed methods to recognize stances in on line debates.", 
    "keep_for_gold": 0
  }, 
  {
    "citance_No": 20, 
    "citing_paper_id": "P13-1066", 
    "citing_paper_authority": 2, 
    "citing_paper_authors": "Arjun, Mukherjee | Bing, Liu", 
    "raw_text": "Burfoot et al, (2011) builds on the work of (Thomas et al, 2006) and proposes collective classification using speaker contextual features (e.g., speaker intentions based on vote labels)", 
    "clean_text": "Burfoot et al, (2011) builds on the work of (Thomas et al, 2006) and proposes collective classification using speaker contextual features (e.g., speaker intentions based on vote labels).", 
    "keep_for_gold": 0
  }
]
