[
  {
    "citance_No": 1, 
    "citing_paper_id": "N03-1002", 
    "citing_paper_authority": 5, 
    "citing_paper_authors": "Masayuki, Asahara | Yuji, Matsumoto", 
    "raw_text": "We use a support vector machine (SVM) based chunker yamcha (Kudo and Matsumoto, 2001) for the chunking process", 
    "clean_text": "We use a support vector machine (SVM) based chunker yamcha (Kudo and Matsumoto, 2001) for the chunking process.", 
    "keep_for_gold": 0
  }, 
  {
    "citance_No": 2, 
    "citing_paper_id": "N03-1002", 
    "citing_paper_authority": 5, 
    "citing_paper_authors": "Masayuki, Asahara | Yuji, Matsumoto", 
    "raw_text": "We used the chunker yamcha (Kudo and Matsumoto,2001), which is based on support vector machines (Vapnik, 1998)", 
    "clean_text": "We used the chunker yamcha (Kudo and Matsumoto,2001), which is based on support vector machines (Vapnik, 1998).", 
    "keep_for_gold": 0
  }, 
  {
    "citance_No": 3, 
    "citing_paper_id": "N06-1012", 
    "citing_paper_authority": 8, 
    "citing_paper_authors": "Charles, Sutton | Michael, Sindelar | Andrew, McCallum", 
    "raw_text": "In both datasets, the improvement is statistically significant (McNe mar? s test; p &lt; 0.01) .On the chunking task, the bagged model also outperforms the models of Kudo and Matsumoto (2001) ands ha and Pereira (2003), and equals the currently-best results of (Ando and Zhang, 2005), who use a large amount of unlabeled data", 
    "clean_text": "On the chunking task, the bagged model also outperforms the models of Kudo and Matsumoto (2001).", 
    "keep_for_gold": 0
  }, 
  {
    "citance_No": 4, 
    "citing_paper_id": "N06-1012", 
    "citing_paper_authority": 8, 
    "citing_paper_authors": "Charles, Sutton | Michael, Sindelar | Andrew, McCallum", 
    "raw_text": "94.34 (Sha and Pereira, 2003) 94.38 (Kudo and Matsumoto, 2001) 94.39 (Ando and Zhang, 2005) 94.70 Combined CRF 94.77 Table 3: Results for the CoNLL 2000 Chunking Task.The bagged CRF performs significantly better than a single CRF (McNemar? s test; p &lt; 0.01), and equals the results of (Ando and Zhang, 2005), who use a large amount of unlabeled data", 
    "clean_text": "", 
    "keep_for_gold": 0
  }, 
  {
    "citance_No": 5, 
    "citing_paper_id": "C04-1066", 
    "citing_paper_authority": 5, 
    "citing_paper_authors": "Masayuki, Asahara | Yuji, Matsumoto", 
    "raw_text": "We use the chunker YamCha (Kudo and Matsumoto, 2001), which is based on SVMs (Vapnik, 1998) .Suppose we have a set of training data for a bi nary class problem: (x 1, y 1),..", 
    "clean_text": "We use the chunker YamCha (Kudo and Matsumoto, 2001).", 
    "keep_for_gold": 0
  }, 
  {
    "citance_No": 6, 
    "citing_paper_id": "W06-2404", 
    "citing_paper_authority": 3, 
    "citing_paper_authors": "Masatoshi, Tsuchiya | Takao, Shime | Toshihiro, Takagi | Takehito, Utsuro | Kiyotaka, Uchimoto | Suguru, Matsuyoshi | Satoshi, Sato | Seiichi, Nakagawa", 
    "raw_text": "We employ the technique of Support Vector Machines (SVMs) (Vapnik, 1998) as the machine learning technique, which has been successfully applied to various natural language processing tasks including chunking tasks such as phrase chunking (Kudo and Matsumoto, 2001) and named entity chunking (Mayfield et al, 2003) .In the preliminary experimental evaluation, we focus on 52 expressions that have balanced distribution of their usages in the newspaper text corpus and are among the most difficult ones in terms of their identification in a text", 
    "clean_text": "We employ the technique of Support Vector Machines (SVMs) (Vapnik, 1998) as the machine learning technique, which has been successfully applied to various natural language processing tasks including chunking tasks such as phrase chunking (Kudo and Matsumoto, 2001) and named entity chunking (Mayfield et al, 2003).", 
    "keep_for_gold": 0
  }, 
  {
    "citance_No": 7, 
    "citing_paper_id": "W06-2404", 
    "citing_paper_authority": 3, 
    "citing_paper_authors": "Masatoshi, Tsuchiya | Takao, Shime | Toshihiro, Takagi | Takehito, Utsuro | Kiyotaka, Uchimoto | Suguru, Matsuyoshi | Satoshi, Sato | Seiichi, Nakagawa", 
    "raw_text": "In this paper, we use an SVMs-based chunking tool YamCha8 (Kudo and Matsumoto, 2001)", 
    "clean_text": "In this paper, we use an SVMs-based chunking tool YamCha (Kudo and Matsumoto, 2001).", 
    "keep_for_gold": 1
  }, 
  {
    "citance_No": 8, 
    "citing_paper_id": "P03-2039", 
    "citing_paper_authority": 7, 
    "citing_paper_authors": "Chooi-Ling, Goh | Masayuki, Asahara | Yuji, Matsumoto", 
    "raw_text": "We use a Support Vector Machines-basedchunker, YamCha (Kudo and Matsumoto, 2001), to extract unknown words from the output of the morphological analysis", 
    "clean_text": "We use a Support Vector Machines-basedchunker, YamCha (Kudo and Matsumoto, 2001), to extract unknown words from the output of the morphological analysis.", 
    "keep_for_gold": 0
  }, 
  {
    "citance_No": 9, 
    "citing_paper_id": "D09-1119", 
    "citing_paper_authority": 2, 
    "citing_paper_authors": "Yoav, Goldberg | Michael, Elhadad", 
    "raw_text": "For the formulation of SVMs in the context of NLP applications, see (Kudo and Matsumoto, 2001)", 
    "clean_text": "For the formulation of SVMs in the context of NLP applications, see (Kudo and Matsumoto, 2001).", 
    "keep_for_gold": 0
  }, 
  {
    "citance_No": 10, 
    "citing_paper_id": "P06-1028", 
    "citing_paper_authority": 8, 
    "citing_paper_authors": "Jun, Suzuki | Erik, McDermott | Hideki, Isozaki", 
    "raw_text": "As regards the basic feature set for Chunking, we followed (Kudo and Matsumoto, 2001), which is the same feature set that provided the best result in CoNLL-2000", 
    "clean_text": "As regards the basic feature set for Chunking, we followed (Kudo and Matsumoto, 2001), which is the same feature set that provided the best result in CoNLL-2000.", 
    "keep_for_gold": 0
  }, 
  {
    "citance_No": 11, 
    "citing_paper_id": "P06-1028", 
    "citing_paper_authority": 8, 
    "citing_paper_authors": "Jun, Suzuki | Erik, McDermott | Hideki, Isozaki", 
    "raw_text": "With Chunking, (Kudo and Matsumoto, 2001) reported the best F-score of 93.91 with the voting of several models trained by Support Vec tor Machine in the same experimental settings and with the same feature set", 
    "clean_text": "With Chunking, (Kudo and Matsumoto, 2001) reported the best F-score of 93.91 with the voting of several models trained by Support Vec tor Machine in the same experimental settings and with the same feature set.", 
    "keep_for_gold": 0
  }, 
  {
    "citance_No": 12, 
    "citing_paper_id": "D09-1112", 
    "citing_paper_authority": 3, 
    "citing_paper_authors": "Marco, Dinarelli | Alessandro, Moschitti | Giuseppe, Riccardi", 
    "raw_text": "The model used to obtain the SVM baseline for concept classification was trained using YamCHA (Kudo and Matsumoto, 2001)", 
    "clean_text": "The model used to obtain the SVM baseline for concept classification was trained using YamCHA (Kudo and Matsumoto, 2001).", 
    "keep_for_gold": 0
  }, 
  {
    "citance_No": 13, 
    "citing_paper_id": "I08-4033", 
    "citing_paper_authority": 0, 
    "citing_paper_authors": "Ruiqiang, Zhang | Eiichiro, Sumita", 
    "raw_text": "Segmentation performance has been improved significantly, from the earliest maximal match (dictionary-based) approaches to HMM-based (Zhang et al, 2003) approaches and recent state-of-the-art machine learning approaches such as maximum entropy (MaxEnt) (Xue and Shen, 2003), support vector machine (SVM) (Kudo and Matsumoto, 2001), conditional random fields (CRF) (Peng and McCallum, 2004), and minimum error rate training (Gao et al, 2004)", 
    "clean_text": "Segmentation performance has been improved significantly, from the earliest maximal match (dictionary-based) approaches to HMM-based (Zhang et al, 2003) approaches and recent state-of-the-art machine learning approaches such as maximum entropy (MaxEnt) (Xue and Shen, 2003), support vector machine (SVM) (Kudo and Matsumoto, 2001), conditional random fields (CRF) (Peng and McCallum, 2004), and minimum error rate training (Gao et al, 2004).", 
    "keep_for_gold": 0
  }, 
  {
    "citance_No": 14, 
    "citing_paper_id": "P05-2004", 
    "citing_paper_authority": 3, 
    "citing_paper_authors": "Kevin, Duh", 
    "raw_text": "See, for example, NPchunkers utilizing conditional random fields (Sha and Pereira, 2003) and support vector machines (Kudo and Matsumoto, 2001)", 
    "clean_text": "See, for example, NPchunkers utilizing conditional random fields (Sha and Pereira, 2003) and support vector machines (Kudo and Matsumoto, 2001).", 
    "keep_for_gold": 0
  }, 
  {
    "citance_No": 15, 
    "citing_paper_id": "P06-2042", 
    "citing_paper_authority": 0, 
    "citing_paper_authors": "Ryoji, Hamabe | Kiyotaka, Uchimoto | Tatsuya, Kawahara | Hitoshi, Isahara", 
    "raw_text": "We used YamCha (Kudo and Matsumoto, 2001) as a text chun ker, which is based on Support Vector Machine (SVM)", 
    "clean_text": "We used YamCha (Kudo and Matsumoto, 2001) as a text chunker, which is based on Support Vector Machine (SVM).", 
    "keep_for_gold": 0
  }, 
  {
    "citance_No": 16, 
    "citing_paper_id": "W03-1720", 
    "citing_paper_authority": 4, 
    "citing_paper_authors": "Masayuki, Asahara | Chooi-Ling, Goh | Xiaojie, Wang | Yuji, Matsumoto", 
    "raw_text": "Therefore, we introduce a Support Vector Machine (below SVM) -basedchunker (Kudo and Matsumoto, 2001) to cover the errors made by the segmenter", 
    "clean_text": "Therefore, we introduce a Support Vector Machine (below SVM)-based chunker (Kudo and Matsumoto, 2001) to cover the errors made by the segmenter.", 
    "keep_for_gold": 0
  }, 
  {
    "citance_No": 17, 
    "citing_paper_id": "W10-4141", 
    "citing_paper_authority": 0, 
    "citing_paper_authors": "Huixing, Jiang | Zhe, Dong", 
    "raw_text": "Wu et al (2007, 2008) presented an automatic chunk pair relation construction algorithm which can handle so-called IOB1/IOB2/IOE1/IOE2 (Kudo and Matsumoto, 2001) chunk representation structures with either left-to-right or right-to left directions", 
    "clean_text": "Wu et al (2007, 2008) presented an automatic chunk pair relation construction algorithm which can handle so-called IOB1/IOB2/IOE1/IOE2 (Kudo and Matsumoto, 2001) chunk representation structures with either left-to-right or right-to left directions.", 
    "keep_for_gold": 0
  }, 
  {
    "citance_No": 18, 
    "citing_paper_id": "H05-1099", 
    "citing_paper_authority": 7, 
    "citing_paper_authors": "Kristy, Hollingshead | Seeger, Fisher | Brian, Roark", 
    "raw_text": "Context-Free Parsers It is likely true that a context-free parser which has been optimized for global parse accuracy will, on occasion, lose some shallow parse accuracy to satisfy global structure constraints that do not constrain 7Sha and Pereira (2003) reported the Kudo and Matsumoto (2001) performance on the NP-Chunking task to be 94.39 and to be the best reported result on this task", 
    "clean_text": "Sha and Pereira (2003) reported the Kudo and Matsumoto (2001) performance on the NP-Chunking task to be 94.39 and to be the best reported result on this task.", 
    "keep_for_gold": 0
  }, 
  {
    "citance_No": 19, 
    "citing_paper_id": "I08-5008", 
    "citing_paper_authority": 1, 
    "citing_paper_authors": "Asif, Ekbal | Sivaji, Bandyopadhyay", 
    "raw_text": "His system is an extension of Kudo? s chunking system (Kudo and Matsumoto, 2001) that gave the best performance at CoNLL-2000 shared tasks", 
    "clean_text": "His system is an extension of Kudo's chunking system (Kudo and Matsumoto, 2001) that gave the best performance at CoNLL-2000 shared tasks.", 
    "keep_for_gold": 0
  }, 
  {
    "citance_No": 20, 
    "citing_paper_id": "C02-1054", 
    "citing_paper_authority": 32, 
    "citing_paper_authors": "Hideki, Isozaki | Hideto, Kazawa", 
    "raw_text": "As far as we know, the first SVM-based NE system was proposed by Yamada et al (2001) for Japanese.His system is an extension of Kudo? s chunking system (Kudo and Matsumoto, 2001) that gave the best performance at CoNLL-2000 shared tasks", 
    "clean_text": "His system is an extension of Kudo's chunking system (Kudo and Matsumoto, 2001) that gave the best performance at CoNLL-2000 shared tasks.", 
    "keep_for_gold": 0
  }
]
