[
  {
    "citance_No": 1, 
    "citing_paper_id": "P14-1096", 
    "citing_paper_authority": 0, 
    "citing_paper_authors": "Sunny, Mitra | Ritwik, Mitra | Martin, Riedl | Christian, Biemann | Animesh, Mukherjee | Pawan, Goyal", 
    "raw_text": "Two of the fundamental components of a natural language communication are word sense discovery (Jones, 1986) and word sense disambiguation (Ide and Veronis, 1998)", 
    "clean_text": "Two of the fundamental components of a natural language communication are word sense discovery (Jones, 1986) and word sense disambiguation (Ide and Veronis, 1998).", 
    "keep_for_gold": 0
  }, 
  {
    "citance_No": 2, 
    "citing_paper_id": "P14-1096", 
    "citing_paper_authority": 0, 
    "citing_paper_authors": "Sunny, Mitra | Ritwik, Mitra | Martin, Riedl | Christian, Biemann | Animesh, Mukherjee | Pawan, Goyal", 
    "raw_text": "Ide and Veronis (1998) present a very concise survey of the history of ideas used in word sense disambiguation; for a recent survey of the state-of-the-art one can refer to (Navigli, 2009)", 
    "clean_text": "Ide and Veronis (1998) present a very concise survey of the history of ideas used in word sense disambiguation; for a recent survey of the state-of-the-art one can refer to (Navigli, 2009).", 
    "keep_for_gold": 1
  }, 
  {
    "citance_No": 3, 
    "citing_paper_id": "C02-1058", 
    "citing_paper_authority": 5, 
    "citing_paper_authors": "Hiroyuki, Kaji | Yasutsugu, Morimoto", 
    "raw_text": "Several types of information are useful for WSD (Ide and Veronis 1998)", 
    "clean_text": "Several types of information are useful for WSD (Ide and Veronis 1998).", 
    "keep_for_gold": 0
  }, 
  {
    "citance_No": 4, 
    "citing_paper_id": "W07-2017", 
    "citing_paper_authority": 2, 
    "citing_paper_authors": "Mona, Diab | Musa, Alkhalifa | Sabry, ElKateb | Christiane, Fellbaum | Aous, Mansouri | Martha, Palmer", 
    "raw_text": "The NLP field has gone through a very 94 long tradition of algorithms designed for solving this problem (Ide and Veronis, 1998)", 
    "clean_text": "The NLP field has gone through a very long tradition of algorithms designed for solving this problem (Ide and Veronis, 1998).", 
    "keep_for_gold": 0
  }, 
  {
    "citance_No": 5, 
    "citing_paper_id": "C02-1143", 
    "citing_paper_authority": 8, 
    "citing_paper_authors": "Hoa Trang, Dang | Ching-Yi, Chia | Martha, Palmer | Fu-Dong, Chiou", 
    "raw_text": "Correctly sense-tagging the Chinese word in context can prove to be highly beneficial for lexical choice in Chinese-English machine translation. Several efforts have been made to develop automatic WSD systems that can provide accurate sense tagging (Ide and Veronis, 1998), with a cur rent emphasis on creating manually sense-tagged data for supervised training of statistical WSD systems, as evidenced by SENSEVAL-1 (Kilgarriff and Palmer, 2000) and SENSEVAL-2 (Edmonds and Cotton, 2001)", 
    "clean_text": "Several efforts have been made to develop automatic WSD systems that can provide accurate sense tagging (Ide and Veronis, 1998), with a current emphasis on creating manually sense-tagged data for supervised training of statistical WSD systems, as evidenced by SENSEVAL-1 (Kilgarriff and Palmer, 2000) and SENSEVAL-2 (Edmonds and Cotton, 2001).", 
    "keep_for_gold": 0
  }, 
  {
    "citance_No": 6, 
    "citing_paper_id": "W04-2808", 
    "citing_paper_authority": 0, 
    "citing_paper_authors": "Robert, Porzel | Berenike, Loos | Vanessa, Micelli", 
    "raw_text": "Following Ide and Veronis (1998) we distinguish between data and knowledge-driven word sense disambiguation", 
    "clean_text": "Following Ide and Veronis (1998) we distinguish between data and knowledge-driven word sense disambiguation.", 
    "keep_for_gold": 0
  }, 
  {
    "citance_No": 7, 
    "citing_paper_id": "W04-2808", 
    "citing_paper_authority": 0, 
    "citing_paper_authors": "Robert, Porzel | Berenike, Loos | Vanessa, Micelli", 
    "raw_text": "Given the basic distinction between written text and spoken utterances, the only sense disambiguation results performed on speech data stemming from human interactions with dialogue systems have been reported by Loos and Porzel (2004), who compared both data and knowledge-driven sense disambiguation on the same set of actual speech data. Historically, after work on WSD had overcome so called early doubts (Ide and Veronis, 1998) in the 1960? s, it was applied to various NLP tasks, such as machine translation, information retrieval, content and grammatical analysis and text processing", 
    "clean_text": "Historically, after work on WSD had overcome so called early doubts (Ide and Veronis, 1998) in the 1960s, it was applied to various NLP tasks, such as machine translation, information retrieval, content and grammatical analysis and text processing.", 
    "keep_for_gold": 0
  }, 
  {
    "citance_No": 8, 
    "citing_paper_id": "W04-2808", 
    "citing_paper_authority": 0, 
    "citing_paper_authors": "Robert, Porzel | Berenike, Loos | Vanessa, Micelli", 
    "raw_text": "In general, following Ide and Veronis (1998) the various WSD approaches of the past can be divided into two types ,i.e., data and knowledge-based approaches", 
    "clean_text": "In general, following Ide and Veronis (1998) the various WSD approaches of the past can be divided into two types, i.e., data and knowledge-based approaches.", 
    "keep_for_gold": 1
  }, 
  {
    "citance_No": 9, 
    "citing_paper_id": "N03-1015", 
    "citing_paper_authority": 5, 
    "citing_paper_authors": "Hiroyuki, Kaji", 
    "raw_text": "A great deal of research on WSD has been done over the past decade (Ide and Veronis, 1998)", 
    "clean_text": "A great deal of research on WSD has been done over the past decade (Ide and Veronis, 1998).", 
    "keep_for_gold": 0
  }, 
  {
    "citance_No": 10, 
    "citing_paper_id": "P02-1021", 
    "citing_paper_authority": 11, 
    "citing_paper_authors": "Serguei V., Pakhomov", 
    "raw_text": "Regardless of the technique that is used for WSD, the most important part of the process is the context in which the word appears (Ide and Veronis 1998)", 
    "clean_text": "Regardless of the technique that is used for WSD, the most important part of the process is the context in which the word appears (Ide and Veronis 1998).", 
    "keep_for_gold": 0
  }, 
  {
    "citance_No": 11, 
    "citing_paper_id": "P04-1037", 
    "citing_paper_authority": 1, 
    "citing_paper_authors": "Indrajit, Bhattacharya | Lise, Getoor | Yoshua, Bengio", 
    "raw_text": "WSD is fundamental to natural language understanding and is a useful intermediate step for many other language processing tasks (Ide and Veronis, 1998)", 
    "clean_text": "WSD is fundamental to natural language understanding and is a useful intermediate step for many other language processing tasks (Ide and Veronis, 1998).", 
    "keep_for_gold": 0
  }, 
  {
    "citance_No": 12, 
    "citing_paper_id": "W04-2312", 
    "citing_paper_authority": 4, 
    "citing_paper_authors": "Berenike, Loos | Robert, Porzel", 
    "raw_text": "Following Ide and Veronis (1998) we can distinguish between data and knowledge-driven word sense disambiguation (WSD)", 
    "clean_text": "Following Ide and Veronis (1998) we can distinguish between data and knowledge-driven word sense disambiguation (WSD).", 
    "keep_for_gold": 0
  }, 
  {
    "citance_No": 13, 
    "citing_paper_id": "W04-2312", 
    "citing_paper_authority": 4, 
    "citing_paper_authors": "Berenike, Loos | Robert, Porzel", 
    "raw_text": "After work on WSD had overcome so-called early doubts (Ide and Veronis, 1998) in the 1960? s, it was applied to various NLP tasks, such as machine translation ,information retrieval, content and grammatical analysis and text processing", 
    "clean_text": "After work on WSD had overcome so-called early doubts (Ide and Veronis, 1998) in the 1960s, it was applied to various NLP tasks, such as machine translation ,information retrieval, content and grammatical analysis and text processing.", 
    "keep_for_gold": 0
  }, 
  {
    "citance_No": 14, 
    "citing_paper_id": "W04-2312", 
    "citing_paper_authority": 4, 
    "citing_paper_authors": "Berenike, Loos | Robert, Porzel", 
    "raw_text": "In general, following Ide and Veronis (1998) the various WSD approaches of the past can be divided into two types ,i.e., data and knowledge-based approaches", 
    "clean_text": "In general, following Ide and Veronis (1998) the various WSD approaches of the past can be divided into two types, i.e., data and knowledge-based approaches.", 
    "keep_for_gold": 0
  }, 
  {
    "citance_No": 15, 
    "citing_paper_id": "W02-1304", 
    "citing_paper_authority": 4, 
    "citing_paper_authors": "German, Rigau | Bernardo, Magnini | Eneko, Agirre | Piek, Vossen | John, Carroll", 
    "raw_text": "Ide and Veronis (1998) argue that word sense ambiguity is a central problem for many established HLT applications (for example Machine Translation, Information Extraction and Information Retrieval)", 
    "clean_text": "Ide and Veronis (1998) argue that word sense ambiguity is a central problem for many established HLT applications (for example Machine Translation, Information Extraction and Information Retrieval).", 
    "keep_for_gold": 1
  }, 
  {
    "citance_No": 16, 
    "citing_paper_id": "W03-1311", 
    "citing_paper_authority": 0, 
    "citing_paper_authors": "Eneida A., Mendonca | Janet, Haas | Lyudmila, Shagina | Elaine, Larson | Carol, Friedman", 
    "raw_text": "A review of methods for word sense disambiguation is presented by Ide and colleagues (Ideand Veronis, 1998)", 
    "clean_text": "A review of methods for word sense disambiguation is presented by Ide and colleagues (Ideand Veronis, 1998).", 
    "keep_for_gold": 0
  }, 
  {
    "citance_No": 17, 
    "citing_paper_id": "W10-3205", 
    "citing_paper_authority": 0, 
    "citing_paper_authors": "Takashi, Tsunakawa | Hiroyuki, Kaji", 
    "raw_text": "Unsupervised methods using dictionaries and corpora were proposed for monolingual WSD (Ide and Veronis, 1998)", 
    "clean_text": "Unsupervised methods using dictionaries and corpora were proposed for monolingual WSD (Ide and Veronis, 1998).", 
    "keep_for_gold": 0
  }
]
