[
  {
    "citance_No": 1, 
    "citing_paper_id": "S10-1080", 
    "citing_paper_authority": 2, 
    "citing_paper_authors": "David, Jurgens | Keith, Stevens", 
    "raw_text": "Once the corpus has been processed, clusters are repeatedly merged using HAC with the aver age link criteria, following (Pedersen and Bruce,1997)", 
    "clean_text": "Once the corpus has been processed, clusters are repeatedly merged using HAC with the aver age link criteria, following (Pedersen and Bruce,1997).", 
    "keep_for_gold": 0
  }, 
  {
    "citance_No": 2, 
    "citing_paper_id": "N04-3008", 
    "citing_paper_authority": 0, 
    "citing_paper_authors": "Amruta, Purandare | Ted, Pedersen", 
    "raw_text": "Here we are following (Pedersen and Bruce, 1997), who likewise took this approach to feature representation", 
    "clean_text": "Here we are following (Pedersen and Bruce, 1997), who likewise took this approach to feature representation.", 
    "keep_for_gold": 0
  }, 
  {
    "citance_No": 3, 
    "citing_paper_id": "N04-3008", 
    "citing_paper_authority": 0, 
    "citing_paper_authors": "Amruta, Purandare | Ted, Pedersen", 
    "raw_text": "Context Representations SenseClusters supports two different representations of context, first order context vectors as used by (Pedersen and Bruce, 1997) and second order context vectors as suggested by (Schu ?tze,1998)", 
    "clean_text": "Context Representations SenseClusters supports two different representations of context, first order context vectors as used by (Pedersen and Bruce, 1997) and second order context vectors as suggested by (Schutze,1998).", 
    "keep_for_gold": 0
  }, 
  {
    "citance_No": 4, 
    "citing_paper_id": "W04-2410", 
    "citing_paper_authority": 1, 
    "citing_paper_authors": "Mark, McLauchlan", 
    "raw_text": "But our model does have a natural preference for the most frequent sense in the thesaurus training corpus, which is a useful heuristic for word sense disambiguation (Pedersen and Bruce, 1997)", 
    "clean_text": "But our model does have a natural preference for the most frequent sense in the thesaurus training corpus, which is a useful heuristic for word sense disambiguation (Pedersen and Bruce, 1997).", 
    "keep_for_gold": 0
  }, 
  {
    "citance_No": 5, 
    "citing_paper_id": "P05-3027", 
    "citing_paper_authority": 2, 
    "citing_paper_authors": "Anagha, Kulkarni | Ted, Pedersen", 
    "raw_text": "Previous work in word sense discrimination has shown that contexts of an ambiguous word can beef fectively represented using first order (Pedersen and Bruce, 1997) or second order (Schu ?tze, 1998) representations", 
    "clean_text": "Previous work in word sense discrimination has shown that contexts of an ambiguous word can be effectively represented using first order (Pedersen and Bruce, 1997) or second order (Schutze, 1998) representations.", 
    "keep_for_gold": 0
  }, 
  {
    "citance_No": 6, 
    "citing_paper_id": "W04-2406", 
    "citing_paper_authority": 32, 
    "citing_paper_authors": "Amruta, Purandare | Ted, Pedersen", 
    "raw_text": "Put another way, contexts that are grouped together in the same class represent a particular word sense. While there has been some previous work in sense discrimination (e.g., (Schu ?tze, 1992), (Pedersen and Bruce, 1997), (Pedersen and Bruce, 1998), (Schu ?tze, 1998), (Fukumoto and Suzuki, 1999)), by comparison it is much less than that devoted to word sense disambiguation, which is the process of assigning a meaning to a word from a predefined set of possibilities", 
    "clean_text": "", 
    "keep_for_gold": 0
  }, 
  {
    "citance_No": 7, 
    "citing_paper_id": "W04-2406", 
    "citing_paper_authority": 32, 
    "citing_paper_authors": "Amruta, Purandare | Ted, Pedersen", 
    "raw_text": "Instances are clustered based on their mutual contextual similarities which can be completely computed from the text itself. This paper presents a systematic comparison of discrimination techniques suggested by Pedersen and Bruce ((Pedersen and Bruce, 1997), (Pedersen and Bruce, 1998)) and by Schu ?tze ((Schu ?tze, 1992), (Schu ?tze, 1998))", 
    "clean_text": "", 
    "keep_for_gold": 0
  }, 
  {
    "citance_No": 8, 
    "citing_paper_id": "W04-2406", 
    "citing_paper_authority": 32, 
    "citing_paper_authors": "Amruta, Purandare | Ted, Pedersen", 
    "raw_text": "(Pedersen and Bruce, 1997) and (Pedersen and Bruce,1998) propose a (dis) similarity based discrimination approach that computes (dis) similarity among each pair of instances of the target word", 
    "clean_text": "(Pedersen and Bruce, 1997) and (Pedersen and Bruce,1998) propose a (dis) similarity based discrimination approach that computes (dis) similarity among each pair of instances of the target word.", 
    "keep_for_gold": 1
  }, 
  {
    "citance_No": 9, 
    "citing_paper_id": "W04-2406", 
    "citing_paper_authority": 32, 
    "citing_paper_authors": "Amruta, Purandare | Ted, Pedersen", 
    "raw_text": "(Schu ?tze, 1998) points out that single link clustering tends to place all instances into a single elongated cluster, whereas (Pedersen and Bruce, 1997) and (Purandare, 2003) show that hierarchical agglomerative clustering using average link (via McQuitty? s method) fares well", 
    "clean_text": "(Schutze, 1998) points out that single link clustering tends to place all instances into a single elongated cluster, whereas (Pedersen and Bruce, 1997) and (Purandare, 2003) show that hierarchical agglomerative clustering using average link (via McQuitty's method) fares well.", 
    "keep_for_gold": 0
  }, 
  {
    "citance_No": 10, 
    "citing_paper_id": "N03-3004", 
    "citing_paper_authority": 3, 
    "citing_paper_authors": "Amruta, Purandare", 
    "raw_text": "The objective of this research is to extend previous work in discrimination by (Pedersen and Bruce, 1997), who developed an approach using agglomerative clustering", 
    "clean_text": "The objective of this research is to extend previous work in discrimination by (Pedersen and Bruce, 1997), who developed an approach using agglomerative clustering.", 
    "keep_for_gold": 0
  }, 
  {
    "citance_No": 11, 
    "citing_paper_id": "N03-3004", 
    "citing_paper_authority": 3, 
    "citing_paper_authors": "Amruta, Purandare", 
    "raw_text": "We believe that this is an aggressive number of senses for a discrimination system to attempt, considering that (Pedersen and Bruce, 1997) experimented with 2 and 3 senses, and (Schu ?tze, 1998) made binary distinctions", 
    "clean_text": "We believe that this is an aggressive number of senses for a discrimination system to attempt, considering that (Pedersen and Bruce, 1997) experimented with 2 and 3 senses, and (Schutze, 1998) made binary distinctions.", 
    "keep_for_gold": 0
  }, 
  {
    "citance_No": 12, 
    "citing_paper_id": "W06-2004", 
    "citing_paper_authority": 0, 
    "citing_paper_authors": "Ted, Pedersen | Anagha, Kulkarni | Roxana, Angheluta | Zornitsa, Kozareva | Thamar, Solorio", 
    "raw_text": "Our method of name discrimination is described in more detail in (Pedersen et al, 2005), but in general is based on an unsupervised approach to word sense discrimination introduced by (Purandare and 25 Pedersen, 2004), which builds upon earlier work in word sense discrimination, including (Schu ?tze, 1998) and (Pedersen and Bruce, 1997) .Our method treats each occurrence of an ambiguous name as a context that is to be clustered with other contexts that also include the same name", 
    "clean_text": "Our method of name discrimination is described in more detail in (Pedersen et al, 2005), but in general is based on an unsupervised approach to word sense discrimination introduced by (Purandare and 25 Pedersen, 2004), which builds upon earlier work in word sense discrimination, including (Schutze, 1998) and (Pedersen and Bruce, 1997).", 
    "keep_for_gold": 0
  }, 
  {
    "citance_No": 13, 
    "citing_paper_id": "W07-1711", 
    "citing_paper_authority": 0, 
    "citing_paper_authors": "Alla, Rozovskaya | Richard W., Sproat", 
    "raw_text": "For example, Pedersen and Bruce (1997) cluster the occurrences of an ambiguous word by constructing avector of terms occurring in the context of the tar get", 
    "clean_text": "For example, Pedersen and Bruce (1997) cluster the occurrences of an ambiguous word by constructing a vector of terms occurring in the context of the target.", 
    "keep_for_gold": 0
  }, 
  {
    "citance_No": 14, 
    "citing_paper_id": "W07-2087", 
    "citing_paper_authority": 7, 
    "citing_paper_authors": "Ted, Pedersen", 
    "raw_text": "An evaluation was carried out on the full 27,132 instance train+test data set using the SenseClusters evaluation methodology, which was first defined in (Pedersen and Bruce, 1997)", 
    "clean_text": "An evaluation was carried out on the full 27,132 instance train+test data set using the SenseClusters evaluation methodology, which was first defined in (Pedersen and Bruce, 1997).", 
    "keep_for_gold": 0
  }, 
  {
    "citance_No": 15, 
    "citing_paper_id": "C04-1194", 
    "citing_paper_authority": 1, 
    "citing_paper_authors": "Olivier, Ferret", 
    "raw_text": "The second main trend, found in (Sch ?tze, 1998), (Pedersen and Bruce, 1997) and (Puran dare, 2003), represents each instance of a target word by a set of features that occur in its neighborhood and applies an unsupervised clustering algorithm to all its instances", 
    "clean_text": "", 
    "keep_for_gold": 0
  }, 
  {
    "citance_No": 16, 
    "citing_paper_id": "E06-2007", 
    "citing_paper_authority": 2, 
    "citing_paper_authors": "Ted, Pedersen | Anagha, Kulkarni", 
    "raw_text": "This is often approached as a problem in unsupervised learning, where the only information available is a large corpus of text (e.g., (Pedersen and Bruce, 1997), (Schu ?tze, 1998), (Purandare and Pedersen, 2004))", 
    "clean_text": "", 
    "keep_for_gold": 0
  }, 
  {
    "citance_No": 17, 
    "citing_paper_id": "P04-1080", 
    "citing_paper_authority": 1, 
    "citing_paper_authors": "Zhengyu, Niu | Ji, Donghong | Chew Lim, Tan", 
    "raw_text": "In (Pedersen and Bruce, 1997), they described an experimental comparison of three clustering algorithms for word sense discrimination", 
    "clean_text": "In (Pedersen and Bruce, 1997), they described an experimental comparison of three clustering algorithms for word sense discrimination.", 
    "keep_for_gold": 0
  }
]
