[
  {
    "citance_No": 1, 
    "citing_paper_id": "D11-1052", 
    "citing_paper_authority": 15, 
    "citing_paper_authors": "Samuel, Brody | Nicholas, Diakopoulos", 
    "raw_text": "Recent work in this area includes Velikovich et al (2010), who developed a method for automatically deriving an extensive sentiment lexicon from the web as a whole. The resulting lexicon has greatly increased cover age compared to existing dictionaries and can handle spelling errors and web-specific jargon", 
    "clean_text": "Recent work in this area includes Velikovich et al (2010), who developed a method for automatically deriving an extensive sentiment lexicon from the web as a whole.", 
    "keep_for_gold": 0
  }, 
  {
    "citance_No": 2, 
    "citing_paper_id": "D11-1052", 
    "citing_paper_authority": 15, 
    "citing_paper_authors": "Samuel, Brody | Nicholas, Diakopoulos", 
    "raw_text": "Graph Approach We examine two methods for sentiment detection that of Brody and Elhadad (2010) for detecting sentiment in reviews, and that of Velikovich et al (2010) for finding sentiment terms in a giga-scale web corpus", 
    "clean_text": "We examine two methods for sentiment detection that of Brody and Elhadad (2010) for detecting sentiment in reviews, and that of Velikovich et al (2010) for finding sentiment terms in a giga-scale web corpus.", 
    "keep_for_gold": 0
  }, 
  {
    "citance_No": 3, 
    "citing_paper_id": "D11-1052", 
    "citing_paper_authority": 15, 
    "citing_paper_authors": "Samuel, Brody | Nicholas, Diakopoulos", 
    "raw_text": "Velikovich et al (2010) constructed a graph where the nodes were 20 million candidate words or phrases, selected using a set of heuristics including frequency and mutual information of word boundaries", 
    "clean_text": "Velikovich et al (2010) constructed a graph where the nodes were 20 million candidate words or phrases, selected using a set of heuristics including frequency and mutual information of word boundaries.", 
    "keep_for_gold": 1
  }, 
  {
    "citance_No": 4, 
    "citing_paper_id": "D11-1052", 
    "citing_paper_authority": 15, 
    "citing_paper_authors": "Samuel, Brody | Nicholas, Diakopoulos", 
    "raw_text": "On the other hand, the method of Velikovich et al (2010) is based on huge amounts of data, and takes advantage of the abundance of contextual information available in full documents, whereas our do main is closer to that of Brody and Elhadad (2010), who dealt with a small number of candidates and short documents typical to on line reviews", 
    "clean_text": "On the other hand, the method of Velikovich et al (2010) is based on huge amounts of data, and takes advantage of the abundance of contextual information available in full documents, whereas our domain is closer to that of Brody and Elhadad (2010), who dealt with a small number of candidates and short documents typical to online reviews.", 
    "keep_for_gold": 0
  }, 
  {
    "citance_No": 5, 
    "citing_paper_id": "D11-1052", 
    "citing_paper_authority": 15, 
    "citing_paper_authors": "Samuel, Brody | Nicholas, Diakopoulos", 
    "raw_text": "Algorithm Once the graph is constructed, we can use either of the propagation algorithms of Brody and Elhadad (2010) and Velikovich et al (2010), which we will denote Reviews and Web ,respectively", 
    "clean_text": "Once the graph is constructed, we can use either of the propagation algorithms of Brody and Elhadad (2010) and Velikovich et al (2010), which we will denote Reviews and Web, respectively.", 
    "keep_for_gold": 0
  }, 
  {
    "citance_No": 6, 
    "citing_paper_id": "D11-1052", 
    "citing_paper_authority": 15, 
    "citing_paper_authors": "Samuel, Brody | Nicholas, Diakopoulos", 
    "raw_text": "Velikovich et al (2010) employed a different label propagation method, as described in Figure 3", 
    "clean_text": "Velikovich et al (2010) employed a different label propagation method, as described in Figure 3.", 
    "keep_for_gold": 0
  }, 
  {
    "citance_No": 7, 
    "citing_paper_id": "D11-1052", 
    "citing_paper_authority": 15, 
    "citing_paper_authors": "Samuel, Brody | Nicholas, Diakopoulos", 
    "raw_text": "R, T? N Output :poli? R|V| Initialize :poli ,pol+i, pol-i= 0 for all i pol+i= 1.0 for all vi? P and pol-i= 1.0 for all vi? N 1: ?ij= 0 for all i 6= j,? ii= 1 for all i 2: for vi? P 3: F={ vi} 4: for t: 1 ... T 5: for (vk ,vj)? E such that vk? F 6: ?ij= max (?ij, ?ik? wk, j) F= F? {vj} 7: for vj? V 8 :pol+j=? vi? P ?ij9: Repeat steps 1-8 using N to compute pol 10:?=? i pol+i/? i pol-i 11 :poli =pol+i?? pol-i, for all i 12: if |poli| &lt;? then poli= 0.0 for all i Figure 3: Web algorithm from Velikovich et al (2010) .P and N are the positive and negative seed sets ,respectively ,wij are the weights, and T and? are parameters9.contained many dense subgraphs and unreliable associations based only on co-occurrence statistics", 
    "clean_text": "", 
    "keep_for_gold": 0
  }, 
  {
    "citance_No": 8, 
    "citing_paper_id": "D11-1052", 
    "citing_paper_authority": 15, 
    "citing_paper_authors": "Samuel, Brody | Nicholas, Diakopoulos", 
    "raw_text": "9In Velikovich et al (2010), the parameters T and? were tuned on a held out dataset", 
    "clean_text": "In Velikovich et al (2010), the parameters were tuned on a held out dataset.", 
    "keep_for_gold": 0
  }, 
  {
    "citance_No": 9, 
    "citing_paper_id": "D11-1052", 
    "citing_paper_authority": 15, 
    "citing_paper_authors": "Samuel, Brody | Nicholas, Diakopoulos", 
    "raw_text": "kidding rell justin whore win rocks feel ugg finale naw totally yea awh headache boys whack pls yuck ever shawty yer yeah lord sus mike sleepy three hunni agreed sick Table 3: Top fifteen negative and positive words for the algorithms of Brody and Elhadad (2010) (Reviews) and Velikovich et al (2010) (Web)", 
    "clean_text": "Top fifteen negative and positive words for the algorithms of Brody and Elhadad (2010) (Reviews) and Velikovich et al (2010) (Web).", 
    "keep_for_gold": 0
  }, 
  {
    "citance_No": 10, 
    "citing_paper_id": "P13-1174", 
    "citing_paper_authority": 5, 
    "citing_paper_authors": "Song, Feng | Jun Seok, Kang | Polina, Kuznetsova | Yejin, Choi", 
    "raw_text": "Although such an assumption played a key role in previous work for the analogous task of learning sentiment lexicon (Velikovich et al, 2010), we expect that the same assumption would be less reliable in drawing subtle connotative sentiments of words", 
    "clean_text": "Although such an assumption played a key role in previous work for the analogous task of learning sentiment lexicon (Velikovich et al, 2010), we expect that the same assumption would be less reliable in drawing subtle connotative sentiments of words.", 
    "keep_for_gold": 0
  }, 
  {
    "citance_No": 11, 
    "citing_paper_id": "P13-1174", 
    "citing_paper_authority": 5, 
    "citing_paper_authors": "Song, Feng | Jun Seok, Kang | Polina, Kuznetsova | Yejin, Choi", 
    "raw_text": "mani (2002), Velikovich et al (2010)) Constraint optimization (e.g., Roth and Yih (2004), Choi and Cardie (2009), Lu et al (2011))", 
    "clean_text": "", 
    "keep_for_gold": 0
  }, 
  {
    "citance_No": 12, 
    "citing_paper_id": "P13-1174", 
    "citing_paper_authority": 5, 
    "citing_paper_authors": "Song, Feng | Jun Seok, Kang | Polina, Kuznetsova | Yejin, Choi", 
    "raw_text": "Velikovich et al (2010) use graph propagation algorithms for constructing a web-scale polarity lexicon for sentiment analysis", 
    "clean_text": "Velikovich et al (2010) use graph propagation algorithms for constructing a web-scale polarity lexicon for sentiment analysis.", 
    "keep_for_gold": 0
  }, 
  {
    "citance_No": 13, 
    "citing_paper_id": "D11-1101", 
    "citing_paper_authority": 5, 
    "citing_paper_authors": "Song, Feng | Ritwik, Bose | Yejin, Choi", 
    "raw_text": "A technique named label propagation (Zhu and Ghahramani, 2002) has been used by Rao and Ravichandran (2009) and Velikovich et al (2010), while random walk based approaches, PageRank in particular, have been used by Esuli and Sebastiani (2007)", 
    "clean_text": "A technique named label propagation (Zhu and Ghahramani, 2002) has been used by Rao and Ravichandran (2009) and Velikovich et al (2010), while random walk based approaches, PageRank in particular, have been used by Esuli and Sebastiani (2007).", 
    "keep_for_gold": 0
  }, 
  {
    "citance_No": 14, 
    "citing_paper_id": "D11-1101", 
    "citing_paper_authority": 5, 
    "citing_paper_authors": "Song, Feng | Ritwik, Bose | Yejin, Choi", 
    "raw_text": "Much of previous research investigated the use of dictionary network (e.g., WordNet) for lexicon induction (e.g., Kamps et al (2004), Takamura et al (2005), Adreevskaia and Bergler (2006), EsuliandSebastiani (2006), Su and Markert (2009), Mohammad et al (2009)), while relatively less research investigated the use of web documents (e.g., Kaji and Kitsuregawa (2007), Velikovich et al (2010))) .Wilson et al (2005b) first introduced the sentiment lexicon, spawning a great deal of research thereafter", 
    "clean_text": "", 
    "keep_for_gold": 0
  }, 
  {
    "citance_No": 15, 
    "citing_paper_id": "D11-1101", 
    "citing_paper_authority": 5, 
    "citing_paper_authors": "Song, Feng | Ritwik, Bose | Yejin, Choi", 
    "raw_text": "Howeverin recent years, sentiment lexicons started expanding to include some of those words that simply associate with sentiment, even if those words are purely objective (e.g., Velikovich et al (2010), Baccianellaet al (2010))", 
    "clean_text": "However in recent years, sentiment lexicons started expanding to include some of those words that simply associate with sentiment, even if those words are purely objective (e.g., Velikovich et al (2010), Baccianellaet al (2010)).", 
    "keep_for_gold": 0
  }, 
  {
    "citance_No": 16, 
    "citing_paper_id": "N12-1094", 
    "citing_paper_authority": 4, 
    "citing_paper_authors": "Xufeng, Han | Kota, Yamaguchi | Karl, Stratos | Alyssa, Mensch | Jesse, Dodge | Tamara L., Berg | Alexander C., Berg | Amit, Goyal | Margaret, Mitchell | Yejin, Choi | Hal, Daum&eacute; III", 
    "raw_text": "For edge weights, we use conditional prob abilities between predicates and arguments so that w (p? a):= pr (a|p) and w (a? p):= pr (p|a) .In order to collectively induce the visually descriptive words from this graph, we apply the graph propagation algorithm of Velikovich et al (2010), a variant of label propagation algorithms (ZhuandGhahramani, 2002) that has been shown to beef fective for inducing a web-scale polarity lexicon based on word co-occurrence statistics", 
    "clean_text": "In order to collectively induce the visually descriptive words from this graph, we apply the graph propagation algorithm of Velikovich et al (2010), a variant of label propagation algorithms (Zhu and Ghahramani, 2002) that has been shown to be effective for inducing a web-scale polarity lexicon based on word co-occurrence statistics.", 
    "keep_for_gold": 0
  }, 
  {
    "citance_No": 17, 
    "citing_paper_id": "D12-1098", 
    "citing_paper_authority": 1, 
    "citing_paper_authors": "Raul, Guerra | Amit, Goyal | Hal, Daum&eacute; III", 
    "raw_text": "Examples include constructing polarity lexicons based on lexical graphs from WordNet (Rao and Ravichandran, 2009), constructing polarity lexicons from web data (Velikovich et al 2010) and unsupervised part-of speech tagging using label propagation (DasandPetrov, 2011)", 
    "clean_text": "Examples include constructing polarity lexicons based on lexical graphs from WordNet (Rao and Ravichandran, 2009), constructing polarity lexicons from web data (Velikovich et al 2010) and unsupervised part-of-speech tagging using label propagation (Das and Petrov, 2011).", 
    "keep_for_gold": 0
  }, 
  {
    "citance_No": 18, 
    "citing_paper_id": "D12-1098", 
    "citing_paper_authority": 1, 
    "citing_paper_authors": "Raul, Guerra | Amit, Goyal | Hal, Daum&eacute; III", 
    "raw_text": "In general for graph-based NLP problems; for example, constructing web-derived polarity lexicons (Velikovich et al 2010), top 25 edges were used, and for unsupervised part-of-speech tagging using label propagation (Das and Petrov, 2011), top 5 edges were used", 
    "clean_text": "For example, constructing web-derived polarity lexicons (Velikovich et al 2010), top 25 edges were used, and for unsupervised part-of-speech tagging using label propagation (Das and Petrov, 2011), top 5 edges were used.", 
    "keep_for_gold": 0
  }, 
  {
    "citance_No": 19, 
    "citing_paper_id": "W11-1705", 
    "citing_paper_authority": 2, 
    "citing_paper_authors": "Amit, Goyal | Hal, Daum&eacute; III", 
    "raw_text": "A web-derived lexicon (Velikovich et al,2010) was constructed for all words and phrases using graph propagation algorithm which propagates polarity from seed words to all other words", 
    "clean_text": "A web-derived lexicon (Velikovich et al, 2010) was constructed for all words and phrases using graph propagation algorithm which propagates polarity from seed words to all other words.", 
    "keep_for_gold": 0
  }, 
  {
    "citance_No": 20, 
    "citing_paper_id": "D11-1014", 
    "citing_paper_authority": 57, 
    "citing_paper_authors": "Richard, Socher | Jeffrey, Pennington | Eric H., Huang | Andrew Y., Ng | Christopher D., Manning", 
    "raw_text": "Recently, (Velikovich et al, 2010) showed how touse a seed lexicon and a graph propagation framework to learn a larger sentiment lexicon that also includes polar multi-word phrases such as? once in alife time?", 
    "clean_text": "Recently, (Velikovich et al, 2010) showed how to use a seed lexicon and a graph propagation framework to learn a larger sentiment lexicon that also includes polar multi-word phrases such as 'once in a life time'.", 
    "keep_for_gold": 0
  }
]
