[
  {
    "citance_No": 1, 
    "citing_paper_id": "D10-1082", 
    "citing_paper_authority": 20, 
    "citing_paper_authors": "Yue, Zhang | Stephen, Clark", 
    "raw_text": "We follow Kruengkrai et al (2009) and split the CTB 5 into training, development testing and testing sets, as shown in Table 3", 
    "clean_text": "We follow Kruengkrai et al (2009) and split the CTB 5 into training, development testing and testing sets, as shown in Table 3.", 
    "keep_for_gold": 0
  }, 
  {
    "citance_No": 2, 
    "citing_paper_id": "D10-1082", 
    "citing_paper_authority": 20, 
    "citing_paper_authors": "Yue, Zhang | Stephen, Clark", 
    "raw_text": "Kruengkrai et al (2009) made use of character type knowledge for spaces, numerals, symbols, alphabets, Chinese and other characters", 
    "clean_text": "Kruengkrai et al (2009) made use of character type knowledge for spaces, numerals, symbols, alphabets, Chinese and other characters.", 
    "keep_for_gold": 0
  }, 
  {
    "citance_No": 3, 
    "citing_paper_id": "D10-1082", 
    "citing_paper_authority": 20, 
    "citing_paper_authors": "Yue, Zhang | Stephen, Clark", 
    "raw_text": "Kruengkrai et al (2009) and Zhang and Clark (2008) are the most similar to our system among related work", 
    "clean_text": "Kruengkrai et al (2009) and Zhang and Clark (2008) are the most similar to our system among related work.", 
    "keep_for_gold": 0
  }, 
  {
    "citance_No": 4, 
    "citing_paper_id": "D10-1082", 
    "citing_paper_authority": 20, 
    "citing_paper_authors": "Yue, Zhang | Stephen, Clark", 
    "raw_text": "Thework of Kruengkrai et al (2009) is based on Nakagawa and Uchimoto (2007), which separates the processing of known words and unknown words, and uses a set of segmentation tags to represent the segmentation of characters", 
    "clean_text": "The work of Kruengkrai et al (2009) is based on Nakagawa and Uchimoto (2007), which separates the processing of known words and unknown words, and uses a set of segmentation tags to represent the segmentation of characters.", 
    "keep_for_gold": 1
  }, 
  {
    "citance_No": 5, 
    "citing_paper_id": "D10-1082", 
    "citing_paper_authority": 20, 
    "citing_paper_authors": "Yue, Zhang | Stephen, Clark", 
    "raw_text": "Our learning and decoding algorithms are also different from Kruengkrai et al (2009)", 
    "clean_text": "Our learning and decoding algorithms are also different from Kruengkrai et al (2009).", 
    "keep_for_gold": 0
  }, 
  {
    "citance_No": 6, 
    "citing_paper_id": "D12-1038", 
    "citing_paper_authority": 3, 
    "citing_paper_authors": "Yajuan, L&uuml; | Wenbin, Jiang | Fandong, Meng | Qun, Liu", 
    "raw_text": "1.37 98.43 Previous Works (Jiang et al2008) 97.85 (Kruengkrai et al2009) 97.87 (Zhang and Clark, 2010) 97.79 (Sun, 2011) 98.17 Table 6: The performance of the iterative annotation transformation with predict-self re estimation compared with annotation adaptation.shows that, the filtration discards 5% of the training sentences and these discarded sentences contain nearly 10% of training words", 
    "clean_text": "", 
    "keep_for_gold": 0
  }, 
  {
    "citance_No": 7, 
    "citing_paper_id": "D12-1132", 
    "citing_paper_authority": 5, 
    "citing_paper_authors": "Zhongguo, Li | Guodong, Zhou", 
    "raw_text": "K2009 is the result of Kruengkrai et al (2009)", 
    "clean_text": "K2009 is the result of Kruengkrai et al (2009).", 
    "keep_for_gold": 0
  }, 
  {
    "citance_No": 8, 
    "citing_paper_id": "D12-1132", 
    "citing_paper_authority": 5, 
    "citing_paper_authors": "Zhongguo, Li | Guodong, Zhou", 
    "raw_text": "K2009 is result of Kruengkrai et al (2009)", 
    "clean_text": "", 
    "keep_for_gold": 0
  }, 
  {
    "citance_No": 9, 
    "citing_paper_id": "D12-1132", 
    "citing_paper_authority": 5, 
    "citing_paper_authors": "Zhongguo, Li | Guodong, Zhou", 
    "raw_text": "Therefore, it? s natural that we evaluate the accuracy of joint Chinese word segmentation and part of speech tagging, as reported in previous literature (Kruengkrai et al 2009)", 
    "clean_text": "Therefore, it's natural that we evaluate the accuracy of joint Chinese word segmentation and part of speech tagging, as reported in previous literature (Kruengkrai et al 2009).", 
    "keep_for_gold": 0
  }, 
  {
    "citance_No": 10, 
    "citing_paper_id": "P11-1141", 
    "citing_paper_authority": 7, 
    "citing_paper_authors": "Zhongguo, Li", 
    "raw_text": "For ordinary word segmentation, the best result is reported to be around 97% F1 on CTB 5.0 (Kruengkrai et al, 2009), while our parser performs at 97.3%, though we should rem em ber that the result concerns flat words only", 
    "clean_text": "For ordinary word segmentation, the best result is reported to be around 97% F1 on CTB 5.0 (Kruengkrai et al, 2009), while our parser performs at 97.3%, though we should remember that the result concerns flat words only.", 
    "keep_for_gold": 0
  }, 
  {
    "citance_No": 11, 
    "citing_paper_id": "P12-1110", 
    "citing_paper_authority": 8, 
    "citing_paper_authors": "Jun, Hatori | Takuya, Matsuzaki | Yusuke, Miyao | Jun'ichi, Tsujii", 
    "raw_text": "Because the tasks of word segmentation and POS tagging have strong interactions, many studies have been devoted to the task of joint word segmentation and POS tagging for languages such as Chinese (e.g. Kruengkrai et al (2009))", 
    "clean_text": "Because the tasks of word segmentation and POS tagging have strong interactions, many studies have been devoted to the task of joint word segmentation and POS tagging for languages such as Chinese (e.g. Kruengkrai et al (2009)).", 
    "keep_for_gold": 0
  }, 
  {
    "citance_No": 12, 
    "citing_paper_id": "P12-1110", 
    "citing_paper_authority": 8, 
    "citing_paper_authors": "Jun, Hatori | Takuya, Matsuzaki | Yusuke, Miyao | Jun'ichi, Tsujii", 
    "raw_text": "is a lattice-based model by Kruengkrai et al (2009)", 
    "clean_text": "\"Kruengkrai+ '09\" is a lattice-based model by Kruengkrai et al (2009).", 
    "keep_for_gold": 0
  }, 
  {
    "citance_No": 13, 
    "citing_paper_id": "W10-3205", 
    "citing_paper_authority": 0, 
    "citing_paper_authors": "Takashi, Tsunakawa | Hiroyuki, Kaji", 
    "raw_text": "We applied morphological analysis and part-of-speech tagging by using TreeTagger (Schmid, 1994) for English, JUMAN for Japanese, and mma (Kruengkrai et al, 2009) for Chinese, respectively", 
    "clean_text": "We applied morphological analysis and part-of-speech tagging by using TreeTagger (Schmid, 1994) for English, JUMAN for Japanese, and mma (Kruengkrai et al, 2009) for Chinese, respectively.", 
    "keep_for_gold": 0
  }, 
  {
    "citance_No": 14, 
    "citing_paper_id": "P12-1023", 
    "citing_paper_authority": 5, 
    "citing_paper_authors": "Wenliang, Chen | Min, Zhang | Haizhou, Li", 
    "raw_text": "We used the MMA system (Kruengkrai et al, 2009) trained on the training data to perform word segmentation and POS tagging and used the Baseline parser to parse all the sentences in the data", 
    "clean_text": "We used the MMA system (Kruengkrai et al, 2009) trained on the training data to perform word segmentation and POS tagging and used the Baseline parser to parse all the sentences in the data.", 
    "keep_for_gold": 0
  }, 
  {
    "citance_No": 15, 
    "citing_paper_id": "P10-2004", 
    "citing_paper_authority": 0, 
    "citing_paper_authors": "Hailong, Cao | Eiichiro, Sumita", 
    "raw_text": "Firstly, the Chinese sentences are segmented, POS tagged and parsed by the tools described in Kruengkrai et al (2009) and Cao et al (2007), both of which are trained on the Penn Chinese Treebank 6.0", 
    "clean_text": "Firstly, the Chinese sentences are segmented, POS tagged and parsed by the tools described in Kruengkrai et al (2009) and Cao et al (2007), both of which are trained on the Penn Chinese Treebank 6.0.", 
    "keep_for_gold": 0
  }, 
  {
    "citance_No": 16, 
    "citing_paper_id": "D11-1007", 
    "citing_paper_authority": 4, 
    "citing_paper_authors": "Wenliang, Chen | Jun'ichi, Kazama | Min, Zhang | Yoshimasa, Tsuruoka | Yujie, Zhang | Yiou, Wang | Kentaro, Torisawa | Haizhou, Li", 
    "raw_text": "On the Chinese side, we used the morphological analyzer described in (Kruengkrai et al, 2009) trained on the training data of CTBtp to perform word segmentation and POS tagging and used the first-order Parsers to parse all the sentences in the data", 
    "clean_text": "On the Chinese side, we used the morphological analyzer described in (Kruengkrai et al, 2009) trained on the training data of CTBtp to perform word segmentation and POS tagging and used the first-order Parsers to parse all the sentences in the data.", 
    "keep_for_gold": 0
  }, 
  {
    "citance_No": 17, 
    "citing_paper_id": "P13-1075", 
    "citing_paper_authority": 2, 
    "citing_paper_authors": "Wenbin, Jiang | Meng, Sun | Yajuan, L&uuml; | Yating, Yang | Qun, Liu", 
    "raw_text": "Model Accuracy (F%) (Jiang et al, 2008) 97.85 (Kruengkrai et al, 2009) 97.87 (Zhang and Clark, 2010) 97.79 (Wang et al, 2011) 98.11 (Sun, 2011b) 98.17 Our Work 98.28 Table 4: Comparison with state-of-the-art work in Chinese word segmentation", 
    "clean_text": "", 
    "keep_for_gold": 0
  }, 
  {
    "citance_No": 18, 
    "citing_paper_id": "D12-1046", 
    "citing_paper_authority": 6, 
    "citing_paper_authors": "Xian, Qian | Yang, Liu", 
    "raw_text": "System P R F (Jiang et al2008b)- 97.74 (Jiang et al2008a)- 97.85 (Kruengkrai et al2009) 97.46 98.29 97.87 (Zhang and Clark, 2010)- 97.78 (Zhang and Clark, 2011)- 97.78 (Sun, 2011)- 98.17 Ours (w/o transition features) 97.45 98.24 97.85 Ours (with transition features) 97.44 98.23 97.84 Table 7: Word segmentation results. For the POS tagging only task that takes gold standard word segmentation as input, we have two systems", 
    "clean_text": "", 
    "keep_for_gold": 0
  }, 
  {
    "citance_No": 19, 
    "citing_paper_id": "D12-1046", 
    "citing_paper_authority": 6, 
    "citing_paper_authors": "Xian, Qian | Yang, Liu", 
    "raw_text": "System P R F (Jiang et al2008b)- 93.37 (Jiang et al2008a)- 93.41 (Kruengkrai et al2009) 93.28 94.07 93.67 (Zhang and Clark, 2010)- 93.67 (Zhang and Clark, 2011)- 93.67 (Sun, 2011)- 94.02 Ours (pipeline) 93.10 93.96 93.53 Table 8: Results for the joint word segmentation and POS tagging task", 
    "clean_text": "", 
    "keep_for_gold": 0
  }, 
  {
    "citance_No": 20, 
    "citing_paper_id": "P10-1003", 
    "citing_paper_authority": 7, 
    "citing_paper_authors": "Wenliang, Chen | Jun'ichi, Kazama | Kentaro, Torisawa", 
    "raw_text": "We used the MMA system (Kruengkrai et al, 2009) trained on the training data to perform word segmentation and POS tagging and used the Baseline Parser to parse all the sentences in the data", 
    "clean_text": "We used the MMA system (Kruengkrai et al, 2009) trained on the training data to perform word segmentation and POS tagging and used the Baseline Parser to parse all the sentences in the data.", 
    "keep_for_gold": 0
  }
]
