[
  {
    "citance_No": 1, 
    "citing_paper_id": "W12-4006", 
    "citing_paper_authority": 2, 
    "citing_paper_authors": "Angelina, Ivanova | Elena, Cabrio | Bernardo, Magnini", 
    "raw_text": "Moreover, the TEASE collection of entailment rules (Szpektor et al, 2004) consists of 136 templates provided as input, plus all the learned templates", 
    "clean_text": "Moreover, the TEASE collection of entailment rules (Szpektor et al, 2004) consists of 136 templates provided as input, plus all the learned templates.", 
    "keep_for_gold": 0
  }, 
  {
    "citance_No": 2, 
    "citing_paper_id": "W12-4006", 
    "citing_paper_authority": 2, 
    "citing_paper_authors": "Angelina, Ivanova | Elena, Cabrio | Bernardo, Magnini", 
    "raw_text": "For this reason, (following (Zhao et al, 2009), (Callison-Burch, 2008), (Szpektor et al, 2004)), we opted for a manual analysis of a sample of 100rules per set, including all the rules whose frequency is? 2 (Table 2), plus a random set of rules with frequency equal to 1", 
    "clean_text": "", 
    "keep_for_gold": 0
  }, 
  {
    "citance_No": 3, 
    "citing_paper_id": "I08-1070", 
    "citing_paper_authority": 1, 
    "citing_paper_authors": "Atsushi, Fujita | Satoshi, Sato", 
    "raw_text": "TEASE (Szpektor et al, 2004) dis covers binary relation templates from the Web base don sets of representative entities for given binary relation templates", 
    "clean_text": "TEASE (Szpektor et al, 2004) discovers binary relation templates from the Web base don sets of representative entities for given binary relation templates.", 
    "keep_for_gold": 0
  }, 
  {
    "citance_No": 4, 
    "citing_paper_id": "W06-0507", 
    "citing_paper_authority": 2, 
    "citing_paper_authors": "Enrique, Alfonseca | Maria, Ruiz-Casado | Manabu, Okumura | Pablo, Castells", 
    "raw_text": "Szpektor et al (2004) applies a similar, with no seed lists, to extract automatically entailment relationships between verbs, and Etzioni et al (2005) report very good results extracting Named Entities and relationships from the web", 
    "clean_text": "Szpektor et al (2004) applies a similar, with no seed lists, to extract automatically entailment relationships between verbs, and Etzioni et al (2005) report very good results extracting Named Entities and relationships from the web.", 
    "keep_for_gold": 0
  }, 
  {
    "citance_No": 5, 
    "citing_paper_id": "P08-1077", 
    "citing_paper_authority": 22, 
    "citing_paper_authors": "Rahul, Bhagat | Deepak, Ravichandran", 
    "raw_text": "Lin and Pantel (2001) and Szpektor et al (2004) proposed methods to obtain entailment templates byusing a single monolingual resource", 
    "clean_text": "Lin and Pantel (2001) and Szpektor et al (2004) proposed methods to obtain entailment templates by using a single monolingual resource.", 
    "keep_for_gold": 0
  }, 
  {
    "citance_No": 6, 
    "citing_paper_id": "P08-1077", 
    "citing_paper_authority": 22, 
    "citing_paper_authors": "Rahul, Bhagat | Deepak, Ravichandran", 
    "raw_text": "DIRT (Lin and Pantel, 2001) and TEASE (Szpektor et al, 2004) report accuracies of50.1% and 44.3% respectively compared to our average accuracy across two annotators of 70.79%", 
    "clean_text": "DIRT (Lin and Pantel, 2001) and TEASE (Szpektor et al, 2004) report accuracies of50.1% and 44.3% respectively compared to our average accuracy across two annotators of 70.79%.", 
    "keep_for_gold": 0
  }, 
  {
    "citance_No": 7, 
    "citing_paper_id": "W07-0909", 
    "citing_paper_authority": 1, 
    "citing_paper_authors": "Idan, Szpektor | Ido, Dagan | Alon, Lavie | Danny, Shacham | Shuly, Wintner", 
    "raw_text": "In this paper we use TEASE (Szpektor et al, 2004), a state of-the-art unsupervised acquisition algorithm for lexical-syntactic entailment rules", 
    "clean_text": "In this paper we use TEASE (Szpektor et al, 2004), a state of-the-art unsupervised acquisition algorithm for lexical-syntactic entailment rules.", 
    "keep_for_gold": 0
  }, 
  {
    "citance_No": 8, 
    "citing_paper_id": "N06-1007", 
    "citing_paper_authority": 5, 
    "citing_paper_authors": "Viktor, Pekar", 
    "raw_text": "The task of verb entailment acquisition appears to have much in common with that of paraphrase acquisition (Lin and Pantel, 2001), (Pang et al, 2003), (Szpektor et al, 2004)", 
    "clean_text": "", 
    "keep_for_gold": 0
  }, 
  {
    "citance_No": 9, 
    "citing_paper_id": "C08-1029", 
    "citing_paper_authority": 3, 
    "citing_paper_authors": "Atsushi, Fujita | Satoshi, Sato", 
    "raw_text": "TEASE (Szpektor et al., 2004) discovers dependency sub-parses from the Web, based on sets of representative entities for a given lexical item", 
    "clean_text": "TEASE (Szpektor et al., 2004) discovers dependency sub-parses from the Web, based on sets of representative entities for a given lexical item.", 
    "keep_for_gold": 0
  }, 
  {
    "citance_No": 10, 
    "citing_paper_id": "P07-1058", 
    "citing_paper_authority": 21, 
    "citing_paper_authors": "Idan, Szpektor | Eyal, Shnarch | Ido, Dagan", 
    "raw_text": "Yet the current precision of acquisition algorithms is typically still mediocre, as illustrated in Table 1 for Dirt (Lin and Pantel, 2001) and TEASE (Szpektor et al, 2004), two prominent acquisition algorithms whose outputs are publicly available", 
    "clean_text": "Yet the current precision of acquisition algorithms is typically still mediocre, as illustrated in Table 1 for Dirt (Lin and Pantel, 2001) and TEASE (Szpektor et al, 2004), two prominent acquisition algorithms whose outputs are publicly available.", 
    "keep_for_gold": 0
  }, 
  {
    "citance_No": 11, 
    "citing_paper_id": "P07-1058", 
    "citing_paper_authority": 21, 
    "citing_paper_authors": "Idan, Szpektor | Eyal, Shnarch | Ido, Dagan", 
    "raw_text": "Indeed, only few earlier works reported inter-judge agreement level, and those that did reported rather low Kappa values, such as 0.54 (Barzilay and Lee, 2003) and 0.55 0.63 (Szpektor et al, 2004) .To conclude, the prominent rule-based methodology for entailment rule evaluation is not sufficiently well defined", 
    "clean_text": "Indeed, only few earlier works reported inter-judge agreement level, and those that did reported rather low Kappa values, such as 0.54 (Barzilay and Lee, 2003) and 0.55 0.63 (Szpektor et al, 2004).", 
    "keep_for_gold": 0
  }, 
  {
    "citance_No": 12, 
    "citing_paper_id": "P07-1058", 
    "citing_paper_authority": 21, 
    "citing_paper_authors": "Idan, Szpektor | Eyal, Shnarch | Ido, Dagan", 
    "raw_text": "We applied the instance-based methodology to evaluate two state-of-the-art unsupervised acquisition algorithms, DIRT (Lin and Pantel, 2001) and TEASE (Szpektor et al, 2004), whose output is publicly available", 
    "clean_text": "We applied the instance-based methodology to evaluate two state-of-the-art unsupervised acquisition algorithms, DIRT (Lin and Pantel, 2001) and TEASE (Szpektor et al, 2004), whose output is publicly available.", 
    "keep_for_gold": 0
  }, 
  {
    "citance_No": 13, 
    "citing_paper_id": "W11-0202", 
    "citing_paper_authority": 0, 
    "citing_paper_authors": "Marek, Rei | Ted, Briscoe", 
    "raw_text": "Szpektor et al (2004) describe the TEASE method for extracting entailing relation templates from the Web", 
    "clean_text": "Szpektor et al (2004) describe the TEASE method for extracting entailing relation templates from the Web.", 
    "keep_for_gold": 1
  }, 
  {
    "citance_No": 14, 
    "citing_paper_id": "P09-1031", 
    "citing_paper_authority": 10, 
    "citing_paper_authors": "Hui, Yang | James, P., Callan", 
    "raw_text": "Other types of relations that have been studied by pattern-based approaches include question answer relations (such as birthdates and inventor) (Ravichandran and Hovy, 2002), synonyms and antonyms (Lin et al, 2003), general purpose analogy (Turney et al, 2003), verb relations (including similarity, strength, antonym, enable ment and temporal) (Chklovski and Pantel, 2004), entailment (Szpektor et al, 2004), and more specific relations, such as purpose, creation (Cimiano and Wenderoth, 2007), LivesIn, and EmployedBy (Bunescu and Mooney, 2007)", 
    "clean_text": "Other types of relations that have been studied by pattern-based approaches include question answer relations (such as birthdates and inventor) (Ravichandran and Hovy, 2002), synonyms and antonyms (Lin et al, 2003), general purpose analogy (Turney et al, 2003), verb relations (including similarity, strength, antonym, enable ment and temporal) (Chklovski and Pantel, 2004), entailment (Szpektor et al, 2004), and more specific relations, such as purpose, creation (Cimiano and Wenderoth, 2007), LivesIn, and EmployedBy (Bunescu and Mooney, 2007).", 
    "keep_for_gold": 0
  }, 
  {
    "citance_No": 15, 
    "citing_paper_id": "P06-1015", 
    "citing_paper_authority": 74, 
    "citing_paper_authors": "Patrick, Pantel | Marco, Pennacchiotti", 
    "raw_text": "Many recent efforts have also focused on extracting semantic relations between entities, such as entailments (Szpektor et al 2004), is-a (Ravichandran and Hovy 2002), part-of (Girju et al 2006), and other relations", 
    "clean_text": "Many recent efforts have also focused on extracting semantic relations between entities, such as entailments (Szpektor et al 2004), is-a (Ravichandran and Hovy 2002), part-of (Girju et al 2006), and other relations.", 
    "keep_for_gold": 0
  }, 
  {
    "citance_No": 16, 
    "citing_paper_id": "P08-1089", 
    "citing_paper_authority": 21, 
    "citing_paper_authors": "Shiqi, Zhao | Haifeng, Wang | Ting, Liu | Sheng, Li", 
    "raw_text": "Similar methods have also been used by Ibrahim et al (2003) and Szpektor et al (2004)", 
    "clean_text": "Similar methods have also been used by Ibrahim et al (2003) and Szpektor et al (2004).", 
    "keep_for_gold": 0
  }, 
  {
    "citance_No": 17, 
    "citing_paper_id": "P08-1089", 
    "citing_paper_authority": 21, 
    "citing_paper_authors": "Shiqi, Zhao | Haifeng, Wang | Ting, Liu | Sheng, Li", 
    "raw_text": "For instance, the precisions of the para phrase patterns reported in (Lin and Pantel, 2001), (Ibrahim et al, 2003), and (Szpektor et al, 2004) are lower than 50%", 
    "clean_text": "For instance, the precisions of the para phrase patterns reported in (Lin and Pantel, 2001), (Ibrahim et al, 2003), and (Szpektor et al, 2004) are lower than 50%.", 
    "keep_for_gold": 0
  }, 
  {
    "citance_No": 18, 
    "citing_paper_id": "C10-2146", 
    "citing_paper_authority": 5, 
    "citing_paper_authors": "Shulamit, Umansky-Pesin | Roi, Reichart | Ari, Rappoport", 
    "raw_text": "On-line usage of web queries is less frequent and was used mainly in semantic acquisition applications: the discovery of semantic verb relations (Chklovski and Pantel, 2004), the acquisition of entailment relations (Szpektor et al, 2004), and the discovery of concept-specific relation ships (Davidov et al, 2007)", 
    "clean_text": "On-line usage of web queries is less frequent and was used mainly in semantic acquisition applications: the discovery of semantic verb relations (Chklovski and Pantel, 2004), the acquisition of entailment relations (Szpektor et al, 2004), and the discovery of concept-specific relationships (Davidov et al, 2007).", 
    "keep_for_gold": 0
  }, 
  {
    "citance_No": 19, 
    "citing_paper_id": "E06-1052", 
    "citing_paper_authority": 16, 
    "citing_paper_authors": "Lorenza, Romano | Milen, Kouylekov | Idan, Szpektor | Ido, Dagan | Alberto, Lavelli", 
    "raw_text": "Next, we implemented a prototype that utilizes a state-of-the-art method for learning entailment relations from the web (Szpektor et al, 2004), the Minipar dependency parser (Lin, 1998) and a syntactic matching module", 
    "clean_text": "Next, we implemented a prototype that utilizes a state-of-the-art method for learning entailment relations from the web (Szpektor et al, 2004), the Minipar dependency parser (Lin, 1998) and a syntactic matching module.", 
    "keep_for_gold": 0
  }, 
  {
    "citance_No": 20, 
    "citing_paper_id": "E06-1052", 
    "citing_paper_authority": 16, 
    "citing_paper_authors": "Lorenza, Romano | Milen, Kouylekov | Idan, Szpektor | Ido, Dagan | Alberto, Lavelli", 
    "raw_text": "Taking a step further, the TEASE algorithm (Szpektor et al, 2004) provides a completely unsupervised method for acquiring entailment relations from the Web for a given input relation (see Section 5.1) .Most of these works did not evaluate their results in terms of application coverage", 
    "clean_text": "Taking a step further, the TEASE algorithm (Szpektor et al, 2004) provides a completely unsupervised method for acquiring entailment relations from the Web for a given input relation (see Section 5.1).", 
    "keep_for_gold": 0
  }
]
