[
  {
    "citance_No": 1, 
    "citing_paper_id": "P14-1112", 
    "citing_paper_authority": 0, 
    "citing_paper_authors": "Jayant, Krishnamurthy | Tom M., Mitchell", 
    "raw_text": "These parsers are trained and evaluated using CCGbank (Hockenmaier and Steedman, 2002a), an automatic conversion of the Penn Treebankinto the CCG formalism", 
    "clean_text": "These parsers are trained and evaluated using CCGbank (Hockenmaier and Steedman, 2002a), an automatic conversion of the Penn Treebank into the CCG formalism.", 
    "keep_for_gold": 0
  }, 
  {
    "citance_No": 2, 
    "citing_paper_id": "P14-1112", 
    "citing_paper_authority": 0, 
    "citing_paper_authors": "Jayant, Krishnamurthy | Tom M., Mitchell", 
    "raw_text": "Several broad cover age parsers have been trained using this resource (Hockenmaier and Steedman, 2002b; Hocken maier, 2003b)", 
    "clean_text": "Several broad coverage parsers have been trained using this resource (Hockenmaier and Steedman, 2002b; Hockenmaier, 2003b).", 
    "keep_for_gold": 0
  }, 
  {
    "citance_No": 3, 
    "citing_paper_id": "W07-1202", 
    "citing_paper_authority": 5, 
    "citing_paper_authors": "Stephen, Clark | James R., Curran", 
    "raw_text": "Hockenmaier and Steedman (2002) describe a generative model for CCG, which only re quires a non-iterative counting process for training, but it is generally acknowledged that discriminative models provide greater flexibility and typically higher performance", 
    "clean_text": "Hockenmaier and Steedman (2002) describe a generative model for CCG, which only requires a non-iterative counting process for training, but it is generally acknowledged that discriminative models provide greater flexibility and typically higher performance.", 
    "keep_for_gold": 0
  }, 
  {
    "citance_No": 4, 
    "citing_paper_id": "E12-1075", 
    "citing_paper_authority": 2, 
    "citing_paper_authors": "Yue, Zhang | Graeme, Blackwood | Stephen, Clark", 
    "raw_text": "The CCGgrammar used by our system is read off the derivations in CCGbank, following HockenmaierandSteedman (2002), meaning that the CCGcombinatory rules are encoded as rule instances, together with a number of additional rules which deal with punctuation and type-changing", 
    "clean_text": "The CCG grammar used by our system is read off the derivations in CCGbank, following Hockenmaier and Steedman (2002), meaning that the CCG combinatory rules are encoded as rule instances, together with a number of additional rules which deal with punctuation and type-changing.", 
    "keep_for_gold": 1
  }, 
  {
    "citance_No": 5, 
    "citing_paper_id": "W04-1505", 
    "citing_paper_authority": 0, 
    "citing_paper_authors": "Gerold, Schneider | Fabio, Rinaldi | James, Dowdall", 
    "raw_text": "Few hand crafted, deep linguistic grammars achieve the coverage and robustness needed to parse large corpora (see (Riezler et al, 2002), (Burke et al, 2004) and (Hockenmaier and Steedman, 2002) for exceptions), and speed remains a serious challenge", 
    "clean_text": "Few hand crafted, deep linguistic grammars achieve the coverage and robustness needed to parse large corpora (see (Riezler et al, 2002), (Burke et al, 2004) and (Hockenmaier and Steedman, 2002) for exceptions), and speed remains a serious challenge.", 
    "keep_for_gold": 0
  }, 
  {
    "citance_No": 6, 
    "citing_paper_id": "W06-1602", 
    "citing_paper_authority": 4, 
    "citing_paper_authors": "Johan, Bos | Malvina, Nissim", 
    "raw_text": "We used Clark& amp; Curran? s wide coverage statistical parser (Clark and Curran,2004) trained on CCG-bank, which in turn is derived from the Penn-Treebank (Hockenmaier and Steedman, 2002)", 
    "clean_text": "We used Clark & Curran's wide coverage statistical parser (Clark and Curran, 2004) trained on CCG-bank, which in turn is derived from the Penn-Treebank (Hockenmaier and Steedman, 2002).", 
    "keep_for_gold": 0
  }, 
  {
    "citance_No": 7, 
    "citing_paper_id": "P06-1064", 
    "citing_paper_authority": 11, 
    "citing_paper_authors": "Julia, Hockenmaier", 
    "raw_text": "Good lexical coverage is essential for the performance of statistical CCG parsers (Hockenmaier and Steedman, 2002a)", 
    "clean_text": "", 
    "keep_for_gold": 0
  }, 
  {
    "citance_No": 8, 
    "citing_paper_id": "C04-1180", 
    "citing_paper_authority": 37, 
    "citing_paper_authors": "Johan, Bos | Stephen, Clark | Mark, Steedman | James R., Curran | Julia, Hockenmaier", 
    "raw_text": "All of these parsers use a grammar derived from CCGbank (Hockenmaier and Steedman,2002a; Hockenmaier, 2003), a tree bank of normal form CCG derivations derived semi-automatically from the Penn Treebank", 
    "clean_text": "", 
    "keep_for_gold": 0
  }, 
  {
    "citance_No": 9, 
    "citing_paper_id": "C04-1180", 
    "citing_paper_authority": 37, 
    "citing_paper_authors": "Johan, Bos | Stephen, Clark | Mark, Steedman | James R., Curran | Julia, Hockenmaier", 
    "raw_text": "The parser also uses a number of unary type-changing rules (Hockenmaier and Steedman, 2002a) and punctuation rules taken from CCGbank", 
    "clean_text": "", 
    "keep_for_gold": 0
  }, 
  {
    "citance_No": 10, 
    "citing_paper_id": "H05-1091", 
    "citing_paper_authority": 77, 
    "citing_paper_authors": "Razvan C., Bunescu | Raymond J., Mooney", 
    "raw_text": "protesters seized several stations NP (SNP) /NP NP/NP NP NP (SNP) /NP NP NP SNP S Table 3: Sample derivation. In order to obtain CCG derivations for all sentences in the ACE corpus, we used the CCG parser introduced in (Hockenmaier and Steedman,2002) 3", 
    "clean_text": "In order to obtain CCG derivations for all sentences in the ACE corpus, we used the CCG parser introduced in (Hockenmaier and Steedman,2002).", 
    "keep_for_gold": 0
  }, 
  {
    "citance_No": 11, 
    "citing_paper_id": "N06-1019", 
    "citing_paper_authority": 8, 
    "citing_paper_authors": "Stephen, Clark | James R., Curran", 
    "raw_text": "In this paper we use the dependency model, which requires sets of predicate-argument dependencies for training.1 1Hockenmaier and Steedman (2002) describe a generative model of normal-form derivations; one possibility for training this model on partial data, which has not been explored, is to use the EM algorithm (Pereira and Schabes, 1992) .The predicate-argument dependencies are rep re sented as 5-tuples:? hf, f, s, ha, l?, where hf is the lexical item of the lexical category expressing the dependency relation; f is the lexical category; s is the argument slot; ha is the head word of the argument; and l encodes whether the dependency is non-local", 
    "clean_text": "Hockenmaier and Steedman (2002) describe a generative model of normal-form derivations.", 
    "keep_for_gold": 0
  }, 
  {
    "citance_No": 12, 
    "citing_paper_id": "W03-1008", 
    "citing_paper_authority": 27, 
    "citing_paper_authors": "Daniel, Gildea | Julia, Hockenmaier", 
    "raw_text": "The CCG parser has been trained and tested on CCGbank (Hockenmaier and Steedman, 2002a), a tree bank of CCG derivations obtained from the Penn Treebank, from which we also obtain our training data", 
    "clean_text": "The CCG parser has been trained and tested on CCGbank (Hockenmaier and Steedman, 2002a), a tree bank of CCG derivations obtained from the Penn Treebank, from which we also obtain our training data.", 
    "keep_for_gold": 0
  }, 
  {
    "citance_No": 13, 
    "citing_paper_id": "P04-1014", 
    "citing_paper_authority": 67, 
    "citing_paper_authors": "Stephen, Clark | James R., Curran", 
    "raw_text": "The feature set for the normal-form model is the same except that, following HockenmaierandSteedman (2002), the dependency features are defined in terms of the local rule instantiations, by adding the heads of the combining categories to the rule instantiation features", 
    "clean_text": "The feature set for the normal-form model is the same except that, following Hockenmaier and Steedman (2002), the dependency features are defined in terms of the local rule instantiations, by adding the heads of the combining categories to the rule instantiation features.", 
    "keep_for_gold": 1
  }, 
  {
    "citance_No": 14, 
    "citing_paper_id": "W04-3215", 
    "citing_paper_authority": 11, 
    "citing_paper_authors": "Stephen, Clark | Mark, Steedman | James R., Curran", 
    "raw_text": "Each feature type has unlexicalised and head-lexicalised versions. The remaining features capture word-word dependencies, which significantly improve accuracy. The best-performing model encodes word-word dependencies in terms of the local rule instantiations, as in Hockenmaier and Steedman (2002)", 
    "clean_text": "The best-performing model encodes word-word dependencies in terms of the local rule instantiations, as in Hockenmaier and Steedman (2002).", 
    "keep_for_gold": 0
  }, 
  {
    "citance_No": 15, 
    "citing_paper_id": "P11-1158", 
    "citing_paper_authority": 0, 
    "citing_paper_authors": "Michael, Auli | Adam, Lopez", 
    "raw_text": "For our experiments we used the generative CCG parser of Hockenmaier and Steedman (2002)", 
    "clean_text": "For our experiments we used the generative CCG parser of Hockenmaier and Steedman (2002).", 
    "keep_for_gold": 0
  }, 
  {
    "citance_No": 16, 
    "citing_paper_id": "P11-1158", 
    "citing_paper_authority": 0, 
    "citing_paper_authors": "Michael, Auli | Adam, Lopez", 
    "raw_text": "We focus on two parsing models: PCFG, the baseline of Hockenmaier and Steedman (2002) which treats the grammar as aPCFG (Table 1); and HWDep, a headword dependency model which is the best performing model of the parser", 
    "clean_text": "We focus on two parsing models: PCFG, the baseline of Hockenmaier and Steedman (2002) which treats the grammar as a PCFG (Table 1); and HWDep, a headword dependency model which is the best performing model of the parser.", 
    "keep_for_gold": 0
  }, 
  {
    "citance_No": 17, 
    "citing_paper_id": "P11-1158", 
    "citing_paper_authority": 0, 
    "citing_paper_authors": "Michael, Auli | Adam, Lopez", 
    "raw_text": "4The timing results reported differ from an earlier draft since we used a different machine 5Hockenmaier and Steedman (2002) saw a similar effect", 
    "clean_text": "Hockenmaier and Steedman (2002) saw a similar effect.", 
    "keep_for_gold": 0
  }, 
  {
    "citance_No": 18, 
    "citing_paper_id": "P03-1046", 
    "citing_paper_authority": 19, 
    "citing_paper_authors": "Julia, Hockenmaier", 
    "raw_text": "The model used by the CCG parser of Hockenmaier and Steedman (2002b) would fail to capture the correct bi lexical dependencies in a language with freer word order, such as Dutch", 
    "clean_text": "The model used by the CCG parser of Hockenmaier and Steedman (2002b) would fail to capture the correct bilexical dependencies in a language with freer word order, such as Dutch.", 
    "keep_for_gold": 0
  }, 
  {
    "citance_No": 19, 
    "citing_paper_id": "P03-1046", 
    "citing_paper_authority": 19, 
    "citing_paper_authors": "Julia, Hockenmaier", 
    "raw_text": "State-of-the-art statistical parsers for Penn Treebank-style phrase-structure grammars (Collins, 1999), (Charniak, 2000), but also for Categorial Grammar (Hockenmaier and Steedman, 2002b), include models of bi lexical dependencies defined in terms of local trees", 
    "clean_text": "State-of-the-art statistical parsers for Penn Treebank-style phrase-structure grammars (Collins, 1999), (Charniak, 2000), but also for Categorial Grammar (Hockenmaier and Steedman, 2002b), include models of bilexical dependencies defined in terms of local trees.", 
    "keep_for_gold": 0
  }, 
  {
    "citance_No": 20, 
    "citing_paper_id": "P03-1046", 
    "citing_paper_authority": 19, 
    "citing_paper_authors": "Julia, Hockenmaier", 
    "raw_text": "First, we review the dependency model proposed by Hockenmaier and Steedman (2002b)", 
    "clean_text": "First, we review the dependency model proposed by Hockenmaier and Steedman (2002b).", 
    "keep_for_gold": 0
  }
]
