[
  {
    "citance_No": 1, 
    "citing_paper_id": "A00-1022", 
    "citing_paper_authority": 0, 
    "citing_paper_authors": "Stephan, Busemann | Sven, Schmeier | Roman G., Arens", 
    "raw_text": "Our initial experiments with the integration of GermaNet (Hamp and Feldweg, 1997), the evolving German version of WordNet, seem to confirm the positive results described for WordNet (de Buenaga Rodriguez et al, 1997) and will thus be extended", 
    "clean_text": "Our initial experiments with the integration of GermaNet (Hamp and Feldweg, 1997), the evolving German version of WordNet, seem to confirm the positive results described for WordNet (de Buenaga Rodriguez et al, 1997) and will thus be extended.", 
    "keep_for_gold": 0
  }, 
  {
    "citance_No": 2, 
    "citing_paper_id": "P14-1024", 
    "citing_paper_authority": 1, 
    "citing_paper_authors": "Yulia, Tsvetkov | Leonid, Boytsov | Anatole, Gershman | Eric H., Nyberg | Chris, Dyer", 
    "raw_text": "To divide adjectives into groups, Tsvetkov et al (2014) use 13 top-level classes from the adapted taxonomy of Hundsnurscher and Splett (1982), which is incorporated in GermaNet (Hamp and Feldweg, 1997)", 
    "clean_text": "To divide adjectives into groups, Tsvetkov et al (2014) use 13 top-level classes from the adapted taxonomy of Hundsnurscher and Splett (1982), which is incorporated in GermaNet (Hamp and Feldweg, 1997).", 
    "keep_for_gold": 0
  }, 
  {
    "citance_No": 3, 
    "citing_paper_id": "W12-2039", 
    "citing_paper_authority": 4, 
    "citing_paper_authors": "Michael, Hahn | Detmar, Meurers", 
    "raw_text": "Synonyms in GermaNet (Hamp and Feldweg, 1997) receive the score 1", 
    "clean_text": "Synonyms in GermaNet (Hamp and Feldweg, 1997) receive the score 1.", 
    "keep_for_gold": 0
  }, 
  {
    "citance_No": 4, 
    "citing_paper_id": "P02-1056", 
    "citing_paper_authority": 16, 
    "citing_paper_authors": "Berthold, Crysmann | Anette, Frank | Bernd, Kiefer | Stefan, M&uuml;ller | G&uuml;nter, Neumann | Jakub, Piskorski | Ulrich, Sch&auml;fer | Melanie, Siegel | Hans, Uszkoreit | Feiyu, Xu | Markus, Becker | Hans-Ulrich, Krieger", 
    "raw_text": "Ger ma Net (Hamp and Feldweg, 1997) is a large lexical database, where words are associated with POS in formation and semantic sorts, which are organized in a fine-grained hierarchy", 
    "clean_text": "GermaNet (Hamp and Feldweg, 1997) is a large lexical database, where words are associated with POS in formation and semantic sorts, which are organized in a fine-grained hierarchy.", 
    "keep_for_gold": 1
  }, 
  {
    "citance_No": 5, 
    "citing_paper_id": "W12-1632", 
    "citing_paper_authority": 2, 
    "citing_paper_authors": "Aoife, Cahill | Arndt, Riester", 
    "raw_text": "For German, we address this issue by introducing two further types of features into our model based on the GermaNet resource (Hamp and Feldweg, 1997)", 
    "clean_text": "For German, we address this issue by introducing two further types of features into our model based on the GermaNet resource (Hamp and Feldweg, 1997).", 
    "keep_for_gold": 0
  }, 
  {
    "citance_No": 6, 
    "citing_paper_id": "W11-2401", 
    "citing_paper_authority": 4, 
    "citing_paper_authors": "Detmar, Meurers | Ramon, Ziai | Niels, Ott | Janina, Kopp", 
    "raw_text": "Annotation Task NLP Component Sentence Detection OpenNLPhttp: //incubator.apache.org/opennlp Tokenization OpenNLP Lemmatization TreeTagger (Schmid, 1994) Spell Checking Edit distance (Levenshtein, 1966) ,igerman98 word list http: //www.j3e.de/ispell/igerman98 Part-of-speech Tagging TreeTagger (Schmid, 1994) Noun Phrase Chunking OpenNLP Lexical Relations GermaNet (Hamp and Feldweg, 1997) Similarity Scores PMI-IR (Turney, 2001) Dependency Relations MaltParser (Nivre et al, 2007) Table 2: NLP tools used in the German system Integrating the multitude of units and their representations at different levels of abstraction poses significant challenges to the system architecture", 
    "clean_text": "", 
    "keep_for_gold": 0
  }, 
  {
    "citance_No": 7, 
    "citing_paper_id": "W00-0103", 
    "citing_paper_authority": 6, 
    "citing_paper_authors": "Paul, Buitelaar", 
    "raw_text": "This paper presents an algorithm for finding systematic polysemous classes in WordNet (Miller et al1990) and GermaNet (Hamp and Feldweg 1997) -a semantic database for German similar to WordNet", 
    "clean_text": "This paper presents an algorithm for finding systematic polysemous classes in WordNet (Miller et al 1990) and GermaNet (Hamp and Feldweg 1997) - a semantic database for German similar to WordNet.", 
    "keep_for_gold": 0
  }, 
  {
    "citance_No": 8, 
    "citing_paper_id": "E09-2006", 
    "citing_paper_authority": 0, 
    "citing_paper_authors": "R&uuml;diger, Gleim | Ulli, Waltinger | Alexandra, Ernst | Alexander, Mehler | Tobias, Feith | Dietmar, Esch", 
    "raw_text": "The system currently uses two different terminological onto lo gies WordNet (Fellbaum, 1998) and GermaNet (Hamp and Feldweg, 1997) as chaining resources which have been mapped onto the database for mat", 
    "clean_text": "The system currently uses two different terminological onto logies WordNet (Fellbaum, 1998) and GermaNet (Hamp and Feldweg, 1997) as chaining resources which have been mapped onto the database for mat.", 
    "keep_for_gold": 0
  }, 
  {
    "citance_No": 9, 
    "citing_paper_id": "P14-2086", 
    "citing_paper_authority": 0, 
    "citing_paper_authors": "Michael, Roth | Sabine, Schulte Im Walde", 
    "raw_text": "We select the hyper parameters of our model using an independent development set, which we extract from the lexical resource GermaNet (HampandFeldweg, 1997)", 
    "clean_text": "We select the hyper parameters of our model using an independent development set, which we extract from the lexical resource GermaNet (Hamp and Feldweg, 1997).", 
    "keep_for_gold": 0
  }
]
