[
  {
    "citance_No": 1, 
    "citing_paper_id": "P14-1004", 
    "citing_paper_authority": 0, 
    "citing_paper_authors": "Ke, Zhai | Jason, Williams", 
    "raw_text": "This configuration is similar to PolyLDA (Mimno et al, 2009) or LinkLDA (Yano et al, 2009), such that utterances from different parties are treated as different languages or blog-post and comments pairs", 
    "clean_text": "This configuration is similar to PolyLDA (Mimno et al, 2009) or LinkLDA (Yano et al, 2009), such that utterances from different parties are treated as different languages or blog-post and comments pairs.", 
    "keep_for_gold": 0
  }, 
  {
    "citance_No": 2, 
    "citing_paper_id": "P10-1044", 
    "citing_paper_authority": 44, 
    "citing_paper_authors": "Alan, Ritter | Mausam,  | Oren, Etzioni", 
    "raw_text": "Our particular model, LinkLDA, has been applied to a few NLP tasks such as simultaneously modeling the words appearing in blog posts and users who will likely respond to them (Yano et al, 2009), modeling topic-aligned articles in different languages (Mimno et al, 2009), and word sense induction (Brody and Lapata, 2009)", 
    "clean_text": "Our particular model, LinkLDA, has been applied to a few NLP tasks such as simultaneously modeling the words appearing in blog posts and users who will likely respond to them (Yano et al, 2009), modeling topic-aligned articles in different languages (Mimno et al, 2009), and word sense induction (Brody and Lapata, 2009).", 
    "keep_for_gold": 0
  }, 
  {
    "citance_No": 3, 
    "citing_paper_id": "P11-2084", 
    "citing_paper_authority": 8, 
    "citing_paper_authors": "Ivan, Vuli&cacute; | Wim, De Smet | Marie-Francine, Moens", 
    "raw_text": "(Mimno et al, 2009) retrieve a list of potential translations simply by selecting a small number N of the most probable words in both languages and then add the Cartesian product of these sets for every topic to a set of candidate translations", 
    "clean_text": "(Mimno et al, 2009) retrieve a list of potential translations simply by selecting a small number N of the most probable words in both languages and then add the Cartesian product of these sets for every topic to a set of candidate translations.", 
    "keep_for_gold": 1
  }, 
  {
    "citance_No": 4, 
    "citing_paper_id": "E12-1014", 
    "citing_paper_authority": 17, 
    "citing_paper_authors": "Alexandre, Klementiev | Ann, Irvine | Chris, Callison-Burch | David, Yarowsky", 
    "raw_text": "Our Wikipedia-based topic similarity feature, w (f, e), is similar in spirit to polylingualtopic models (Mimno et al 2009), but it is scalable to full bilingual lexicon induction", 
    "clean_text": "Our Wikipedia-based topic similarity feature, w (f, e), is similar in spirit to polylingual topic models (Mimno et al 2009), but it is scalable to full bilingual lexicon induction.", 
    "keep_for_gold": 0
  }, 
  {
    "citance_No": 5, 
    "citing_paper_id": "D11-1086", 
    "citing_paper_authority": 2, 
    "citing_paper_authors": "Jagadeesh, Jagarlamudi | Raghavendra, Udupa | Abhijit, Bhole", 
    "raw_text": "of English document and the second half of its aligned foreign language document (Mimno et al,2009)", 
    "clean_text": "For Europarl data sets, we artificially make them comparable by considering the first half of English document and the second half of its aligned foreign language document (Mimno et al,2009).", 
    "keep_for_gold": 0
  }, 
  {
    "citance_No": 6, 
    "citing_paper_id": "N12-1007", 
    "citing_paper_authority": 1, 
    "citing_paper_authors": "Spence, Green | Nicholas, Andrews | Matthew R., Gormley | Mark, Dredze | Christopher D., Manning", 
    "raw_text": "Since the PLTM is not a contribution of this paper, we refer the interested reader to (Mimno et al, 2009) for more details", 
    "clean_text": "Since the PLTM is not a contribution of this paper, we refer the interested reader to (Mimno et al, 2009) for more details.", 
    "keep_for_gold": 0
  }, 
  {
    "citance_No": 7, 
    "citing_paper_id": "N12-1007", 
    "citing_paper_authority": 1, 
    "citing_paper_authors": "Spence, Green | Nicholas, Andrews | Matthew R., Gormley | Mark, Dredze | Christopher D., Manning", 
    "raw_text": "Evaluation Corpus The automatic evaluation of cross-lingual co reference systems requires annotated 10Mimno et al (2009) showed that so long as the proportion of topically-aligned to non-aligned documents exceeded 0.25, the topic distributions (as measured by mean Jensen-Shannon Divergence between distributions) did not degrade significantly", 
    "clean_text": "Mimno et al (2009) showed that so long as the proportion of topically-aligned to non-aligned documents exceeded 0.25, the topic distributions (as measured by mean Jensen-Shannon Divergence between distributions) did not degrade significantly.", 
    "keep_for_gold": 1
  }, 
  {
    "citance_No": 8, 
    "citing_paper_id": "D10-1025", 
    "citing_paper_authority": 12, 
    "citing_paper_authors": "John C., Platt | Kristina, Toutanova | Scott Wen-Tau, Yih", 
    "raw_text": "Similarly, Polylingual Topic Models (PLTM) (Mimno et al, 2009) generalized LDA to tuples of documents from multiple languages", 
    "clean_text": "Similarly, Polylingual Topic Models (PLTM) (Mimno et al, 2009) generalized LDA to tuples of documents from multiple languages.", 
    "keep_for_gold": 0
  }, 
  {
    "citance_No": 9, 
    "citing_paper_id": "D10-1025", 
    "citing_paper_authority": 12, 
    "citing_paper_authors": "John C., Platt | Kristina, Toutanova | Scott Wen-Tau, Yih", 
    "raw_text": "Our baseline joint PLSA model (JPLSA) is closely related to the poly-lingual LDA model of (Mimno et al, 2009)", 
    "clean_text": "Our baseline joint PLSA model (JPLSA) is closely related to the poly-lingual LDA model of (Mimno et al, 2009).", 
    "keep_for_gold": 0
  }, 
  {
    "citance_No": 10, 
    "citing_paper_id": "D10-1025", 
    "citing_paper_authority": 12, 
    "citing_paper_authors": "John C., Platt | Kristina, Toutanova | Scott Wen-Tau, Yih", 
    "raw_text": "We describe the model for two languages, but it is straightforward to generalize to more than two languages, as in (Mimno et al, 2009)", 
    "clean_text": "We describe the model for two languages, but it is straightforward to generalize to more than two languages, as in (Mimno et al, 2009).", 
    "keep_for_gold": 0
  }, 
  {
    "citance_No": 11, 
    "citing_paper_id": "D10-1025", 
    "citing_paper_authority": 12, 
    "citing_paper_authors": "John C., Platt | Kristina, Toutanova | Scott Wen-Tau, Yih", 
    "raw_text": "j=1 P (z2j|?) P (w 2 j| ?z2j) The difference between the JPLSA model and the poly-lingual topic model of (Mimno et al, 2009) is that we merge the vocabularies in the two languages and learn topic-specific word distributions over these merged vocabularies, instead of having pairs of topic-specific word distributions, one for each language, like in (Mimno et al, 2009)", 
    "clean_text": "The difference between the JPLSA model and the poly-lingual topic model of (Mimno et al, 2009) is that we merge the vocabularies in the two languages and learn topic-specific word distributions over these merged vocabularies, instead of having pairs of topic-specific word distributions, one for each language, like in (Mimno et al, 2009).", 
    "keep_for_gold": 0
  }, 
  {
    "citance_No": 12, 
    "citing_paper_id": "D10-1025", 
    "citing_paper_authority": 12, 
    "citing_paper_authors": "John C., Platt | Kristina, Toutanova | Scott Wen-Tau, Yih", 
    "raw_text": "Another difference between our model and the poly-lingual LDA model of (Mimno et al, 2009) is that we use maximum aposteriori (MAP) instead of Bayesian inference", 
    "clean_text": "Another difference between our model and the poly-lingual LDA model of (Mimno et al, 2009) is that we use maximum aposteriori (MAP) instead of Bayesian inference.", 
    "keep_for_gold": 0
  }, 
  {
    "citance_No": 13, 
    "citing_paper_id": "D10-1025", 
    "citing_paper_authority": 12, 
    "citing_paper_authors": "John C., Platt | Kristina, Toutanova | Scott Wen-Tau, Yih", 
    "raw_text": "For computing distance we used the L1-norm of the difference, which worked a bit better than the Jensen Shannon divergence between the topic vectors used in (Mimno et al, 2009)", 
    "clean_text": "For computing distance we used the L1-norm of the difference, which worked a bit better than the Jensen Shannon divergence between the topic vectors used in (Mimno et al, 2009).", 
    "keep_for_gold": 0
  }, 
  {
    "citance_No": 14, 
    "citing_paper_id": "D10-1025", 
    "citing_paper_authority": 12, 
    "citing_paper_authors": "John C., Platt | Kristina, Toutanova | Scott Wen-Tau, Yih", 
    "raw_text": "Documents are defined as speeches by a single speaker, as in (Mimno et al, 2009) .4 For the Wikipedia set, we use 43,380 training documents, 8,675 development documents, and 8,675 final test set documents. For both corpora, the terms are extracted by word breaking all documents, removing the top 50 most frequent terms and keeping the next 20,000 most frequent terms", 
    "clean_text": "Documents are defined as speeches by a single speaker, as in (Mimno et al, 2009).", 
    "keep_for_gold": 0
  }, 
  {
    "citance_No": 15, 
    "citing_paper_id": "D10-1025", 
    "citing_paper_authority": 12, 
    "citing_paper_authors": "John C., Platt | Kristina, Toutanova | Scott Wen-Tau, Yih", 
    "raw_text": "In previously reported work, (Mimno et al, 2009) evaluate parallel document retrieval using PLTM on Europarl speeches in English and Spanish, using training and test sets of size similar to ours", 
    "clean_text": "In previously reported work, (Mimno et al, 2009) evaluate parallel document retrieval using PLTM on Europarl speeches in English and Spanish, using training and test sets of size similar to ours.", 
    "keep_for_gold": 0
  }, 
  {
    "citance_No": 16, 
    "citing_paper_id": "W12-3117", 
    "citing_paper_authority": 2, 
    "citing_paper_authors": "Johann, Roturier | Fred, Hollowood | Raphael, Rubino | Rasul, Samad Zadeh Kaljahi | Jennifer, Foster | Joachim, Wagner", 
    "raw_text": "We assume that a higher dimensionality can lead to a better repartitioning of the vocabulary over the topics. Multilingual LDA has been used before in natural language processing ,e.g .polylingual topic models (Mimno et al, 2009) or multilingual topic models for unaligned text (Boyd-Graber and Blei, 2009)", 
    "clean_text": "Multilingual LDA has been used before in natural language processing, e.g. polylingual topic models (Mimno et al, 2009) or multilingual topic models for unaligned text (Boyd-Graber and Blei, 2009).", 
    "keep_for_gold": 0
  }, 
  {
    "citance_No": 17, 
    "citing_paper_id": "W11-2133", 
    "citing_paper_authority": 3, 
    "citing_paper_authors": "Nick, Ruiz | Marcello, Federico", 
    "raw_text": "ji =wjk? M j i? m k=1w j k, (1) where M j is the topic distribution of document j and wk is the number of occurrences of phrase pair Xk in document j. Mimno et al (2009) extend the original concept of LDA to support polylingual topic models (PLTM), both on parallel (such as EuroParl) and partly comparable documents (such as Wikipediaarticles)", 
    "clean_text": "Mimno et al (2009) extend the original concept of LDA to support polylingual topic models (PLTM), both on parallel (such as EuroParl) and partly comparable documents (such as Wikipedia articles).", 
    "keep_for_gold": 1
  }, 
  {
    "citance_No": 18, 
    "citing_paper_id": "W11-2133", 
    "citing_paper_authority": 3, 
    "citing_paper_authors": "Nick, Ruiz | Marcello, Federico", 
    "raw_text": "Tuple-specific topic distributions arelearned using LDA with distinct topic-word concentration parameters? l. Mimno et al (2009) show that PLTM sufficiently aligns topics in parallel corpora", 
    "clean_text": "Mimno et al (2009) show that PLTM sufficiently aligns topics in parallel corpora.", 
    "keep_for_gold": 0
  }, 
  {
    "citance_No": 19, 
    "citing_paper_id": "P14-2110", 
    "citing_paper_authority": 0, 
    "citing_paper_authors": "Nanyun, Peng | Yiming, Wang | Mark, Dredze", 
    "raw_text": "A good candidate for multilingual topic analyses are polylin gual topic models (Mimno et al, 2009), which learn topics for multiple languages, creating tuples of language specific distributions over monolingual vocabularies for each topic", 
    "clean_text": "A good candidate for multilingual topic analyses are polylingual topic models (Mimno et al, 2009), which learn topics for multiple languages, creating tuples of language specific distributions over monolingual vocabularies for each topic.", 
    "keep_for_gold": 1
  }, 
  {
    "citance_No": 20, 
    "citing_paper_id": "P14-2110", 
    "citing_paper_authority": 0, 
    "citing_paper_authors": "Nanyun, Peng | Yiming, Wang | Mark, Dredze", 
    "raw_text": "3csLDATo train a polylingual topic model on social media, we make two modifications to the model of Mimno et al (2009): add a token specific language variable, and a process for identifying aligned top ics. First ,polylingual topic models require parallel or comparable corpora in which each document has an assigned language", 
    "clean_text": "To train a polylingual topic model on social media, we make two modifications to the model of Mimno et al (2009): add a token specific language variable, and a process for identifying aligned top ics.", 
    "keep_for_gold": 0
  }
]
