[
  {
    "citance_No": 1, 
    "citing_paper_id": "W06-2927", 
    "citing_paper_authority": 6, 
    "citing_paper_authors": "Yuchang, Cheng | Masayuki, Asahara | Yuji, Matsumoto", 
    "raw_text": "Our bottom-up deterministic parser adopts Nivre? s algorithm (Nivre, 2004) with a preprocessor", 
    "clean_text": "Our bottom-up deterministic parser adopts Nivre's algorithm (Nivre, 2004) with a preprocessor.", 
    "keep_for_gold": 0
  }, 
  {
    "citance_No": 2, 
    "citing_paper_id": "W06-2927", 
    "citing_paper_authority": 6, 
    "citing_paper_authors": "Yuchang, Cheng | Masayuki, Asahara | Yuji, Matsumoto", 
    "raw_text": "The parser is a bottom-up deterministic dependency parser based on the algorithm proposed by (Nivre, 2004)", 
    "clean_text": "The parser is a bottom-up deterministic dependency parser based on the algorithm proposed by (Nivre, 2004).", 
    "keep_for_gold": 0
  }, 
  {
    "citance_No": 3, 
    "citing_paper_id": "W06-2927", 
    "citing_paper_authority": 6, 
    "citing_paper_authors": "Yuchang, Cheng | Masayuki, Asahara | Yuji, Matsumoto", 
    "raw_text": "The main part of our dependency parser is based on Nivre? s algorithm (Nivre, 2004), in which the dependency relations are constructed by a bottom up deterministic schema", 
    "clean_text": "The main part of our dependency parser is based on Nivre' s algorithm (Nivre, 2004), in which the dependency relations are constructed by a bottom up deterministic schema.", 
    "keep_for_gold": 0
  }, 
  {
    "citance_No": 4, 
    "citing_paper_id": "P13-1014", 
    "citing_paper_authority": 2, 
    "citing_paper_authors": "Francesco, Sartorio | Giorgio, Satta | Joakim, Nivre", 
    "raw_text": "i. If we consider transition-based dependency parsing (Nivre, 2008), the purely bottom-up strategy is implemented by the arc-standard model of Nivre (2004)", 
    "clean_text": "If we consider transition-based dependency parsing (Nivre, 2008), the purely bottom-up strategy is implemented by the arc-standard model of Nivre (2004).", 
    "keep_for_gold": 0
  }, 
  {
    "citance_No": 5, 
    "citing_paper_id": "W07-2217", 
    "citing_paper_authority": 3, 
    "citing_paper_authors": "Massimiliano, Ciaramita | Giuseppe, Attardi", 
    "raw_text": "Each token is analyzed once and a decision is made locally concerning the action to take, that is, without considering global properties of the tree being built. Nivre (2004) investigated the issue of (strict )incre mentality for this type of parsers ;i.e., if at any point of the analysis the processed input forms one connected structure", 
    "clean_text": "Nivre (2004) investigated the issue of (strict ) incrementality for this type of parsers ;i.e., if at any point of the analysis the processed input forms one connected structure.", 
    "keep_for_gold": 0
  }, 
  {
    "citance_No": 6, 
    "citing_paper_id": "W09-0509", 
    "citing_paper_authority": 0, 
    "citing_paper_authors": "Michaela, Atterer | David, Schlangen", 
    "raw_text": "Incrementalityis not strict here in the sense of (Nivre, 2004), be cause sometimes more than one word is needed before parts of the frame are constructed and out put: into the right, for instance, needs to wait for a word like leg that completes the chunk", 
    "clean_text": "Incrementality is not strict here in the sense of (Nivre, 2004), because sometimes more than one word is needed before parts of the frame are constructed and out put: into the right, for instance, needs to wait for a word like leg that completes the chunk.", 
    "keep_for_gold": 0
  }, 
  {
    "citance_No": 7, 
    "citing_paper_id": "W10-2927", 
    "citing_paper_authority": 1, 
    "citing_paper_authors": "Yoav, Goldberg | Michael, Elhadad", 
    "raw_text": "The semantics of this transition system is described in (Nivre,2004)", 
    "clean_text": "The semantics of this transition system is described in (Nivre,2004).", 
    "keep_for_gold": 0
  }, 
  {
    "citance_No": 8, 
    "citing_paper_id": "D11-1114", 
    "citing_paper_authority": 2, 
    "citing_paper_authors": "Shay B., Cohen | Carlos, G&oacute;mez-Rodr&iacute;guez | Giorgio, Satta", 
    "raw_text": "When restricted to these three transitions, the system is equivalent to the so-called stack-based arc-standard model of Nivre (2004)", 
    "clean_text": "When restricted to these three transitions, the system is equivalent to the so-called stack-based arc-standard model of Nivre (2004).", 
    "keep_for_gold": 0
  }, 
  {
    "citance_No": 9, 
    "citing_paper_id": "D09-1127", 
    "citing_paper_authority": 32, 
    "citing_paper_authors": "Liang, Huang | Wenbin, Jiang | Qun, Liu", 
    "raw_text": "version of Nivre (2004)", 
    "clean_text": "This idea has been applied to constituency parsing, for example in Sagae and Lavie (2006), and we describe below a simple variant for dependency parsing similar to Yamada and Matsumoto (2003) and the arc-standard version of Nivre (2004).", 
    "keep_for_gold": 0
  }, 
  {
    "citance_No": 10, 
    "citing_paper_id": "W08-2136", 
    "citing_paper_authority": 1, 
    "citing_paper_authors": "Yvonne, Samuelsson | Oscar, T&auml;ckstr&ouml;m | Sumithra, Velupillai | Johan, Eklund | Mark, Fishel | Markus, Saers", 
    "raw_text": "The MaltParser is a dependency parser genera tor, with three parsing algorithms: Nivre? s arc standard, Nivre? s arc eager (see Nivre (2004) for a comparison between the two Nivrealgorithms), and Covington? s (Covington, 2001)", 
    "clean_text": "The MaltParser is a dependency parser generator, with three parsing algorithms: Nivre's arc standard, Nivre's arc eager (see Nivre (2004) for a comparison between the two Nivre algorithms), and Covington's (Covington, 2001).", 
    "keep_for_gold": 0
  }, 
  {
    "citance_No": 11, 
    "citing_paper_id": "W11-0328", 
    "citing_paper_authority": 7, 
    "citing_paper_authors": "Yoshimasa, Tsuruoka | Yusuke, Miyao | Jun'ichi, Kazama", 
    "raw_text": "method (Nivre, 2004), which is briefly described in Section 2", 
    "clean_text": "The parsing algorithm is the arc-standard method (Nivre, 2004), which is briefly described in Section 2.", 
    "keep_for_gold": 0
  }, 
  {
    "citance_No": 12, 
    "citing_paper_id": "W10-2005", 
    "citing_paper_authority": 0, 
    "citing_paper_authors": "Marisa Ferrara, Boston", 
    "raw_text": "Intervenor POS Example NN book NNS books PRP they NNP Pat NNPS Americans WP-WHAT what WP-WHO who WDT-WHICH which book WDT-WHAT what book Table 6: POS for nominal intervenors. The sequence of STACKNEXT features are sensitive to the parser? s memory, in the form of the POS of elements at varying depths of the stack. These features are found to have high overall accuracy in the Nivre parser (Nivre, 2004) and in human sentence processing modeling (Boston et al, 2008) .ACTIVATION, INTERFERENCE, and RE TRIEVAL predictions are based on the sequence of Lewis& amp; Vasisth (2005) calculations provided in Equations 1-4", 
    "clean_text": "These features are found to have high overall accuracy in the Nivre parser (Nivre, 2004) and in human sentence processing modeling (Boston et al, 2008) .", 
    "keep_for_gold": 0
  }, 
  {
    "citance_No": 13, 
    "citing_paper_id": "W12-0701", 
    "citing_paper_authority": 1, 
    "citing_paper_authors": "Mohammad Sadegh, Rasooli | Heshaam, Faili", 
    "raw_text": "In this paper, we propose a model based on Arc-Standard Transition System of Nivre (2004), which is known as an incremental greedy projective parsing model that parses sentences in linear time", 
    "clean_text": "In this paper, we propose a model based on Arc-Standard Transition System of Nivre (2004), which is known as an incremental greedy projective parsing model that parses sentences in linear time.", 
    "keep_for_gold": 0
  }, 
  {
    "citance_No": 14, 
    "citing_paper_id": "W12-0701", 
    "citing_paper_authority": 1, 
    "citing_paper_authors": "Mohammad Sadegh, Rasooli | Heshaam, Faili", 
    "raw_text": "Figure 1: Actions in Arc-Standard Transition System (Nivre, 2004) clues to unsupervised parsing", 
    "clean_text": "Actions in Arc-Standard Transition System (Nivre, 2004) clues to unsupervised parsing.", 
    "keep_for_gold": 0
  }, 
  {
    "citance_No": 15, 
    "citing_paper_id": "S12-1073", 
    "citing_paper_authority": 0, 
    "citing_paper_authors": "Hao, Xiong | Qun, Liu", 
    "raw_text": "We implement three transition-based dependency parsers with three different parsing algorithms: Nivre? s arc standard, Nivre? s arc eager (see Nivre (2004) for a comparison between the two Nivre algorithms), and Liang? s dynamic algorithm (Huang and Sagae, 2010)", 
    "clean_text": "We implement three transition-based dependency parsers with three different parsing algorithms: Nivre's arc standard, Nivre's arc eager (see Nivre (2004) for a comparison between the two Nivre algorithms), and Liang's dynamic algorithm (Huang and Sagae, 2010).", 
    "keep_for_gold": 0
  }, 
  {
    "citance_No": 16, 
    "citing_paper_id": "D07-1125", 
    "citing_paper_authority": 3, 
    "citing_paper_authors": "Svetoslav, Marinov", 
    "raw_text": "In this respect such a model is very restrictive and suffers from the pitfalls of the incremental processing (Nivre, 2004) .The motivation for the chosen model, was to approximate a Data Oriented Parsing (DOP) model (e.g", 
    "clean_text": "In this respect such a model is very restrictive and suffers from the pitfalls of the incremental processing (Nivre, 2004).", 
    "keep_for_gold": 0
  }, 
  {
    "citance_No": 17, 
    "citing_paper_id": "N10-1115", 
    "citing_paper_authority": 39, 
    "citing_paper_authors": "Yoav, Goldberg | Michael, Elhadad", 
    "raw_text": "In words, the function verifies that the proposed edge is indeed present in the gold parse and that the suggested daughter already found all its own daughters.2 2This is in line with the Arc-Standard parsing strategy of shift-reduce dependency parsers (Nivre, 2004)", 
    "clean_text": "This is in line with the Arc-Standard parsing strategy of shift-reduce dependency parsers (Nivre, 2004).", 
    "keep_for_gold": 0
  }, 
  {
    "citance_No": 18, 
    "citing_paper_id": "P13-1104", 
    "citing_paper_authority": 6, 
    "citing_paper_authors": "Jinho D., Choi | Andrew, McCallum", 
    "raw_text": "There are other transition-based dependency parsing algorithms that take a similar approach; Nivre (2009) integrated a SWAP transition into Nivre? s arc-standard algorithm (Nivre, 2004) and Fern ?ndezGonz ?lez and G ?mezRodr ?guez (2012) integrated a buffer transition into Nivre? s arc-eager algorithm to handle non-projectivity. Our selectional branching method is most relevant to Zhang and Clark (2008) who introduced a transition-based dependency parsing model that uses beam search", 
    "clean_text": "There are other transition-based dependency parsing algorithms that take a similar approach; Nivre (2009) integrated a SWAP transition into Nivre's arc-standard algorithm (Nivre, 2004) and Fernandez Gonzalez and Gomez-Rodriguez (2012) integrated a buffer transition into Nivre's arc-eager algorithm to handle non-projectivity.", 
    "keep_for_gold": 0
  }
]
