[
  {
    "citance_No": 1, 
    "citing_paper_id": "W90-0110", 
    "citing_paper_authority": 1, 
    "citing_paper_authors": "Mark T., Maybury", 
    "raw_text": "Forward and backward shifts correspond to introducing the consequence or preparatory phases of events [Moens and Steedman, 1988]", 
    "clean_text": "Forward and backward shifts correspond to introducing the consequence or preparatory phases of events [Moens and Steedman, 1988].", 
    "keep_for_gold": 0
  }, 
  {
    "citance_No": 2, 
    "citing_paper_id": "W11-0142", 
    "citing_paper_authority": 0, 
    "citing_paper_authors": "Jaouad, Mousser", 
    "raw_text": "Everyframeis represented as an example sentence, a syntactic structure and a semantic structure containing semantic predicates and their arguments and temporal information in a way similar to Moens and Steedman (1988)", 
    "clean_text": "Every frame is represented as an example sentence, a syntactic structure and a semantic structure containing semantic predicates and their arguments and temporal information in a way similar to Moens and Steedman (1988).", 
    "keep_for_gold": 0
  }, 
  {
    "citance_No": 3, 
    "citing_paper_id": "W98-0702", 
    "citing_paper_authority": 5, 
    "citing_paper_authors": "Eric V., Siegel", 
    "raw_text": "For example, Sue played the piano is nonc ,lminated, while Sue played the sonata signifies a c-lminated event (this example comes from Moens and Steedman (1988))", 
    "clean_text": "For example, Sue played the piano is nonculminated, while Sue played the sonata signifies a culminated event (this example comes from Moens and Steedman (1988)).", 
    "keep_for_gold": 0
  }, 
  {
    "citance_No": 4, 
    "citing_paper_id": "E95-1036", 
    "citing_paper_authority": 0, 
    "citing_paper_authors": "Rani, Nelken | Nissim, Francez", 
    "raw_text": "The perfect is analyzed by using the notion of a nucleus (Moens and Steedman, 1988) to account for the inner structure of an eventuality", 
    "clean_text": "The perfect is analyzed by using the notion of a nucleus (Moens and Steedman, 1988) to account for the inner structure of an eventuality.", 
    "keep_for_gold": 0
  }, 
  {
    "citance_No": 5, 
    "citing_paper_id": "P00-1010", 
    "citing_paper_authority": 50, 
    "citing_paper_authors": "Inderjeet, Mani | George, Wilson", 
    "raw_text": ") Finally, there is a large body of work ,e.g., (Moens and Steedman 1988), (Passoneau 1988), (Webber 1988), (Hwang 1992), (Song and Cohen 1991), that has focused on a computational analysis of tense and aspect", 
    "clean_text": "", 
    "keep_for_gold": 0
  }, 
  {
    "citance_No": 6, 
    "citing_paper_id": "W04-0912", 
    "citing_paper_authority": 0, 
    "citing_paper_authors": "Barbara, Sonnenhauser", 
    "raw_text": "Presuming a tripartite event structure (Moens and Steedman, 1988) consisting of a preparation phase (dynamic phase ?dyn), a culmination point (boundary?) and a consequent state (static phase? stat), there are three possibilities for aspect to select", 
    "clean_text": "Presuming a tripartite event structure (Moens and Steedman, 1988) consisting of a preparation phase (dynamic phase theta dyn), a culmination point (boundary tau) and a consequent state (static phase phi stat), there are three possibilities for aspect to select.", 
    "keep_for_gold": 0
  }, 
  {
    "citance_No": 7, 
    "citing_paper_id": "C00-2148", 
    "citing_paper_authority": 6, 
    "citing_paper_authors": "Hoa Trang, Dang | Karin Christine, Kipper | Martha, Palmer", 
    "raw_text": "We decompose each event E into a tripartite structure in a manner similar to Moens and Steedman (1988), introducing a time function for each predicate to specify whether the predicate is true in the preparatory (d~ring (E)) ,cuhnination (er~d (E)), or consequent (res~ll: (E)) stage of an event", 
    "clean_text": "We decompose each event E into a tripartite structure in a manner similar to Moens and Steedman (1988), introducing a time function for each predicate to specify whether the predicate is true in the preparatory (during (E)), culmination (end (E)), or consequent (result: (E)) stage of an event.", 
    "keep_for_gold": 0
  }, 
  {
    "citance_No": 8, 
    "citing_paper_id": "P07-1113", 
    "citing_paper_authority": 2, 
    "citing_paper_authors": "Alexis, Palmer | Elias, Ponvert | Jason, Baldridge | Carlota, Smith", 
    "raw_text": "(1) Sony Corp. has heavily promoted the VideoWalkman since the product? s introduction last summer, (2) but Bob Gerson, video editor of This Week in Con sumer Electronics, says (3) Sony conceives of 8mm as a? family of products, camcorders and VCR decks,? SE classification is a fundamental component in determining the discourse mode of texts (Smith, 2003) and, along with aspectual classification, for temporal interpretation (Moens and Steedman, 1988)", 
    "clean_text": "Sony Corp. has heavily promoted the Video Walkman since the product's introduction last summer, (2) but Bob Gerson, video editor of This Week in Consumer Electronics, says (3) Sony conceives of 8 mm as a family of products, camcorders and VCR decks, SE classification is a fundamental component in determining the discourse mode of texts (Smith, 2003) and, along with aspectual classification, for temporal interpretation (Moens and Steedman, 1988).", 
    "keep_for_gold": 0
  }, 
  {
    "citance_No": 9, 
    "citing_paper_id": "E99-1032", 
    "citing_paper_authority": 1, 
    "citing_paper_authors": "Patrick, Caudal", 
    "raw_text": "Moens and Steedman (1988), Smith (1991), Pustejovsky (1995), and others argue that it is a defining property of telic events", 
    "clean_text": "Moens and Steedman (1988), Smith (1991), Pustejovsky (1995), and others argue that it is a defining property of telic events.", 
    "keep_for_gold": 0
  }, 
  {
    "citance_No": 10, 
    "citing_paper_id": "W04-2604", 
    "citing_paper_authority": 1, 
    "citing_paper_authors": "Karin Christine, Kipper | Benjamin, Snyder | Martha, Palmer", 
    "raw_text": "In addition, each predicate has a time function to show at what stage of the event the predicate holds true, in a manner similar to the event decomposition of Moens and Steedman (1988). In order for the members of each class to be coherent with respect to the thematic roles, selectional restrictions, syntactic frames, and semantics they allow, we re ned the original Levin classes and added 74 new subclasses", 
    "clean_text": "In addition, each predicate has a time function to show at what stage of the event the predicate holds true, in a manner similar to the event decomposition of Moens and Steedman (1988).", 
    "keep_for_gold": 0
  }, 
  {
    "citance_No": 11, 
    "citing_paper_id": "N12-1049", 
    "citing_paper_authority": 5, 
    "citing_paper_authors": "Gabor, Angeli | Christopher D., Manning | Daniel, Jurafsky", 
    "raw_text": "Moens and Steedman (1988) describes temporal expressions relating to changes of state; Condoravdi (2010) explores NPI licensing in temporal expressions", 
    "clean_text": "Moens and Steedman (1988) describes temporal expressions relating to changes of state.", 
    "keep_for_gold": 1
  }, 
  {
    "citance_No": 12, 
    "citing_paper_id": "E12-1027", 
    "citing_paper_authority": 2, 
    "citing_paper_authors": "Ant&Atilde;&sup3;nio, Branco | Francisco, Costa", 
    "raw_text": "Consider the following examples, from Ritchie (1979) and Moens and Steedman (1988): (1) When they built the 59th Street bridge, they used the best materials", 
    "clean_text": "Consider the following examples, from Ritchie (1979) and Moens and Steedman (1988).", 
    "keep_for_gold": 0
  }, 
  {
    "citance_No": 13, 
    "citing_paper_id": "W08-1119", 
    "citing_paper_authority": 6, 
    "citing_paper_authors": "Ehud, Reiter | Albert, Gatt | Francois, Portet | Marian, van der Meulen", 
    "raw_text": "An obvious first step, which we arecurrently working on, is to include a linguistically motivated temporal ontology (Moens and Steedman,1988), which will be separate from the existing do main ontology", 
    "clean_text": "An obvious first step, which we are currently working on, is to include a linguistically motivated temporal ontology (Moens and Steedman,1988), which will be separate from the existing do main ontology.", 
    "keep_for_gold": 0
  }, 
  {
    "citance_No": 14, 
    "citing_paper_id": "E93-1031", 
    "citing_paper_authority": 5, 
    "citing_paper_authors": "Alex, Lascarides | Jon, Oberlander", 
    "raw_text": "Moens and Steedman 1988)", 
    "clean_text": "It is suggested that when clauses, by contrast, do not implicate inceptiveness; indeed they do not have any special temporal implicatures (cf. Moens and Steedman 1988). However, it can be argued that when does have a.", 
    "keep_for_gold": 0
  }, 
  {
    "citance_No": 15, 
    "citing_paper_id": "W04-0212", 
    "citing_paper_authority": 4, 
    "citing_paper_authors": "Rashmi, Prasad | Eleni, Miltsakaki | Aravind K., Joshi | Bonnie Lynn, Webber", 
    "raw_text": "The latter would accord with a theoretical distinction that has been made between post posed when expressing a purely temporal relation between the two clauses, and preposed when ex pressing a contingent relation between them (Moens and Steedman, 1988)", 
    "clean_text": "The latter would accord with a theoretical distinction that has been made between post posed when expressing a purely temporal relation between the two clauses, and proposed when ex pressing a contingent relation between them (Moens and Steedman, 1988).", 
    "keep_for_gold": 0
  }, 
  {
    "citance_No": 16, 
    "citing_paper_id": "W03-0910", 
    "citing_paper_authority": 1, 
    "citing_paper_authors": "Paul, Kingsbury | Karin Christine, Kipper", 
    "raw_text": "Each semantic predicate in VerbNetalo include a time function specifying whether the predicateis true in the preparatory (during (E)) ,culmination (end (E)), or consequent (result (E)) stage of an event, in a tripartite event structure is similar to that of Moens and Steedman (1988), which allows us to express the semantics of classes of verbs like change of state verbs whose description requires reference to a complex event structure", 
    "clean_text": "Each semantic predicate in VerbNet also include a time function specifying whether the predicate is true in the preparatory (during (E)) ,culmination (end (E)), or consequent (result (E)) stage of an event, in a tripartite event structure is similar to that of Moens and Steedman (1988), which allows us to express the semantics of classes of verbs like change of state verbs whose description requires reference to a complex event structure.", 
    "keep_for_gold": 0
  }, 
  {
    "citance_No": 17, 
    "citing_paper_id": "W91-0222", 
    "citing_paper_authority": 2, 
    "citing_paper_authors": "Bonnie Jean, Dorr", 
    "raw_text": "Recently, there has been much discussion in the literature regarding the interaction of tense and aspect with lexical-semantics (see, for example, [Bennett et hi., 1990], [Hinrichs, 1988], [Maybury, 1990], [Moens and Steedman, 1988], [Nakhimovsky, 1988], [Passonneau, 1988], [Pustejovsky, 1988, 1989], and [Tenny, 1989])", 
    "clean_text": "", 
    "keep_for_gold": 0
  }, 
  {
    "citance_No": 18, 
    "citing_paper_id": "W91-0222", 
    "citing_paper_authority": 2, 
    "citing_paper_authors": "Bonnie Jean, Dorr", 
    "raw_text": "Among those who have studied the problem of tense and/or aspect, many have taken the work of [Reichenbach, 1947] as a starting point (see, for example, [Brent, 1988], [Moens and Steedman, 1988], [Hornstein, 1990], and [Passonneau, 1988]), while others have built on the work of [Allen, 1983, 1984] (see, for example, [Vilain et hi., 1990], and [Williams, 1990]), and still others have based their investigation on a combination of Allen and Reichenbach &apos; s work (see, for example, [Yip, 1985])", 
    "clean_text": "", 
    "keep_for_gold": 0
  }, 
  {
    "citance_No": 19, 
    "citing_paper_id": "W91-0222", 
    "citing_paper_authority": 2, 
    "citing_paper_authors": "Bonnie Jean, Dorr", 
    "raw_text": "Among those who have studied lexical-semantic representations, many have taken the work of [Jackendoff, 1983, 1990] as a starting point (see, for example, [Brent, 1988], [Dorr, 1989, 1990a, 1990b, 1990c], [Levin and Rappaport, 1985], and [Siskind, 1989]), while others have built on the work of [Dowty, 1979] and [Vendler, 1967] (see, for example, [Bennett et hi., 1990], [Moens and Steedman, 1988], [Nakhimovsky, 1988], and [Passonneau, 1988]), and still others have followed [Mourelatos, 1981] and [Comrie, 1976] (see, for example, [Bach, 1986] and [Pustejovksy, 1989])", 
    "clean_text": "The subdivision is achieved by means of three features proposed by [Bennett et al, 1990] following the framework of [Moens and Steedman, 1988].", 
    "keep_for_gold": 0
  }, 
  {
    "citance_No": 20, 
    "citing_paper_id": "W91-0222", 
    "citing_paper_authority": 2, 
    "citing_paper_authors": "Bonnie Jean, Dorr", 
    "raw_text": "The subdivision is achieved by means of three features proposed by [Bennett et al, 1990] following the framework of [Moens and Steedman, 1988] (in the spirit of [Dowty, 1979] and [Vendler, 1967]): ~dynamic (i.e., events vs. states, as in the Jackendofframework),: t :telic (i. e. ,culminative vents (transitions) vs. nonculminative events (activities)), and ~atomic (i.e., point events vs. extended events)", 
    "clean_text": "The subdivision is achieved by means of three features proposed by [Bennett et al., 1990] following the framework of [Moens and Steedman, 1988] (in the spirit of [Dowty, 1979] and [Vendler, 1967]): +-dynamic (i.e., events vs. states, as in the Jackendoff framework), +-telic (i.e., culminative events (transitions) vs. nonculminative events (activities)), and +-atomic (i.e., point events vs. extended events).", 
    "keep_for_gold": 0
  }
]
