[
  {
    "citance_No": 1, 
    "citing_paper_id": "W07-2089", 
    "citing_paper_authority": 0, 
    "citing_paper_authors": "Jeremy, Ellman | Gary, Emery", 
    "raw_text": "UNN-WePS achieved an average purity of 0.6, and inverse purity of 0.73 in Semeval Task 13, achieving seventh position out of sixteen competing systems (Artiles et al 2007)", 
    "clean_text": "UNN-WePS achieved an average purity of 0.6, and inverse purity of 0.73 in Semeval Task 13, achieving seventh position out of sixteen competing systems (Artiles et al 2007).", 
    "keep_for_gold": 0
  }, 
  {
    "citance_No": 2, 
    "citing_paper_id": "W07-2089", 
    "citing_paper_authority": 0, 
    "citing_paper_authors": "Jeremy, Ellman | Gary, Emery", 
    "raw_text": "We have described a system, UNN-WePS that disambiguates individuals in web pages as required for Semeval task 13 (Artiles et al 2007)", 
    "clean_text": "We have described a system, UNN-WePS that disambiguates individuals in web pages as required for Semeval task 13 (Artiles et al 2007).", 
    "keep_for_gold": 0
  }, 
  {
    "citance_No": 3, 
    "citing_paper_id": "D12-1076", 
    "citing_paper_authority": 0, 
    "citing_paper_authors": "Dongyan, Zhao | Lei, Zou | Liwei, Chen | Yansong, Feng", 
    "raw_text": "WePS Datasets We used three datasets in our experiments, WePS1 Training and Testing (Artiles et al2007), WePS2 Testing (Javier et al2009) .These datasets collected names from three different resources including Wikipedia names, program committee of a computer science conference and US census", 
    "clean_text": "We used three datasets in our experiments, WePS1 Training and Testing (Artiles et al 2007), WePS2 Testing (Javier et al 2009). These datasets collected names from three different resources including Wikipedia names, program committee of a computer science conference and US census.", 
    "keep_for_gold": 0
  }, 
  {
    "citance_No": 4, 
    "citing_paper_id": "D12-1076", 
    "citing_paper_authority": 0, 
    "citing_paper_authors": "Dongyan, Zhao | Lei, Zou | Liwei, Chen | Yansong, Feng", 
    "raw_text": "We adopt the same evaluation process as (HanandZhao, 2009), and evaluating these models using Purity, Inverse Purity and the F-measure (also used inWePS Task Artiles et al2007))", 
    "clean_text": "We adopt the same evaluation process as (Han and Zhao, 2009), and evaluating these models using Purity, Inverse Purity and the F-measure (also used in WePS Task Artiles et al 2007)).", 
    "keep_for_gold": 0
  }, 
  {
    "citance_No": 5, 
    "citing_paper_id": "P10-1006", 
    "citing_paper_authority": 4, 
    "citing_paper_authors": "Xianpei, Han | Zhao, Jun", 
    "raw_text": "We adopted the standard data sets used in the First Web People Search Clustering Task (WePS1) (Artiles et al, 2007) and the Second Web People Search Clustering Task (WePS2) (Artiles et al, 2009)", 
    "clean_text": "We adopted the standard data sets used in the First Web People Search Clustering Task (WePS1) (Artiles et al, 2007) and the Second Web People Search Clustering Task (WePS2) (Artiles et al, 2009).", 
    "keep_for_gold": 0
  }, 
  {
    "citance_No": 6, 
    "citing_paper_id": "W07-2058", 
    "citing_paper_authority": 6, 
    "citing_paper_authors": "Ergin, Elmacioglu | Yee Fan, Tan | Su, Yan | Min-Yen, Kan | Dongwon, Lee", 
    "raw_text": "We consider the problem of disambiguating person names in a Web searching scenario as described bythe Web People Search Task in SemEval 2007 (Artiles et al, 2007)", 
    "clean_text": "We consider the problem of disambiguating person names in a Web searching scenario as described by the Web People Search Task in SemEval 2007 (Artiles et al, 2007).", 
    "keep_for_gold": 1
  }, 
  {
    "citance_No": 7, 
    "citing_paper_id": "W07-2058", 
    "citing_paper_authority": 6, 
    "citing_paper_authors": "Ergin, Elmacioglu | Yee Fan, Tan | Su, Yan | Min-Yen, Kan | Dongwon, Lee", 
    "raw_text": "Two different evaluation measures are reported as described by the task: F? =0.5 is a harmonic mean of purity and inverse purity of the clustering result, and F? =0.2 is a version of F that gives more importance to inverse purity (Artiles et al, 2007)", 
    "clean_text": "Two different evaluation measures are reported as described by the task: F=0.5 is a harmonic mean of purity and inverse purity of the clustering result, and F? =0.2 is a version of F that gives more importance to inverse purity (Artiles et al, 2007).", 
    "keep_for_gold": 0
  }, 
  {
    "citance_No": 8, 
    "citing_paper_id": "W07-2075", 
    "citing_paper_authority": 4, 
    "citing_paper_authors": "Eneko, Agirre | Aitor, Soroa", 
    "raw_text": "Sections 3 and 4 presents in more detail the implementation of the framework for the Semeval 2007 WEPS task (Artiles et al, 2007) and Semeval-", 
    "clean_text": "Sections 3 and 4 presents in more detail the implementation of the framework for the Semeval 2007 WEPS task (Artiles et al, 2007) and Semeval-.", 
    "keep_for_gold": 0
  }, 
  {
    "citance_No": 9, 
    "citing_paper_id": "W07-2075", 
    "citing_paper_authority": 4, 
    "citing_paper_authors": "Eneko, Agirre | Aitor, Soroa", 
    "raw_text": "In this section we will explain in more detail how we implemented the general schema described in the previous section to the? Web People Search? task (Artiles et al, 2007)", 
    "clean_text": "In this section we will explain in more detail how we implemented the general schema described in the previous section to the Web People Search task (Artiles et al, 2007).", 
    "keep_for_gold": 0
  }, 
  {
    "citance_No": 10, 
    "citing_paper_id": "W07-2019", 
    "citing_paper_authority": 0, 
    "citing_paper_authors": "Els, Lefever | V&eacute;ronique, Hoste | Timur, Fayruzov", 
    "raw_text": "The data we have used for training our system were made available in the framework of the SemEval (task 13: Web People Search) competition (Artileset al, 2007)", 
    "clean_text": "The data we have used for training our system were made available in the framework of the SemEval (task 13: Web People Search) competition (Artileset al, 2007).", 
    "keep_for_gold": 0
  }, 
  {
    "citance_No": 11, 
    "citing_paper_id": "W07-2019", 
    "citing_paper_authority": 0, 
    "citing_paper_authors": "Els, Lefever | V&eacute;ronique, Hoste | Timur, Fayruzov", 
    "raw_text": "For both categories the number of target output clusters equals (number of RIPPER output clusters+ the number of documents*0.2) .Although the clustering results with the best set tings for hierarchical and agglomerative clustering were very close with regard to F-score (combining purity and inverse purity, see (Artiles et al, 2007) for a more detailed description), manual inspection of the content of the clusters has revealed big differences between the two approaches", 
    "clean_text": "For both categories the number of target output clusters equals (number of RIPPER output clusters+ the number of documents*0.2). Although the clustering results with the best set tings for hierarchical and agglomerative clustering were very close with regard to F-score (combining purity and inverse purity, see (Artiles et al, 2007) for a more detailed description), manual inspection of the content of the clusters has revealed big differences between the two approaches.", 
    "keep_for_gold": 0
  }, 
  {
    "citance_No": 12, 
    "citing_paper_id": "N09-3002", 
    "citing_paper_authority": 0, 
    "citing_paper_authors": "Jian, Huang | Sarah M., Taylor | Jonathan L., Smith | Konstantinos A., Fotiadis | C. Lee, Giles", 
    "raw_text": "We evaluate our methods using the benchmark test collection from the ACL SemEval-2007 web person search task (WePS hereafter) (Artiles et al, 2007)", 
    "clean_text": "We evaluate our methods using the benchmark test collection from the ACL SemEval-2007 web person search task (WePS hereafter) (Artiles et al, 2007).", 
    "keep_for_gold": 0
  }, 
  {
    "citance_No": 13, 
    "citing_paper_id": "N09-3002", 
    "citing_paper_authority": 0, 
    "citing_paper_authors": "Jian, Huang | Sarah M., Taylor | Jonathan L., Smith | Konstantinos A., Fotiadis | C. Lee, Giles", 
    "raw_text": "Hence the performance reported here is comparable to the official evaluation results (Artiles et al, 2007)", 
    "clean_text": "Hence the performance reported here is comparable to the official evaluation results (Artiles et al, 2007).", 
    "keep_for_gold": 0
  }, 
  {
    "citance_No": 14, 
    "citing_paper_id": "W07-2030", 
    "citing_paper_authority": 1, 
    "citing_paper_authors": "Paul, Kalmar | Matthias, Blume", 
    "raw_text": "The goal of the Web People Search task (Artiles et al 2007) is to assign Web pages to groups, where each group contains all (and only those) pages that refer to one unique entity", 
    "clean_text": "The goal of the Web People Search task (Artiles et al 2007) is to assign Web pages to groups, where each group contains all (and only those) pages that refer to one unique entity.", 
    "keep_for_gold": 1
  }, 
  {
    "citance_No": 15, 
    "citing_paper_id": "W07-2069", 
    "citing_paper_authority": 1, 
    "citing_paper_authors": "Kazunari, Sugiyama | Manabu, Okumura", 
    "raw_text": "In this paper, we described our participating systemin the SemEval-2007 Web People Search Task (Artiles et al, 2007)", 
    "clean_text": "In this paper, we described our participating system in the SemEval-2007 Web People Search Task (Artiles et al, 2007).", 
    "keep_for_gold": 0
  }, 
  {
    "citance_No": 16, 
    "citing_paper_id": "P11-1115", 
    "citing_paper_authority": 14, 
    "citing_paper_authors": "Heng, Ji | Ralph, Grishman", 
    "raw_text": "The research on cross-document entity co reference resolution can be traced back to the Web People Search task (Artiles et al, 2007) and ACE2008 (e.g. Baron and Freedman, 2008)", 
    "clean_text": "The research on cross-document entity coreference resolution can be traced back to the Web People Search task (Artiles et al, 2007) and ACE2008 (e.g. Baron and Freedman, 2008).", 
    "keep_for_gold": 0
  }, 
  {
    "citance_No": 17, 
    "citing_paper_id": "W07-2063", 
    "citing_paper_authority": 1, 
    "citing_paper_authors": "Horacio, Saggion", 
    "raw_text": "Here, we concentrate on the following SemEval 2007 Web People Search Task (Artiles et al, 2007): a search engine user types in a person name as a query", 
    "clean_text": "Here, we concentrate on the following SemEval 2007 Web People Search Task (Artiles et al, 2007): a search engine user types in a person name as a query.", 
    "keep_for_gold": 0
  }, 
  {
    "citance_No": 18, 
    "citing_paper_id": "C10-1055", 
    "citing_paper_authority": 0, 
    "citing_paper_authors": "Jian, Huang | Pucktada, Treeratpituk | Sarah M., Taylor | C. Lee, Giles", 
    "raw_text": "Recently, there is significant research interest in a related task called Web Person Search (WePS) (Artiles et al, 2007), which seeks to determine whether two documents refer to the same person given a person name search query", 
    "clean_text": "Recently, there is significant research interest in a related task called Web Person Search (WePS) (Artiles et al, 2007), which seeks to determine whether two documents refer to the same person given a person name search query.", 
    "keep_for_gold": 0
  }, 
  {
    "citance_No": 19, 
    "citing_paper_id": "C10-1055", 
    "citing_paper_authority": 0, 
    "citing_paper_authors": "Jian, Huang | Pucktada, Treeratpituk | Sarah M., Taylor | C. Lee, Giles", 
    "raw_text": "The more recent Web Person Search (WePS) task (Artiles et al, 2007) has created a benchmark dataset which is also used in this work", 
    "clean_text": "The more recent Web Person Search (WePS) task (Artiles et al, 2007) has created a benchmark dataset which is also used in this work.", 
    "keep_for_gold": 1
  }, 
  {
    "citance_No": 20, 
    "citing_paper_id": "C10-1055", 
    "citing_paper_authority": 0, 
    "citing_paper_authors": "Jian, Huang | Pucktada, Treeratpituk | Sarah M., Taylor | C. Lee, Giles", 
    "raw_text": "Similar IR features are also used by other WePS systems as they are more robust to the variety of web pages (Artiles et al, 2007)", 
    "clean_text": "Similar IR features are also used by other WePS systems as they are more robust to the variety of web pages (Artiles et al, 2007).", 
    "keep_for_gold": 0
  }
]
