[
  {
    "citance_No": 1, 
    "citing_paper_id": "C08-1114", 
    "citing_paper_authority": 26, 
    "citing_paper_authors": "Peter D., Turney", 
    "raw_text": "Veale (2004) used WordNet to answer 374 multiple-choice SAT analogy questions, achieving an accuracy of 43%, but the best corpus-based approach attains an accuracy of 56% (Turney, 2006)", 
    "clean_text": "Veale (2004) used WordNet to answer 374 multiple-choice SAT analogy questions, achieving an accuracy of 43%, but the best corpus-based approach attains an accuracy of 56% (Turney, 2006).", 
    "keep_for_gold": 0
  }, 
  {
    "citance_No": 2, 
    "citing_paper_id": "C08-1114", 
    "citing_paper_authority": 26, 
    "citing_paper_authors": "Peter D., Turney", 
    "raw_text": "The template we use here is similar to Turney (2006), but we have added extra context words before the X and after the Y. Ourmorphological processing also differs from Turney (2006) .In the following experiments, we search in a corpus of 5? 1010 words (about 280 GB of plain text), consisting of web pages gathered by a web crawler.2 To retrieve phrases from the corpus ,weuse Wumpus (Bu ?ttcher and Clarke, 2005), an efficient search engine for passage retrieval from large corpora.3 The next step is to generate patterns from allof the phrases that were found for all of the in put word pairs (from both the training and testing sets)", 
    "clean_text": "The template we use here is similar to Turney (2006), but we have added extra context words before the X and after the Y.", 
    "keep_for_gold": 0
  }, 
  {
    "citance_No": 3, 
    "citing_paper_id": "C08-1114", 
    "citing_paper_authority": 26, 
    "citing_paper_authors": "Peter D., Turney", 
    "raw_text": "Turney (2006) also selects patterns based on the number of pairs that generate them, but the number of selected patterns is a constant (8000), independent of the number of input word pairs", 
    "clean_text": "Turney (2006) also selects patterns based on the number of pairs that generate them, but the number of selected patterns is a constant (8000), independent of the number of input word pairs.", 
    "keep_for_gold": 0
  }, 
  {
    "citance_No": 4, 
    "citing_paper_id": "C08-1114", 
    "citing_paper_authority": 26, 
    "citing_paper_authors": "Peter D., Turney", 
    "raw_text": "Turney (2006) used a corpus-based algorithm. We may view Table 2 as a binary classification problem, in which mason: stone and carpenter: wood are positive examples and the remaining word pairs are negative examples", 
    "clean_text": "Turney (2006) used a corpus-based algorithm.", 
    "keep_for_gold": 0
  }, 
  {
    "citance_No": 5, 
    "citing_paper_id": "C08-1114", 
    "citing_paper_authority": 26, 
    "citing_paper_authors": "Peter D., Turney", 
    "raw_text": "The best previous result is an accuracy of 56.1% (Turney, 2006)", 
    "clean_text": "The best previous result is an accuracy of 56.1% (Turney, 2006).", 
    "keep_for_gold": 0
  }, 
  {
    "citance_No": 6, 
    "citing_paper_id": "C08-1114", 
    "citing_paper_authority": 26, 
    "citing_paper_authors": "Peter D., Turney", 
    "raw_text": "The average senior high school student achieves 57% correct (Turney, 2006)", 
    "clean_text": "The average senior high school student achieves 57% correct (Turney, 2006).", 
    "keep_for_gold": 0
  }, 
  {
    "citance_No": 7, 
    "citing_paper_id": "C08-1114", 
    "citing_paper_authority": 26, 
    "citing_paper_authors": "Peter D., Turney", 
    "raw_text": "PairClass generates probability estimates, whereas Turney (2006) uses a cosine measure of similarity", 
    "clean_text": "PairClass generates probability estimates, whereas Turney (2006) uses a cosine measure of similarity.", 
    "keep_for_gold": 0
  }, 
  {
    "citance_No": 8, 
    "citing_paper_id": "C08-1114", 
    "citing_paper_authority": 26, 
    "citing_paper_authors": "Peter D., Turney", 
    "raw_text": "The automatically generated patterns in PairClass are slightly more general than the pat terns of Turney (2006)", 
    "clean_text": "The automatically generated patterns in PairClass are slightly more general than the patterns of Turney (2006).", 
    "keep_for_gold": 0
  }, 
  {
    "citance_No": 9, 
    "citing_paper_id": "C08-1114", 
    "citing_paper_authority": 26, 
    "citing_paper_authors": "Peter D., Turney", 
    "raw_text": "The morphological processing in PairClass (Minnen et al, 2001) is more sophisticated than in Turney (2006)", 
    "clean_text": "The morphological processing in PairClass (Minnen et al, 2001) is more sophisticated than in Turney (2006).", 
    "keep_for_gold": 0
  }, 
  {
    "citance_No": 10, 
    "citing_paper_id": "P14-2086", 
    "citing_paper_authority": 0, 
    "citing_paper_authors": "Michael, Roth | Sabine, Schulte Im Walde", 
    "raw_text": "Whereas the above mentioned approaches rely on additional knowledge sources, Turney (2006) developed a corpus based approach to model relational similarity, addressing (among other tasks) the distinction be tween synonyms and antonyms", 
    "clean_text": "Whereas the above mentioned approaches rely on additional knowledge sources, Turney (2006) developed a corpus based approach to model relational similarity, addressing (among other tasks) the distinction between synonyms and antonyms.", 
    "keep_for_gold": 1
  }, 
  {
    "citance_No": 11, 
    "citing_paper_id": "W09-0205", 
    "citing_paper_authority": 3, 
    "citing_paper_authors": "Ama&ccedil;, Herda&#x11F;delen | Marco, Baroni", 
    "raw_text": "models re 6Seehttp: //aclweb.org/aclwiki/ for further information and references 37 ported in Turney, 2006, have an average performance of 31%)", 
    "clean_text": "This aspect is most striking for ukWaC where the coverage is low and by only utilizing the single-occurrence sub-vectors we obtain a performance of 38.2% correct answers (the comparable \"attributional\" models reported in Turney, 2006, have an average performance of 31%).", 
    "keep_for_gold": 0
  }, 
  {
    "citance_No": 12, 
    "citing_paper_id": "N10-3005", 
    "citing_paper_authority": 3, 
    "citing_paper_authors": "Eugenie, Giesbrecht", 
    "raw_text": "Vector-based distributional similarity methods have proven to be a valuable tool for a number of task son automatic discovery of semantic relatedness be tween words, like synonymy tests (Rapp, 2003) or detection of analogical similarity (Turney, 2006)", 
    "clean_text": "Vector-based distributional similarity methods have proven to be a valuable tool for a number of tasks on automatic discovery of semantic relatedness between words, like synonymy tests (Rapp, 2003) or detection of analogical similarity (Turney, 2006).", 
    "keep_for_gold": 0
  }, 
  {
    "citance_No": 13, 
    "citing_paper_id": "S12-1023", 
    "citing_paper_authority": 0, 
    "citing_paper_authors": "Gemma, Boleda | Sebastian, Pad&oacute; | Jason, Utt", 
    "raw_text": "Metaphorical meta alternations have also received attention recently (Turney et al, 2011) On a structural level, the prediction of meta alternations shows a clear correspondence to analogy prediction as approached in Turney (2006) (carpenter: wood is analogous to mason: stone, but not to photograph: camera)", 
    "clean_text": "On a structural level, the prediction of meta alternations shows a clear correspondence to analogy prediction as approached in Turney (2006) (carpenter:wood is analogous to mason:stone, but not to photograph:camera).", 
    "keep_for_gold": 0
  }, 
  {
    "citance_No": 14, 
    "citing_paper_id": "W09-0201", 
    "citing_paper_authority": 2, 
    "citing_paper_authors": "Marco, Baroni | Alessandro, Lenci", 
    "raw_text": "We solve SAT analogies with a simplified version of the method of Turney (2006)", 
    "clean_text": "We solve SAT analogies with a simplified version of the method of Turney (2006).", 
    "keep_for_gold": 0
  }, 
  {
    "citance_No": 15, 
    "citing_paper_id": "W09-0201", 
    "citing_paper_authority": 2, 
    "citing_paper_authors": "Marco, Baroni | Alessandro, Lenci", 
    "raw_text": "similarity (Turney, 2006) of concept pairs ,e.g., finding that the relation between teachers and hand books is more similar to the one between soldiers and guns, than to the one between teachers and schools", 
    "clean_text": "We use this space to measure \"relational\" similarity (Turney, 2006) of concept pairs, e.g., finding that the relation between teachers and handbooks is more similar to the one between soldiers and guns, than to the one between teachers and schools.", 
    "keep_for_gold": 0
  }, 
  {
    "citance_No": 16, 
    "citing_paper_id": "W09-0201", 
    "citing_paper_authority": 2, 
    "citing_paper_authors": "Marco, Baroni | Alessandro, Lenci", 
    "raw_text": "only (Turney, 2006)", 
    "clean_text": "The Attr cells summarize the performance of the 6 models on the wiki table that are based on \"attributional similarity\" only (Turney, 2006).", 
    "keep_for_gold": 0
  }, 
  {
    "citance_No": 17, 
    "citing_paper_id": "W09-0201", 
    "citing_paper_authority": 2, 
    "citing_paper_authors": "Marco, Baroni | Alessandro, Lenci", 
    "raw_text": "In particular, we need to develop a back off strategy for unseen pairs in the relational similarity tasks, that, following Turney (2006), could be based on constructing surrogate pairs of taxonomically similar words found in the CxLC space", 
    "clean_text": "In particular, we need to develop a backoff strategy for unseen pairs in the relational similarity tasks, that, following Turney (2006), could be based on constructing surrogate pairs of taxonomically similar words found in the CxLC space.", 
    "keep_for_gold": 0
  }, 
  {
    "citance_No": 18, 
    "citing_paper_id": "S10-1049", 
    "citing_paper_authority": 1, 
    "citing_paper_authors": "Stephen, Tratz | Eduard, Hovy", 
    "raw_text": "Some of the recent work on this problem includes that of Butnariu et al (2009), Girju (2007), Girju et al (2005), Kim and Baldwin (2005), Nakov (2008), Nastase et al (2006), Turney (2006), and? S ?aghdha and Copestake (2009)", 
    "clean_text": "Some of the recent work on this problem includes that of Butnariu et al (2009), Girju (2007), Girju et al (2005), Kim and Baldwin (2005), Nakov (2008), Nastase et al (2006), Turney (2006), and Saghdha and Copestake (2009).", 
    "keep_for_gold": 0
  }, 
  {
    "citance_No": 19, 
    "citing_paper_id": "E09-1071", 
    "citing_paper_authority": 5, 
    "citing_paper_authors": "Diarmuid, &Oacute; S&eacute;aghdha | Ann, Copestake", 
    "raw_text": "The distinction between lexical and relational similarity for word pair comparison is recognised by Turney (2006) (he calls the former attributional similarity), though the methods he presents focus on relational similarity", 
    "clean_text": "The distinction between lexical and relational similarity for word pair comparison is recognised by Turney (2006) (he calls the former attributional similarity), though the methods he presents focus on relational similarity.", 
    "keep_for_gold": 0
  }, 
  {
    "citance_No": 20, 
    "citing_paper_id": "E09-1071", 
    "citing_paper_authority": 5, 
    "citing_paper_authors": "Diarmuid, &Oacute; S&eacute;aghdha | Ann, Copestake", 
    "raw_text": "(1988) RESEARCHER system, which processed patent abstracts in an incremental fashion and associated an unseen compound with the relation expressed in a context where the constituents previously occurred. Turney (2006) describes a method (Latent Relational Analysis) that extracts subsequence patterns for noun pairs from a large corpus, using query expansion to increase the recall of the search and feature selection and dimensionality reduction to reduce the complexity of the feature space", 
    "clean_text": "Turney (2006) describes a method (Latent Relational Analysis) that extracts subsequence patterns for noun pairs from a large corpus, using query expansion to increase the recall of the search and feature selection and dimensionality reduction to reduce the complexity of the feature space.", 
    "keep_for_gold": 1
  }
]
