[
  {
    "citance_No": 1, 
    "citing_paper_id": "W07-2025", 
    "citing_paper_authority": 12, 
    "citing_paper_authors": "Steven, Bethard | James H., Martin", 
    "raw_text": "The 2007 TempEval competition tries to address this question by establishing a common corpus on which research systems can compete to find temporal relations (Verhagen et al, 2007)", 
    "clean_text": "The 2007 TempEval competition tries to address this question by establishing a common corpus on which research systems can compete to find temporal relations (Verhagen et al, 2007).", 
    "keep_for_gold": 0
  }, 
  {
    "citance_No": 2, 
    "citing_paper_id": "P14-2082", 
    "citing_paper_authority": 0, 
    "citing_paper_authors": "Taylor, Cassidy | Bill, McDowell | Nathanael, Chambers | Steven, Bethard", 
    "raw_text": "For instance, TempEval (Verhagen et al, 2007) only labeled relations between events that syntactically dominated each other", 
    "clean_text": "For instance, TempEval (Verhagen et al, 2007) only labeled relations between events that syntactically dominated each other.", 
    "keep_for_gold": 0
  }, 
  {
    "citance_No": 3, 
    "citing_paper_id": "E12-1019", 
    "citing_paper_authority": 4, 
    "citing_paper_authors": "Chris, Welty | Dirk, Hovy | Alfio Massimiliano, Gliozzo | James, Fan | Siddharth, Patwardhan", 
    "raw_text": "Our task is similar to task A and C of TempEval-1 (Verhagen et al 2007) in the sense that we attempt to identify temporal relation be tween events and time expressions or document dates", 
    "clean_text": "Our task is similar to task A and C of TempEval-1 (Verhagen et al 2007) in the sense that we attempt to identify temporal relation between events and time expressions or document dates.", 
    "keep_for_gold": 0
  }, 
  {
    "citance_No": 4, 
    "citing_paper_id": "P09-1046", 
    "citing_paper_authority": 20, 
    "citing_paper_authors": "Katsumasa, Yoshikawa | Sebastian, Riedel | Masayuki, Asahara | Yuji, Matsumoto", 
    "raw_text": "challenge held at the SemEval 2007 Workshop (Verhagen et al, 2007)", 
    "clean_text": "challenge held at the SemEval 2007 Workshop (Verhagen et al, 2007).", 
    "keep_for_gold": 0
  }, 
  {
    "citance_No": 5, 
    "citing_paper_id": "P09-1046", 
    "citing_paper_authority": 20, 
    "citing_paper_authors": "Katsumasa, Yoshikawa | Sebastian, Riedel | Masayuki, Asahara | Yuji, Matsumoto", 
    "raw_text": "In order to drive forward research on temporal relation identification, the SemEval 2007 shared task (Verhagen et al, 2007) (TempEval) included the following three tasks", 
    "clean_text": "In order to drive forward research on temporal relation identification, the SemEval 2007 shared task (Verhagen et al, 2007) (TempEval) included the following three tasks.", 
    "keep_for_gold": 0
  }, 
  {
    "citance_No": 6, 
    "citing_paper_id": "P08-2045", 
    "citing_paper_authority": 8, 
    "citing_paper_authors": "Steven, Bethard | James H., Martin", 
    "raw_text": "Much recent work on temporal relations revolved around the TimeBank and TempEval (Verhagen et al., 2007)", 
    "clean_text": "Much recent work on temporal relations revolved around the TimeBank and TempEval (Verhagen et al., 2007).", 
    "keep_for_gold": 0
  }, 
  {
    "citance_No": 7, 
    "citing_paper_id": "S10-1072", 
    "citing_paper_authority": 3, 
    "citing_paper_authors": "Oleksandr, Kolomiyets | Marie-Francine, Moens", 
    "raw_text": "After several evaluation campaigns targeted at temporal processing of text, such as MUC, ACE TERN and TempEval-1 (Verhagen et al, 2007), the recognition and normalization task has been again newly re intro duced in TempEval-2 (Pustejovsky& amp; Verhagen, 2009)", 
    "clean_text": "After several evaluation campaigns targeted at temporal processing of text, such as MUC, ACE TERN and TempEval-1 (Verhagen et al, 2007), the recognition and normalization task has been again newly reintroduced in TempEval-2 (Pustejovsky& amp; Verhagen, 2009).", 
    "keep_for_gold": 0
  }, 
  {
    "citance_No": 8, 
    "citing_paper_id": "P10-1069", 
    "citing_paper_authority": 1, 
    "citing_paper_authors": "Francisco, Costa | Ant&oacute;nio H., Branco", 
    "raw_text": "Temporal information processing is a topic of natural language processing boosted by recent evaluation campaigns like TERN2004,1 TempEval-1 (Verhagen et al, 2007) and the forthcoming TempEval-22 (Pustejovsky and Verhagen, 2009)", 
    "clean_text": "Temporal information processing is a topic of natural language processing boosted by recent evaluation campaigns like TERN2004,1 TempEval-1 (Verhagen et al, 2007) and the forthcoming TempEval-22 (Pustejovsky and Verhagen, 2009).", 
    "keep_for_gold": 1
  }, 
  {
    "citance_No": 9, 
    "citing_paper_id": "E12-1027", 
    "citing_paper_authority": 2, 
    "citing_paper_authors": "Ant&Atilde;&sup3;nio, Branco | Francisco, Costa", 
    "raw_text": "TempEval (Verhagen et al 2007), in 2007, and more recently TempEval-2 (Verhagen et al 2010), in 2010, were concerned with this problem", 
    "clean_text": "TempEval (Verhagen et al 2007), in 2007, and more recently TempEval-2 (Verhagen et al 2010), in 2010, were concerned with this problem.", 
    "keep_for_gold": 0
  }, 
  {
    "citance_No": 10, 
    "citing_paper_id": "W09-2422", 
    "citing_paper_authority": 0, 
    "citing_paper_authors": "Chong Min, Lee | Graham, Katz", 
    "raw_text": "A first attempt to standardize this task was the 2007 TempEval competition (Verhagen et al, 2007)", 
    "clean_text": "A first attempt to standardize this task was the 2007 TempEval competition (Verhagen et al, 2007).", 
    "keep_for_gold": 0
  }, 
  {
    "citance_No": 11, 
    "citing_paper_id": "N10-3008", 
    "citing_paper_authority": 0, 
    "citing_paper_authors": "Chong Min, Lee", 
    "raw_text": "TempEval07 (Verhagen et al, 2007) integrated 14 TLINK relations into three: before, after, and", 
    "clean_text": "TempEval07 (Verhagen et al, 2007) integrated 14 TLINK relations into three: before, after, and.", 
    "keep_for_gold": 1
  }, 
  {
    "citance_No": 12, 
    "citing_paper_id": "N10-3008", 
    "citing_paper_authority": 0, 
    "citing_paper_authors": "Chong Min, Lee", 
    "raw_text": "Previous research such as Verhagen et al (2007) using three reltions as target relations showed from 60% to 80% performance according to TLINKtypes", 
    "clean_text": "Previous research such as Verhagen et al (2007) using three reltions as target relations showed from 60% to 80% performance according to TLINKtypes.", 
    "keep_for_gold": 0
  }, 
  {
    "citance_No": 13, 
    "citing_paper_id": "P12-1077", 
    "citing_paper_authority": 4, 
    "citing_paper_authors": "R&Atilde;&copy;my, Kessler | Andr&eacute;, Bittar | Veronique, Moriceau | Caroline, Hagege | Xavier, Tannier", 
    "raw_text": "A previous module for temporal analysis was developed and integrated into the English grammar (Hage`ge and Tannier, 2008), and evaluated during TempEval campaign (Verhagen et al, 2007)", 
    "clean_text": "A previous module for temporal analysis was developed and integrated into the English grammar (Hagege and Tannier, 2008), and evaluated during TempEval campaign (Verhagen et al, 2007).", 
    "keep_for_gold": 0
  }, 
  {
    "citance_No": 14, 
    "citing_paper_id": "P12-1077", 
    "citing_paper_authority": 4, 
    "citing_paper_authors": "R&Atilde;&copy;my, Kessler | Andr&eacute;, Bittar | Veronique, Moriceau | Caroline, Hagege | Xavier, Tannier", 
    "raw_text": "Although we have not yet evaluated our tagging of relative dates, the system on which our current date normalization is based achieved good results in the TempEval (Verhagen et al., 2007) campaign", 
    "clean_text": "Although we have not yet evaluated our tagging of relative dates, the system on which our current date normalization is based achieved good results in the TempEval (Verhagen et al., 2007) campaign.", 
    "keep_for_gold": 0
  }, 
  {
    "citance_No": 15, 
    "citing_paper_id": "W07-2110", 
    "citing_paper_authority": 2, 
    "citing_paper_authors": "Caroline, Hagege | Xavier, Tannier", 
    "raw_text": "tions The TempEval track consists of three different tasks described in (Verhagen et al 2007)", 
    "clean_text": "The TempEval track consists of three different tasks described in (Verhagen et al 2007).", 
    "keep_for_gold": 0
  }, 
  {
    "citance_No": 16, 
    "citing_paper_id": "S10-1063", 
    "citing_paper_authority": 13, 
    "citing_paper_authors": "Hector, Llorens | Estela, Saquete | Borja, Navarro", 
    "raw_text": "The relevance of temporal information has been reflected in specialized conferences (Schilder et al, 2007) and evaluation forums (Verhagen et al, 2007)", 
    "clean_text": "The relevance of temporal information has been reflected in specialized conferences (Schilder et al, 2007) and evaluation forums (Verhagen et al, 2007).", 
    "keep_for_gold": 0
  }, 
  {
    "citance_No": 17, 
    "citing_paper_id": "W07-2098", 
    "citing_paper_authority": 4, 
    "citing_paper_authors": "Mark, Hepple | Andrea, Setzer | Robert J., Gaizauskas", 
    "raw_text": "See (Verhagen et al, 2007) for details", 
    "clean_text": "See (Verhagen et al, 2007) for details.", 
    "keep_for_gold": 0
  }, 
  {
    "citance_No": 18, 
    "citing_paper_id": "W07-2098", 
    "citing_paper_authority": 4, 
    "citing_paper_authors": "Mark, Hepple | Andrea, Setzer | Robert J., Gaizauskas", 
    "raw_text": "Accordingly, the performance results given in (Verhagen et al, 2007) are reported using metrics of precision, recall and F-measure", 
    "clean_text": "Accordingly, the performance results given in (Verhagen et al, 2007) are reported using metrics of precision, recall and F-measure.", 
    "keep_for_gold": 0
  }, 
  {
    "citance_No": 19, 
    "citing_paper_id": "S10-1077", 
    "citing_paper_authority": 2, 
    "citing_paper_authors": "Anup Kumar, Kolya | Asif, Ekbal | Sivaji, Bandyopadhyay", 
    "raw_text": "(2005), Mani et al (2006), Chambers et al (2007) and some of the TempEval 2007 participants (Verhagen et al, 2007)", 
    "clean_text": "Mani et al (2006), Chambers et al (2007) and some of the TempEval 2007 participants (Verhagen et al, 2007).", 
    "keep_for_gold": 0
  }, 
  {
    "citance_No": 20, 
    "citing_paper_id": "S10-1077", 
    "citing_paper_authority": 2, 
    "citing_paper_authors": "Anup Kumar, Kolya | Asif, Ekbal | Sivaji, Bandyopadhyay", 
    "raw_text": "The main challenges involved in this task were first addressed during TempEval-1 in 2007 (Verhagen et al, 2007)", 
    "clean_text": "The main challenges involved in this task were first addressed during TempEval-1 in 2007 (Verhagen et al, 2007).", 
    "keep_for_gold": 0
  }
]
