[
  {
    "citance_No": 1, 
    "citing_paper_id": "C04-1081", 
    "citing_paper_authority": 52, 
    "citing_paper_authors": "Fuchun, Peng | Fangfang, Feng | Andrew, McCallum", 
    "raw_text": "See Peng and McCallum (2004) for more details and further experiments", 
    "clean_text": "See Peng and McCallum (2004) for more details and further experiments.", 
    "keep_for_gold": 0
  }, 
  {
    "citance_No": 2, 
    "citing_paper_id": "P14-1056", 
    "citing_paper_authority": 0, 
    "citing_paper_authors": "Sam, Anzaroot | Alexandre, Passos | David, Belanger | Andrew, McCallum", 
    "raw_text": "The overall modeling technique we employ is to add soft constraints to a simple model for which we have an existing efficient prediction algorithm. For this underlying model, we employ a chain structured conditional random field (CRF), since CRFs have been shown to perform better than other simple unconstrained models like hidden markov models for citation extraction (Peng and McCallum, 2004)", 
    "clean_text": "For this underlying model, we employ a chain structured conditional random field (CRF), since CRFs have been shown to perform better than other simple unconstrained models like hidden markov models for citation extraction (Peng and McCallum, 2004).", 
    "keep_for_gold": 0
  }, 
  {
    "citance_No": 3, 
    "citing_paper_id": "P14-1056", 
    "citing_paper_authority": 0, 
    "citing_paper_authors": "Sam, Anzaroot | Alexandre, Passos | David, Belanger | Andrew, McCallum", 
    "raw_text": "Later, CRFs were shown to perform better on CORA, improving the results from the Hmm? s token-level F1 of 86.6 to 91.5 with a CRF (Peng and McCallum, 2004)", 
    "clean_text": "Later, CRFs were shown to perform better on CORA, improving the results from the Hmm's token-level F1 of 86.6 to 91.5 with a CRF (Peng and McCallum, 2004).", 
    "keep_for_gold": 0
  }, 
  {
    "citance_No": 4, 
    "citing_paper_id": "P14-1056", 
    "citing_paper_authority": 0, 
    "citing_paper_authors": "Sam, Anzaroot | Alexandre, Passos | David, Belanger | Andrew, McCallum", 
    "raw_text": "This approach is limited in its use of an HMM as an underlying model, as it has been shown that CRFs perform significantly better, achieving 95.37 token-level accuracy onCORA (Peng and McCallum, 2004)", 
    "clean_text": "This approach is limited in its use of an HMM as an underlying model, as it has been shown that CRFs perform significantly better, achieving 95.37 token-level accuracy on CORA (Peng and McCallum, 2004).", 
    "keep_for_gold": 0
  }, 
  {
    "citance_No": 5, 
    "citing_paper_id": "W06-2918", 
    "citing_paper_authority": 2, 
    "citing_paper_authors": "Andrew E., Smith | Miles, Osborne", 
    "raw_text": "In recent years discriminative probabilistic model shave been successfully applied to a number of information extraction tasks in natural language processing (NLP), such as named entity recognition (NER) (McCallum and Li, 2003), noun phrase chunking (Sha and Pereira, 2003) and information extraction from research papers (Peng and McCallum, 2004)", 
    "clean_text": "In recent years discriminative probabilistic models have been successfully applied to a number of information extraction tasks in natural language processing (NLP), such as named entity recognition (NER) (McCallum and Li, 2003), noun phrase chunking (Sha and Pereira, 2003) and information extraction from research papers (Peng and McCallum, 2004).", 
    "keep_for_gold": 0
  }, 
  {
    "citance_No": 6, 
    "citing_paper_id": "W07-0206", 
    "citing_paper_authority": 0, 
    "citing_paper_authors": "Kuzman, Ganchev | Fernando, Pereira", 
    "raw_text": "(1999), Peng and McCallum (2004), McCallum et al", 
    "clean_text": "", 
    "keep_for_gold": 0
  }, 
  {
    "citance_No": 7, 
    "citing_paper_id": "P05-1062", 
    "citing_paper_authority": 2, 
    "citing_paper_authors": "Kun, Yu | Gang, Guan | Ming, Zhou", 
    "raw_text": "For example, Peng and McCallum (2004) applied Conditional Random Fields to extract information, which draws together the advantages of both HMM and SVM", 
    "clean_text": "For example, Peng and McCallum (2004) applied Conditional Random Fields to extract information, which draws together the advantages of both HMM and SVM.", 
    "keep_for_gold": 0
  }, 
  {
    "citance_No": 8, 
    "citing_paper_id": "D07-1088", 
    "citing_paper_authority": 2, 
    "citing_paper_authors": "Donghui, Feng | Gully, Burns | Eduard, Hovy", 
    "raw_text": "This paper mainly focuses on the VP problem, since linguistic features for the HP problem is the general IE topic of much past research (e.g., Peng and McCallum, 2004)", 
    "clean_text": "This paper mainly focuses on the VP problem, since linguistic features for the HP problem is the general IE topic of much past research (e.g., Peng and McCallum, 2004).", 
    "keep_for_gold": 0
  }, 
  {
    "citance_No": 9, 
    "citing_paper_id": "D07-1088", 
    "citing_paper_authority": 2, 
    "citing_paper_authors": "Donghui, Feng | Gully, Burns | Eduard, Hovy", 
    "raw_text": "Recently an increasing number of research efforts on text mining and IE have used CRF models (e.g., Peng and McCallum, 2004)", 
    "clean_text": "Recently an increasing number of research efforts on text mining and IE have used CRF models (e.g., Peng and McCallum, 2004).", 
    "keep_for_gold": 0
  }, 
  {
    "citance_No": 10, 
    "citing_paper_id": "P05-1046", 
    "citing_paper_authority": 18, 
    "citing_paper_authors": "Trond, Grenager | Dan, Klein | Christopher D., Manning", 
    "raw_text": "More recently, Peng and McCallum (2004) applied super vised learning of Conditional Random Field (CRF) sequence models to the problem of parsing the head 377ers of research papers. There has also been some previous work on unsupervised learning of field segmentation models in particular domains", 
    "clean_text": "More recently, Peng and McCallum (2004) applied supervised learning of Conditional Random Field (CRF) sequence models to the problem of parsing the headers of research papers.", 
    "keep_for_gold": 0
  }, 
  {
    "citance_No": 11, 
    "citing_paper_id": "C08-1039", 
    "citing_paper_authority": 1, 
    "citing_paper_authors": "Gholamreza, Haffari | Anoop, Sarkar", 
    "raw_text": "In our experiments we use the bibliographic citation dataset described in (Peng and McCallum, 2004) (see Fig", 
    "clean_text": "In our experiments we use the bibliographic citation dataset described in (Peng and McCallum, 2004).", 
    "keep_for_gold": 0
  }, 
  {
    "citance_No": 12, 
    "citing_paper_id": "P05-1003", 
    "citing_paper_authority": 16, 
    "citing_paper_authors": "Andrew E., Smith | Trevor, Cohn | Miles, Osborne", 
    "raw_text": "In recent years, conditional random fields (CRFs) (Lafferty et al, 2001) have shown success on a number of natural language processing (NLP) tasks, including shallow parsing (Sha and Pereira, 2003), named entity recognition (McCallum and Li, 2003) and information extraction from research papers (Peng and McCallum, 2004)", 
    "clean_text": "In recent years, conditional random fields (CRFs) (Lafferty et al, 2001) have shown success on a number of natural language processing (NLP) tasks, including shallow parsing (Sha and Pereira, 2003), named entity recognition (McCallum and Li, 2003) and information extraction from research papers (Peng and McCallum, 2004).", 
    "keep_for_gold": 0
  }, 
  {
    "citance_No": 13, 
    "citing_paper_id": "D08-1112", 
    "citing_paper_authority": 18, 
    "citing_paper_authors": "Burr, Settles | Mark, Craven", 
    "raw_text": "CORA (Peng and McCallum, 2004) consists of two collections: a set of research paper headers annotated for entities such as title, author, and institution; and a collection of references annotated with BibTeX fields such as journal, year, and publisher", 
    "clean_text": "CORA (Peng and McCallum, 2004) consists of two collections: a set of research paper headers annotated for entities such as title, author, and institution; and a collection of references annotated with BibTeX fields such as journal, year, and publisher.", 
    "keep_for_gold": 1
  }, 
  {
    "citance_No": 14, 
    "citing_paper_id": "N06-1054", 
    "citing_paper_authority": 6, 
    "citing_paper_authors": "Roy W., Tromble | Jason M., Eisner", 
    "raw_text": "In bibliography entries (Peng and McCallum, 2004), a given field (author, title, etc.) should be filled by at most one substring of the input, and there are strong preferences on the co occurrence and order of certain fields", 
    "clean_text": "In bibliography entries (Peng and McCallum, 2004), a given field (author, title, etc.) should be filled by at most one substring of the input, and there are strong preferences on the cooccurrence and order of certain fields.", 
    "keep_for_gold": 0
  }, 
  {
    "citance_No": 15, 
    "citing_paper_id": "I08-2124", 
    "citing_paper_authority": 0, 
    "citing_paper_authors": "Donghui, Feng | Gully, Burns | Jingbo, Zhu | Eduard, Hovy", 
    "raw_text": "Reported work includes improved model variants (e.g., Jiao et al, 2006) and applications such as web data extraction (Pinto et al, 2003), scientific citation extraction (Peng and McCallum, 2004), word alignment (Blunsom and Cohn, 2006), and discourse level chunking (Feng et al, 2007)", 
    "clean_text": "", 
    "keep_for_gold": 0
  }, 
  {
    "citance_No": 16, 
    "citing_paper_id": "P06-1061", 
    "citing_paper_authority": 3, 
    "citing_paper_authors": "Zhenmei, Gu | Nick, Cercone", 
    "raw_text": "Examples of these models include maximum entropy Markov models (McCallum et al, 2000), Bayesianinformation extraction network (Peshkin and Pfeffer, 2003), and conditional random fields (Mc Callum, 2003) (Peng and McCallum, 2004)", 
    "clean_text": "Examples of these models include maximum entropy Markov models (McCallum et al, 2000), Bayesian information extraction network (Peshkin and Pfeffer, 2003), and conditional random fields (Mc Callum, 2003) (Peng and McCallum, 2004).", 
    "keep_for_gold": 0
  }, 
  {
    "citance_No": 17, 
    "citing_paper_id": "P12-1085", 
    "citing_paper_authority": 1, 
    "citing_paper_authors": "Jean-David, Ruvini | Khash, Rohanimanesh | Karin, Mauge", 
    "raw_text": "However, these works assume that property names are known in advance and focus on discovering values for these properties from very short product titles. Although we are primarily concerned with unsupervised property discovery, it is worth mentioning (Peng and McCallum, 2004) and (Ghani et al, 2006) who approached the problem using supervised ma chine learning techniques and require labeled data", 
    "clean_text": "Although we are primarily concerned with unsupervised property discovery, it is worth mentioning (Peng and McCallum, 2004) and (Ghani et al, 2006) who approached the problem using supervised machine learning techniques and require labeled data.", 
    "keep_for_gold": 0
  }
]
