[
  {
    "citance_No": 1, 
    "citing_paper_id": "W11-2112", 
    "citing_paper_authority": 4, 
    "citing_paper_authors": "Miguel, Rios | Wilker, Aziz | Lucia, Specia", 
    "raw_text": "et al (2009) uses Textual Entailment features extracted from the Standford Entailment Recognizer (MacCartney et al, 2006)", 
    "clean_text": "Pado et al. (2009) uses Textual Entailment features extracted from the Standford Entailment Recognizer (MacCartney et al, 2006).", 
    "keep_for_gold": 0
  }, 
  {
    "citance_No": 2, 
    "citing_paper_id": "W07-0211", 
    "citing_paper_authority": 0, 
    "citing_paper_authors": "Daniel, Micol | Oscar, Ferrandez | Rafael, Mu&ntilde;oz | Manuel, Palomar", 
    "raw_text": "Some authors have already designed similar matching techniques, such as the ones described in (MacCartney et al, 2006) and (Snow et al, 2006)", 
    "clean_text": "Some authors have already designed similar matching techniques, such as the ones described in (MacCartney et al, 2006) and (Snow et al, 2006).", 
    "keep_for_gold": 0
  }, 
  {
    "citance_No": 3, 
    "citing_paper_id": "D08-1084", 
    "citing_paper_authority": 17, 
    "citing_paper_authors": "Bill, MacCartney | Michel, Galley | Christopher D., Manning", 
    "raw_text": "Marsi and Krahmer (2005) and MacCartney et al (2006) first advocated pipelined system architectures containing a distinct alignment component, a strategy crucial to the top-performing systems of Hickl et al (2006) and Hickl and Bensley (2007) .However, each of these systems has pursued alignment in idiosyncratic and poorly-documented ways, often using proprietary data, making comparisons and further development difficult", 
    "clean_text": "Marsi and Krahmer (2005) and MacCartney et al (2006) first advocated pipelined system architectures containing a distinct alignment component, a strategy crucial to the top-performing systems of Hickl et al (2006) and Hickl and Bensley (2007).", 
    "keep_for_gold": 0
  }, 
  {
    "citance_No": 4, 
    "citing_paper_id": "D08-1084", 
    "citing_paper_authority": 17, 
    "citing_paper_authors": "Bill, MacCartney | Michel, Galley | Christopher D., Manning", 
    "raw_text": "We have previously emphasized (MacCartney et al, 2006) that there is more to inferential validity than close lexical or structural correspondence: negations ,modals ,non-factive and implicative verbs, and other linguistic constructs can affect validity in ways hard to capture in alignment. Nevertheless, alignment score can be a strong predictor of inferential validity, and some NLI systems (e.g., (Glickman et al, 2005)) rely entirely on some measure of alignment quality to predict validity", 
    "clean_text": "We have previously emphasized (MacCartney et al, 2006) that there is more to inferential validity than close lexical or structural correspondence: negations, modals, non-factive and implicative verbs, and other linguistic constructs can affect validity in ways hard to capture in alignment.", 
    "keep_for_gold": 1
  }, 
  {
    "citance_No": 5, 
    "citing_paper_id": "P08-1118", 
    "citing_paper_authority": 18, 
    "citing_paper_authors": "Marie-Catherine, de Marneffe | Anna N., Rafferty | Christopher D., Manning", 
    "raw_text": "Our system is based on the stage architecture of the Stanford RTE system (MacCartney et al, 2006), but adds a stage for event co reference decision", 
    "clean_text": "Our system is based on the stage architecture of the Stanford RTE system (MacCartney et al, 2006), but adds a stage for event coreference decision.", 
    "keep_for_gold": 0
  }, 
  {
    "citance_No": 6, 
    "citing_paper_id": "D10-1074", 
    "citing_paper_authority": 1, 
    "citing_paper_authors": "Chen, Zhang | Joyce, Chai", 
    "raw_text": "Based on this representation, we apply a two stage entailment process similar to MacCartney et al (2006) developed for textual entailment: an alignment stage fol lowed by an entailment stage", 
    "clean_text": "Based on this representation, we apply a two stage entailment process similar to MacCartney et al (2006) developed for textual entailment: an alignment stage followed by an entailment stage.", 
    "keep_for_gold": 0
  }, 
  {
    "citance_No": 7, 
    "citing_paper_id": "D10-1074", 
    "citing_paper_authority": 1, 
    "citing_paper_authors": "Chen, Zhang | Joyce, Chai", 
    "raw_text": "Given the clause representation, we follow the idea similar to MacCartney et al (2006), and predict the entailment decision in two stages of processing: (1) an alignment model aligns terms in the hypo the sis to terms in the conversation segment; and (2) an inference model predicts the entailment based on the alignment between the hypothesis and the conversation segment", 
    "clean_text": "Given the clause representation, we follow the idea similar to MacCartney et al (2006), and predict the entailment decision in two stages of processing: (1) an alignment model aligns terms in the hypothesis to terms in the conversation segment; and (2) an inference model predicts the entailment based on the alignment between the hypothesis and the conversation segment.", 
    "keep_for_gold": 0
  }, 
  {
    "citance_No": 8, 
    "citing_paper_id": "W09-2501", 
    "citing_paper_authority": 0, 
    "citing_paper_authors": "Marie-Catherine, de Marneffe | Sebastian, Pad&oacute; | Christopher D., Manning", 
    "raw_text": "We base our experiments on the Stanford RTE system which uses a staged architecture (MacCartney et al, 2006)", 
    "clean_text": "We base our experiments on the Stanford RTE system which uses a staged architecture (MacCartney et al, 2006).", 
    "keep_for_gold": 0
  }, 
  {
    "citance_No": 9, 
    "citing_paper_id": "C10-1131", 
    "citing_paper_authority": 13, 
    "citing_paper_authors": "Mengqiu, Wang | Christopher D., Manning", 
    "raw_text": "Later systems that include more linguistic features extracted from resources such as WordNet have enjoyed more success (MacCartney et al, 2006)", 
    "clean_text": "Later systems that include more linguistic features extracted from resources such as WordNet have enjoyed more success (MacCartney et al, 2006).", 
    "keep_for_gold": 0
  }, 
  {
    "citance_No": 10, 
    "citing_paper_id": "C10-1131", 
    "citing_paper_authority": 13, 
    "citing_paper_authors": "Mengqiu, Wang | Christopher D., Manning", 
    "raw_text": "Many of these features are inspired by MacCartney et al (2006) and Snow et al (2006), but not as sophisticated", 
    "clean_text": "Many of these features are inspired by MacCartney et al (2006) and Snow et al (2006), but not as sophisticated.", 
    "keep_for_gold": 0
  }, 
  {
    "citance_No": 11, 
    "citing_paper_id": "P09-1034", 
    "citing_paper_authority": 17, 
    "citing_paper_authors": "Sebastian, Pad&oacute; | Michel, Galley | Daniel, Jurafsky | Christopher D., Manning", 
    "raw_text": "The Stanford Entailment Recognizer (MacCartney et al, 2006) is a stochastic model that computes match and mismatch features for each premise hypothesis pair", 
    "clean_text": "The Stanford Entailment Recognizer (MacCartney et al, 2006) is a stochastic model that computes match and mismatch features for each premise hypothesis pair.", 
    "keep_for_gold": 0
  }, 
  {
    "citance_No": 12, 
    "citing_paper_id": "W10-3904", 
    "citing_paper_authority": 0, 
    "citing_paper_authors": "Koji, Murakami | Eric, Nichols | Junta, Mizuno | Yotaro, Watanabe | Hayato, Goto | Megumi, Ohki | Suguru, Matsuyoshi | Kentaro, Inui | Yuji, Matsumoto", 
    "raw_text": "It has a three-stage architecture similar to the RTE system of MacCartney et al (2006): 1", 
    "clean_text": "It has a three-stage architecture similar to the RTE system of MacCartney et al (2006).", 
    "keep_for_gold": 0
  }, 
  {
    "citance_No": 13, 
    "citing_paper_id": "W06-1673", 
    "citing_paper_authority": 22, 
    "citing_paper_authors": "Jenny Rose, Finkel | Christopher D., Manning | Andrew Y., Ng", 
    "raw_text": "MacCartney et al (2006) describe a system for doing robust textual inference", 
    "clean_text": "MacCartney et al (2006) describe a system for doing robust textual inference.", 
    "keep_for_gold": 0
  }
]
