[
  {
    "citance_No": 1, 
    "citing_paper_id": "W09-0436", 
    "citing_paper_authority": 6, 
    "citing_paper_authors": "Pi-Chuan, Chang | Daniel, Jurafsky | Christopher D., Manning", 
    "raw_text": "Chinese word segmentation is done by the Stanford Chinesesegmenter (Chang et al, 2008)", 
    "clean_text": "Chinese word segmentation is done by the Stanford Chinese segmenter (Chang et al, 2008).", 
    "keep_for_gold": 0
  }, 
  {
    "citance_No": 2, 
    "citing_paper_id": "P12-1018", 
    "citing_paper_authority": 3, 
    "citing_paper_authors": "Graham, Neubig | Taro, Watanabe | Shinsuke, Mori | Tatsuya, Kawahara", 
    "raw_text": "The most obvious example of this lies in languages that do not separate words with white space such as Chinese, Japanese, or Thai, in which the choice of a segmentation standard has a large effect on translation accuracy (Chang et al., 2008)", 
    "clean_text": "The most obvious example of this lies in languages that do not separate words with white space such as Chinese, Japanese, or Thai, in which the choice of a segmentation standard has a large effect on translation accuracy (Chang et al., 2008).", 
    "keep_for_gold": 0
  }, 
  {
    "citance_No": 3, 
    "citing_paper_id": "P11-2028", 
    "citing_paper_authority": 1, 
    "citing_paper_authors": "Maoxi, Li | Chengqing, Zong | Hwee Tou, Ng", 
    "raw_text": "It has been recognized that varying segmentation granularities are needed for SMT (Chang et al, 2008)", 
    "clean_text": "It has been recognized that varying segmentation granularities are needed for SMT (Chang et al, 2008).", 
    "keep_for_gold": 0
  }, 
  {
    "citance_No": 4, 
    "citing_paper_id": "D10-1062", 
    "citing_paper_authority": 6, 
    "citing_paper_authors": "Tagyoung, Chung | Daniel, Gildea", 
    "raw_text": "All Chinese data was re-segmented with the CRF-based Stanford Chinesesegmenter (Chang et al, 2008) that is trained onthe segmentation of the Chinese Treebank for consistency", 
    "clean_text": "All Chinese data was re-segmented with the CRF-based Stanford Chinese segmenter (Chang et al, 2008) that is trained on the segmentation of the Chinese Treebank for consistency.", 
    "keep_for_gold": 1
  }, 
  {
    "citance_No": 5, 
    "citing_paper_id": "P09-1088", 
    "citing_paper_authority": 37, 
    "citing_paper_authors": "Philip, Blunsom | Trevor, Cohn | Chris, Dyer | Miles, Osborne", 
    "raw_text": "The Chinese text was segmented with a CRF-based Chinesesegmenter optimized for MT (Chang et al, 2008)", 
    "clean_text": "The Chinese text was segmented with a CRF-based Chinesesegmenter optimized for MT (Chang et al, 2008).", 
    "keep_for_gold": 0
  }, 
  {
    "citance_No": 6, 
    "citing_paper_id": "P09-1087", 
    "citing_paper_authority": 13, 
    "citing_paper_authors": "Michel, Galley | Christopher D., Manning", 
    "raw_text": "Chinese words were automatically segmented with a conditional random field (CRF) classifier (Chang et al, 2008) that conforms to the Chinese Treebank (CTB) standard", 
    "clean_text": "Chinese words were automatically segmented with a conditional random field (CRF) classifier (Chang et al, 2008) that conforms to the Chinese Treebank (CTB) standard.", 
    "keep_for_gold": 0
  }, 
  {
    "citance_No": 7, 
    "citing_paper_id": "P14-1128", 
    "citing_paper_authority": 0, 
    "citing_paper_authors": "Xiaodong, Zeng | Lidia S., Chao | Derek F., Wong | Isabel, Trancoso | Liang, Tian", 
    "raw_text": "These models are conducive to MT to some extent, since they commonly have relatively good aggregate performance and segmentation consistency (Chang et al, 2008) .But one outstanding problem is that these models may leave out some crucial segmentation features for SMT, since the output words conform to the tree bank segmentation standard designed formonolingually linguistic intuition, rather than specific to the SMT task", 
    "clean_text": "These models are conducive to MT to some extent, since they commonly have relatively good aggregate performance and segmentation consistency (Chang et al, 2008). But one outstanding problem is that these models may leave out some crucial segmentation features for SMT, since the output words conform to the tree bank segmentation standard designed for monolingually linguistic intuition, rather than specific to the SMT task.", 
    "keep_for_gold": 0
  }, 
  {
    "citance_No": 8, 
    "citing_paper_id": "P14-1128", 
    "citing_paper_authority": 0, 
    "citing_paper_authors": "Xiaodong, Zeng | Lidia S., Chao | Derek F., Wong | Isabel, Trancoso | Liang, Tian", 
    "raw_text": "Chang et al (2008) enhanced a CRF s segmentation model in MT tasks by tuning the word granularity and improving the segmentation consistence", 
    "clean_text": "Chang et al (2008) enhanced a CRF s segmentation model in MT tasks by tuning the word granularity and improving the segmentation consistence.", 
    "keep_for_gold": 1
  }, 
  {
    "citance_No": 9, 
    "citing_paper_id": "P14-1128", 
    "citing_paper_authority": 0, 
    "citing_paper_authors": "Xiaodong, Zeng | Lidia S., Chao | Derek F., Wong | Isabel, Trancoso | Liang, Tian", 
    "raw_text": "Chang et al (2008) described constraint driven learning (CODL) that augments model learning on unlabeled data by adding a cost for violating expectations of constraint features designed by domain knowledge", 
    "clean_text": "Chang et al (2008) described constraint driven learning (CODL) that augments model learning on unlabeled data by adding a cost for violating expectations of constraint features designed by domain knowledge.", 
    "keep_for_gold": 0
  }, 
  {
    "citance_No": 10, 
    "citing_paper_id": "P14-1128", 
    "citing_paper_authority": 0, 
    "citing_paper_authors": "Xiaodong, Zeng | Lidia S., Chao | Derek F., Wong | Isabel, Trancoso | Liang, Tian", 
    "raw_text": "The optimal set of the mod el parameter values was found on dev MT to be k= 3, t AC= 0.0 and t COOC= 15.The comparison candidates also involve two popular off-the-shelf segmentation models:? Stanford Segmenter: this model, trained by Chang et al (2008), treats CWS as a binary word boundary decision task", 
    "clean_text": "The optimal set of the model parameter values was found on dev MT to be k= 3, t AC= 0.0 and t COOC= 15. The comparison candidates also involve two popular off-the-shelf segmentation models: Stanford Segmenter: this model, trained by Chang et al (2008), treats CWS as a binary word boundary decision task.", 
    "keep_for_gold": 0
  }, 
  {
    "citance_No": 11, 
    "citing_paper_id": "D09-1075", 
    "citing_paper_authority": 12, 
    "citing_paper_authors": "Tagyoung, Chung | Daniel, Gildea", 
    "raw_text": "Zhang et al (2008b) and Chang et al (2008) show that get ting the tokenization of one of the languages inthe corpus close to a gold standard does not necessarily help with building better machine translation systems", 
    "clean_text": "Zhang et al (2008b) and Chang et al (2008) show that get ting the tokenization of one of the languages in the corpus close to a gold standard does not necessarily help with building better machine translation systems.", 
    "keep_for_gold": 0
  }, 
  {
    "citance_No": 12, 
    "citing_paper_id": "D09-1075", 
    "citing_paper_authority": 12, 
    "citing_paper_authors": "Tagyoung, Chung | Daniel, Gildea", 
    "raw_text": "The third and fourth tokenizations come from the CRF-based Stanford Chinesesegmenter described by Chang et al (2008)", 
    "clean_text": "The third and fourth tokenizations come from the CRF-based Stanford Chinese segmenter described by Chang et al (2008).", 
    "keep_for_gold": 0
  }, 
  {
    "citance_No": 13, 
    "citing_paper_id": "D09-1075", 
    "citing_paper_authority": 12, 
    "citing_paper_authors": "Tagyoung, Chung | Daniel, Gildea", 
    "raw_text": "This affirms our be lief that consistency in tokenization is important for machine translation, which was also mentioned by Chang et al (2008)", 
    "clean_text": "This affirms our be lief that consistency in tokenization is important for machine translation, which was also mentioned by Chang et al (2008).", 
    "keep_for_gold": 0
  }, 
  {
    "citance_No": 14, 
    "citing_paper_id": "W10-1760", 
    "citing_paper_authority": 2, 
    "citing_paper_authors": "Michael, Paul | Andrew, Finch | Eiichiro, Sumita", 
    "raw_text": "The use of monolingual probabilistic models does not necessarily yield a better MT performance (Chang et al, 2008)", 
    "clean_text": "The use of monolingual probabilistic models does not necessarily yield a better MT performance (Chang et al, 2008).", 
    "keep_for_gold": 0
  }, 
  {
    "citance_No": 15, 
    "citing_paper_id": "W12-4207", 
    "citing_paper_authority": 2, 
    "citing_paper_authors": "Dan, Han | Katsuhito, Sudoh | Xianchao, Wu | Kevin, Duh | Hajime, Tsukada | Masaaki, Nagata", 
    "raw_text": "We used the Stanford Chinesesegmenter (Chang et al, 2008) and Stanford POStagger (Toutanova et al, 2003) to obtain the segmentation and POS-tagging of the Chinese side of the training, development, and test sets", 
    "clean_text": "", 
    "keep_for_gold": 0
  }, 
  {
    "citance_No": 16, 
    "citing_paper_id": "P12-1045", 
    "citing_paper_authority": 3, 
    "citing_paper_authors": "David, Chen", 
    "raw_text": "utexas.edu/ ?ml/clamp/navigation/tem, we first segmented the sentences using the Stanford Chinese Word Segmenter (Chang et al, 2008)", 
    "clean_text": "we first segmented the sentences using the Stanford Chinese Word Segmenter (Chang et al, 2008).", 
    "keep_for_gold": 0
  }, 
  {
    "citance_No": 17, 
    "citing_paper_id": "P13-1031", 
    "citing_paper_authority": 7, 
    "citing_paper_authors": "Spence, Green | Sida, Wang | Daniel, Cer | Christopher D., Manning", 
    "raw_text": "Discrimina3We tokenized the English with packages from the Stan ford Parser (Klein and Manning, 2003) according to the Penn Treebank standard (Marcus et al, 1993), the Arabic with the Stanford Arabicsegmenter (Green and DeNero, 2012) according to the Penn Arabic Treebank standard (Maamouri et al, 2008), and the Chinese with the Stanford Chinesesegmenter (Chang et al, 2008) according to the Penn Chinese Treebank standard (Xue et al, 2005)", 
    "clean_text": "We tokenized the English with packages from the Stan ford Parser (Klein and Manning, 2003) according to the Penn Treebank standard (Marcus et al, 1993), the Arabic with the Stanford Arabic segmenter (Green and DeNero, 2012) according to the Penn Arabic Treebank standard (Maamouri et al, 2008), and the Chinese with the Stanford Chinese segmenter (Chang et al, 2008) according to the Penn Chinese Treebank standard (Xue et al, 2005).", 
    "keep_for_gold": 0
  }, 
  {
    "citance_No": 18, 
    "citing_paper_id": "P14-1032", 
    "citing_paper_authority": 0, 
    "citing_paper_authors": "Liheng, Xu | Kang, Liu | Siwei, Lai | Jun, Zhao", 
    "raw_text": "For English corpora, the pre-processing are the same as that in (Qiu et al, 2009), and for Chinese corpora, the Stanford Word Segmenter (Changet al, 2008) is used to perform word segmentation", 
    "clean_text": "For English corpora, the pre-processing are the same as that in (Qiu et al, 2009), and for Chinese corpora, the Stanford Word Segmenter (Changet al, 2008) is used to perform word segmentation.", 
    "keep_for_gold": 0
  }, 
  {
    "citance_No": 19, 
    "citing_paper_id": "D09-1037", 
    "citing_paper_authority": 10, 
    "citing_paper_authors": "Trevor, Cohn | Philip, Blunsom", 
    "raw_text": "The Chinese text was segmented with a CRF-based Chinesesegmenter optimized for MT (Chang et al, 2008), and the English text was parsed using the Stanford parser (Klein and Manning, 2003)", 
    "clean_text": "The Chinese text was segmented with a CRF-based Chinese segmenter optimized for MT (Chang et al, 2008), and the English text was parsed using the Stanford parser (Klein and Manning, 2003).", 
    "keep_for_gold": 0
  }, 
  {
    "citance_No": 20, 
    "citing_paper_id": "P13-1167", 
    "citing_paper_authority": 2, 
    "citing_paper_authors": "Chris, Fournier", 
    "raw_text": "A variety of segmentation granularities, or atomic units, exist, including segmentations at the morpheme (e.g., Sirts and Aluma? e 2012), word (e.g., Chang et al 2008), sentence (e.g., Reynar and Ratnaparkhi 1997), and paragraph (e.g., Hearst 1997) levels", 
    "clean_text": "A variety of segmentation granularities, or atomic units, exist, including segmentations at the morpheme (e.g., Sirts and Alumae 2012), word (e.g., Chang et al 2008), sentence (e.g., Reynar and Ratnaparkhi 1997), and paragraph (e.g., Hearst 1997) levels.", 
    "keep_for_gold": 0
  }
]
