[
  {
    "citance_No": 1, 
    "citing_paper_id": "W02-1111", 
    "citing_paper_authority": 17, 
    "citing_paper_authors": "Gideon S., Mann", 
    "raw_text": "Berland and Charniak (1999) use Hearst style techniques to learn meronym relation ships (part-whole) from corpora", 
    "clean_text": "Berland and Charniak (1999) use Hearst style techniques to learn meronym relation ships (part-whole) from corpora.", 
    "keep_for_gold": 0
  }, 
  {
    "citance_No": 2, 
    "citing_paper_id": "P13-2095", 
    "citing_paper_authority": 0, 
    "citing_paper_authors": "Guido, Boella | Luigi, Di Caro", 
    "raw_text": "(Berland and Charniak, 1999) proposed similar lexico-syntactic patterns to extract part-whole relationships. (Del Gaudio and Branco, 2007) proposed a rule based approach to the extraction of hypernyms that, however, leads to very low accuracy values in terms of Precision", 
    "clean_text": "(Berland and Charniak, 1999) proposed similar lexico-syntactic patterns to extract part-whole relationships.", 
    "keep_for_gold": 0
  }, 
  {
    "citance_No": 3, 
    "citing_paper_id": "W06-2906", 
    "citing_paper_authority": 3, 
    "citing_paper_authors": "Nikesh, Garera | David, Yarowsky", 
    "raw_text": "The OtherY-Model performs particularly poorly on smaller data sizes, where coverage of the Hearst-style patterns maybe limited, as also observed by Berland and Charniak (1999)", 
    "clean_text": "The OtherY-Model performs particularly poorly on smaller data sizes, where coverage of the Hearst-style patterns maybe limited, as also observed by Berland and Charniak (1999).", 
    "keep_for_gold": 0
  }, 
  {
    "citance_No": 4, 
    "citing_paper_id": "P05-2009", 
    "citing_paper_authority": 0, 
    "citing_paper_authors": "Angus, Roberts", 
    "raw_text": "Recent work has applied lexical relation extraction to ontology learning (Maedche and Staab, 2004) .Berland and Charniak (1999) report what they believed to be the first work finding part-whole relations from unlabelled corpora", 
    "clean_text": "Berland and Charniak (1999) report what they believed to be the first work finding part-whole relations from unlabelled corpora.", 
    "keep_for_gold": 0
  }, 
  {
    "citance_No": 5, 
    "citing_paper_id": "H05-1112", 
    "citing_paper_authority": 6, 
    "citing_paper_authors": "Dan, Moldovan | Adriana, Badulescu", 
    "raw_text": "In 1999, Berland and Charniak (Berland and Charniak, 1999) applied statistical methods on a very large corpus to find PART-WHOLE relations. Following Hearst? s method for the automatic acquisition of hypernymy relations (Hearst, 1998), they used the genitive construction to detect PARTWHOLE relations based on a list of six seeds representing whole objects, (i.e. book, building, car, hospital, plant, and school)", 
    "clean_text": "In 1999, Berland and Charniak (Berland and Charniak, 1999) applied statistical methods on a very large corpus to find PART-WHOLE relations.", 
    "keep_for_gold": 0
  }, 
  {
    "citance_No": 6, 
    "citing_paper_id": "C04-1111", 
    "citing_paper_authority": 29, 
    "citing_paper_authors": "Patrick, Pantel | Deepak, Ravichandran | Eduard, Hovy", 
    "raw_text": "Berland and Charniak (1999) used similar pattern-based techniques and other heuristics to extract meronymy (part-whole) relations", 
    "clean_text": "Berland and Charniak (1999) used similar pattern-based techniques and other heuristics to extract meronymy (part-whole) relations.", 
    "keep_for_gold": 0
  }, 
  {
    "citance_No": 7, 
    "citing_paper_id": "P08-1077", 
    "citing_paper_authority": 22, 
    "citing_paper_authors": "Rahul, Bhagat | Deepak, Ravichandran", 
    "raw_text": "BerlandandCharniak (1999) used a similar method for extracting instances of meronymy relation", 
    "clean_text": "Berland and Charniak (1999) used a similar method for extracting instances of meronymy relation.", 
    "keep_for_gold": 0
  }, 
  {
    "citance_No": 8, 
    "citing_paper_id": "D09-1084", 
    "citing_paper_authority": 0, 
    "citing_paper_authors": "Danushka, Bollegala | Yutaka, Matsuo | Mitsuru, Ishizuka", 
    "raw_text": "Lexical patterns have been successfully used to represent various semantic relations between words such as hyper nymy (Hearst, 1992), and meronymy (BerlandandCharniak, 1999)", 
    "clean_text": "Lexical patterns have been successfully used to represent various semantic relations between words such as hypernymy (Hearst, 1992), and meronymy (Berland and Charniak, 1999).", 
    "keep_for_gold": 0
  }, 
  {
    "citance_No": 9, 
    "citing_paper_id": "P04-1019", 
    "citing_paper_authority": 19, 
    "citing_paper_authors": "Massimo, Poesio | Rahul, Mehta | Axel, Maroudas | Janet, Hitzeman", 
    "raw_text": "4A similar approach was pursued in parallel by Berland and Charniak (1999)", 
    "clean_text": "A similar approach was pursued in parallel by Berland and Charniak (1999).", 
    "keep_for_gold": 0
  }, 
  {
    "citance_No": 10, 
    "citing_paper_id": "P06-1040", 
    "citing_paper_authority": 16, 
    "citing_paper_authors": "Peter D., Turney", 
    "raw_text": "Berland and Charniak (1999) suggest their work may be useful for building a lexicon or ontology, like WordNet", 
    "clean_text": "Berland and Charniak (1999) suggest their work may be useful for building a lexicon or ontology, like WordNet.", 
    "keep_for_gold": 0
  }, 
  {
    "citance_No": 11, 
    "citing_paper_id": "P06-1040", 
    "citing_paper_authority": 16, 
    "citing_paper_authors": "Peter D., Turney", 
    "raw_text": "Berland and Charniak (1999) use Hearst? s manual procedure", 
    "clean_text": "Berland and Charniak (1999) use Hearst's manual procedure.", 
    "keep_for_gold": 0
  }, 
  {
    "citance_No": 12, 
    "citing_paper_id": "P13-1070", 
    "citing_paper_authority": 1, 
    "citing_paper_authors": "Shane, Bergsma | Benjamin, van Durme", 
    "raw_text": "In attribute extraction, typically one must choose between the precise results of rich pat terns (involving punctuation and parts-of-speech) applied to small corpora (Berland and Charniak, 1999) and the high-coverage results of superficial patterns applied to web-scale data ,e.g. via the Google API (Almuhareb and Poesio, 2004)", 
    "clean_text": "In attribute extraction, typically one must choose between the precise results of rich patterns (involving punctuation and parts-of-speech) applied to small corpora (Berland and Charniak, 1999) and the high-coverage results of superficial patterns applied to web-scale data, e.g. via the Google API (Almuhareb and Poesio, 2004).", 
    "keep_for_gold": 0
  }, 
  {
    "citance_No": 13, 
    "citing_paper_id": "P13-1070", 
    "citing_paper_authority": 1, 
    "citing_paper_authors": "Shane, Bergsma | Benjamin, van Durme", 
    "raw_text": "parts (Berland and Charniak, 1999)", 
    "clean_text": "Prior work has mostly focused on finding \"relevant\" attributes (Alfonseca et al., 2010) or \"correct\" parts (Berland and Charniak, 1999).", 
    "keep_for_gold": 0
  }, 
  {
    "citance_No": 14, 
    "citing_paper_id": "P13-1070", 
    "citing_paper_authority": 1, 
    "citing_paper_authors": "Shane, Bergsma | Benjamin, van Durme", 
    "raw_text": "Indeed, Berland and Charniak (1999) attempted to filter out attributes that were regarded as qualities (like drive ability) rather than parts (like steering wheels) by removing words ending with the suffixes -ness, -ing, and -ity", 
    "clean_text": "Indeed, Berland and Charniak (1999) attempted to filter out attributes that were regarded as qualities (like drive ability) rather than parts (like steering wheels) by removing words ending with the suffixes -ness, -ing, and -ity.", 
    "keep_for_gold": 1
  }, 
  {
    "citance_No": 15, 
    "citing_paper_id": "P10-1135", 
    "citing_paper_authority": 1, 
    "citing_paper_authors": "Ashwin, Ittoo | Gosse, Bouma", 
    "raw_text": "Also, previous relation extraction work, 1http: //projects.ldc.upenn.edu/ace/ such as Berland and Charniak (1999) and Girju et al", 
    "clean_text": "Also, previous relation extraction work, http: //projects.ldc.upenn.edu/ace/ such as Berland and Charniak (1999) and Girju et al.", 
    "keep_for_gold": 0
  }, 
  {
    "citance_No": 16, 
    "citing_paper_id": "N04-1041", 
    "citing_paper_authority": 43, 
    "citing_paper_authors": "Patrick, Pantel | Deepak, Ravichandran", 
    "raw_text": "Berland and Charniak (1999) used similar pattern-based techniques and other heuristics to extract meronymy (part-whole) relations", 
    "clean_text": "Berland and Charniak (1999) used similar pattern-based techniques and other heuristics to extract meronymy (part-whole) relations.", 
    "keep_for_gold": 0
  }, 
  {
    "citance_No": 17, 
    "citing_paper_id": "P06-1015", 
    "citing_paper_authority": 74, 
    "citing_paper_authors": "Patrick, Pantel | Marco, Pennacchiotti", 
    "raw_text": "Berland and Charniak (1999) proposed a system for part-of relation extraction, based on the (Hearst 1992) approach", 
    "clean_text": "Berland and Charniak (1999) proposed a system for part-of relation extraction, based on the (Hearst 1992) approach.", 
    "keep_for_gold": 0
  }, 
  {
    "citance_No": 18, 
    "citing_paper_id": "P06-1038", 
    "citing_paper_authority": 25, 
    "citing_paper_authors": "Dmitry, Davidov | Ari, Rappoport", 
    "raw_text": "(Berland and Charniak, 1999) use hand crafted patterns to discover part-of (meronymy) relation ships, and (Chklovski and Pantel, 2004) discover various interesting relations between verbs", 
    "clean_text": "(Berland and Charniak, 1999) use hand crafted patterns to discover part-of (meronymy) relation ships, and (Chklovski and Pantel, 2004) discover various interesting relations between verbs.", 
    "keep_for_gold": 0
  }, 
  {
    "citance_No": 19, 
    "citing_paper_id": "H05-1043", 
    "citing_paper_authority": 117, 
    "citing_paper_authors": "Ana-Maria, Popescu | Oren, Etzioni", 
    "raw_text": "OPINE? s use of meronymy lexico-syntactic patterns is similar to that of many others, from (Berland and Charniak, 1999) to (Almuhareb and Poesio, 2004)", 
    "clean_text": "OPINE's use of meronymy lexico-syntactic patterns is similar to that of many others, from (Berland and Charniak, 1999) to (Almuhareb and Poesio, 2004).", 
    "keep_for_gold": 0
  }, 
  {
    "citance_No": 20, 
    "citing_paper_id": "P07-2036", 
    "citing_paper_authority": 1, 
    "citing_paper_authors": "Eiko, Yamamoto | Hitoshi, Isahara", 
    "raw_text": "relation (Berland and Charniak 1999), causal relation (Girju 2003), and entailment relation (Geffet and Dagan 2005)", 
    "clean_text": "relation (Berland and Charniak 1999), causal relation (Girju 2003), and entailment relation (Geffet and Dagan 2005).", 
    "keep_for_gold": 0
  }
]
