[
  {
    "citance_No": 1, 
    "citing_paper_id": "P12-2024", 
    "citing_paper_authority": 12, 
    "citing_paper_authors": "Yashar, Mehdad | Matteo, Negri | Marcello, Federico", 
    "raw_text": "task at SemEval-2012 (Negri et al, 2012)", 
    "clean_text": "Recently, a new dataset including \"Unknown\" pairs has been used in the \"Cross-Lingual Textual Entailment for Content Synchronization\" task at SemEval-2012 (Negri et al, 2012).", 
    "keep_for_gold": 0
  }, 
  {
    "citance_No": 2, 
    "citing_paper_id": "S12-1106", 
    "citing_paper_authority": 1, 
    "citing_paper_authors": "Esteban, Castillo | Darnes, Vilari&Atilde;&plusmn;o | Saul, Le&Atilde;&sup3;n | David, Pinto | Mireya, Tovar", 
    "raw_text": "(Negriet al, 2012)", 
    "clean_text": "", 
    "keep_for_gold": 0
  }, 
  {
    "citance_No": 3, 
    "citing_paper_id": "S12-1102", 
    "citing_paper_authority": 7, 
    "citing_paper_authors": "Claudia, Becerra | Sergio, Jimenez | Alexander F., Gelbukh", 
    "raw_text": "For a comprehensive description of the task see (Negri et al, 2012)", 
    "clean_text": "For a comprehensive description of the task see (Negri et al, 2012).", 
    "keep_for_gold": 0
  }, 
  {
    "citance_No": 4, 
    "citing_paper_id": "S12-1108", 
    "citing_paper_authority": 3, 
    "citing_paper_authors": "Fandong, Meng | Hao, Xiong | Qun, Liu", 
    "raw_text": "The Cross-Lingual Textual Entailment task addresses textual entailment (TE) recognition under a new dimension (cross-linguality), and within a new challenging application scenario (content synchronization) Readers can refer to M. Negri et al 2012.s., for more detailed introduction", 
    "clean_text": "Readers can refer to M. Negri et al 2012.s., for more detailed introduction.", 
    "keep_for_gold": 0
  }, 
  {
    "citance_No": 5, 
    "citing_paper_id": "S12-1065", 
    "citing_paper_authority": 3, 
    "citing_paper_authors": "Felipe, S&Atilde;&iexcl;nchez-Mart&Atilde;&not;nez | Miquel, Espl&Atilde;&nbsp;-Gomis | Mikel L., Forcada", 
    "raw_text": "Spanish data sets provided in the task 8 of SemEval 2012 (Negri et al, 2012) .Datasets", 
    "clean_text": "Spanish data sets provided in the task 8 of SemEval 2012 (Negri et al, 2012).", 
    "keep_for_gold": 0
  }, 
  {
    "citance_No": 6, 
    "citing_paper_id": "S12-1064", 
    "citing_paper_authority": 3, 
    "citing_paper_authors": "Sascha, Fendrich | Katharina, W&Atilde;&curren;schle", 
    "raw_text": "The SemEval-2012 CLTE task (Negri et al, 2012) asks participants to judge entailment pairs in four language combinations1, defining four target entailment relations, for ward, backward, bidirectional and no entailment. We investigate this problem in a statistical learning framework, which allows us to combine cross lingual word alignment features as well as common1Spanish-English (es-en), Italian-English (it-en), French English (fr-en) and German-English (de-en) .monolingual entailment metrics, such as bag-of words overlap, edit distance and monolingual alignments on translations of T and H, using standard statistical machine translation (SMT) tools and re sources", 
    "clean_text": "The SemEval-2012 CLTE task (Negri et al, 2012) asks participants to judge entailment pairs in four language combinations, defining four target entailment relations, for ward, backward, bidirectional and no entailment.", 
    "keep_for_gold": 0
  }, 
  {
    "citance_No": 7, 
    "citing_paper_id": "S12-1107", 
    "citing_paper_authority": 2, 
    "citing_paper_authors": "Alpar, Perini", 
    "raw_text": "Cross-Lingual Text Entailment (CLTE), besides introducing the extra dimension of cross-linguality, also requires to determine the exact direction of the entailment relation, to provide content synchronization (Negri et al, 2012)", 
    "clean_text": "Cross-Lingual Text Entailment (CLTE), besides introducing the extra dimension of cross-linguality, also requires to determine the exact direction of the entailment relation, to provide content synchronization (Negri et al, 2012).", 
    "keep_for_gold": 0
  }, 
  {
    "citance_No": 8, 
    "citing_paper_id": "S12-1107", 
    "citing_paper_authority": 2, 
    "citing_paper_authors": "Alpar, Perini", 
    "raw_text": "In this paper we have presented the DirRelCond3 systems that participated at the CLTE task (Negri et al., 2012) from SemEval-2012", 
    "clean_text": "In this paper we have presented the DirRelCond3 systems that participated at the CLTE task (Negri et al., 2012) from SemEval-2012.", 
    "keep_for_gold": 0
  }
]
