[
  {
    "citance_No": 1, 
    "citing_paper_id": "P04-1066", 
    "citing_paper_authority": 28, 
    "citing_paper_authors": "Robert C., Moore", 
    "raw_text": "was the Model 1 score (Och et al, 2004)", 
    "clean_text": "Furthermore, at the 2003 Johns Hopkins summer workshop on statistical machine translation, a large number of features were tested to discover which ones could improve a state-of-the-art translation system, and the only feature that produced a 'truly significant improvement' was the Model 1 score (Och et al., 2004).", 
    "keep_for_gold": 1
  }, 
  {
    "citance_No": 2, 
    "citing_paper_id": "W06-2606", 
    "citing_paper_authority": 7, 
    "citing_paper_authors": "Sa&scaron;a, Hasan | Oliver, Bender | Hermann, Ney", 
    "raw_text": "In (Och et al, 2004), the effects of integrating syntactic structure into a state-of-the-art statistical machine translation system are investigated", 
    "clean_text": "In (Och et al, 2004), the effects of integrating syntactic structure into a state-of-the-art statistical machine translation system are investigated.", 
    "keep_for_gold": 1
  }, 
  {
    "citance_No": 3, 
    "citing_paper_id": "W06-2606", 
    "citing_paper_authority": 7, 
    "citing_paper_authors": "Sa&scaron;a, Hasan | Oliver, Bender | Hermann, Ney", 
    "raw_text": "Although the improvement on the IWSLT? 04 set is only moderate, the results are nevertheless comparable or better to the ones from (Och et al, 2004), where, starting from IBM model 1 baseline, an additional improvement of only 0.4% BLEU was achieved using more complex methods. For the maximum-entropy based chunking approach, n-grams with n= 4 work best for thechunker that is trained on WSJ data", 
    "clean_text": "Although the improvement on the IWSLT 04 set is only moderate, the results are nevertheless comparable or better to the ones from (Och et al, 2004).", 
    "keep_for_gold": 0
  }, 
  {
    "citance_No": 4, 
    "citing_paper_id": "P11-1063", 
    "citing_paper_authority": 6, 
    "citing_paper_authors": "Lane, Schwartz | Chris, Callison-Burch | William, Schuler | Stephen, Wu", 
    "raw_text": "Bottom-up and top-down parsers typically require a completed string as input; this requirement makes it difficult to incorporate these parsers into phrase-based translation, which generates hypo the sized translations incrementally, from left-to-right.1 As a workaround, parsers can rerank the translated output of translation systems (Och et al, 2004)", 
    "clean_text": "As a workaround, parsers can rerank the translated output of translation systems (Och et al, 2004).", 
    "keep_for_gold": 0
  }, 
  {
    "citance_No": 5, 
    "citing_paper_id": "P12-1101", 
    "citing_paper_authority": 7, 
    "citing_paper_authors": "Adam, Pauls | Dan, Klein", 
    "raw_text": "sentences by automatically inserting a single error into grammatical sentences with a script that randomly deletes, inserts, or misspells a word; and Och et al (2004) and Cherry and Quirk (2008) both use the 1-best output of a machine translation system", 
    "clean_text": "Och et al (2004) and Cherry and Quirk (2008) both use the 1-best output of a machine translation system.", 
    "keep_for_gold": 0
  }, 
  {
    "citance_No": 6, 
    "citing_paper_id": "P12-1101", 
    "citing_paper_authority": 7, 
    "citing_paper_authors": "Adam, Pauls | Dan, Klein", 
    "raw_text": "The latter report results for two binary classifiers: RERANK uses the re ranking features of Charniak and Johnson (2005), and TSGuses8Och et al (2004) also report using a parser probability normalized by the unigram probability (but not length), and did not find it effective", 
    "clean_text": "Och et al (2004) also report using a parser probability normalized by the unigram probability (but not length), and did not find it effective.", 
    "keep_for_gold": 0
  }, 
  {
    "citance_No": 7, 
    "citing_paper_id": "P12-1101", 
    "citing_paper_authority": 7, 
    "citing_paper_authors": "Adam, Pauls | Dan, Klein", 
    "raw_text": "5.3.3 Machine Translation Classification We follow Och et al (2004) and Cherry and Quirk (2008) in evaluating our language models on their ability to distinguish the 1-best output of a machine translation system from a reference translation in a pairwise fashion", 
    "clean_text": "We follow Och et al (2004) and Cherry and Quirk (2008) in evaluating our language models on their ability to distinguish the 1-best output of a machine translation system from a reference translation in a pairwise fashion.", 
    "keep_for_gold": 0
  }, 
  {
    "citance_No": 8, 
    "citing_paper_id": "N07-1061", 
    "citing_paper_authority": 17, 
    "citing_paper_authors": "Masao, Utiyama | Hitoshi, Isahara", 
    "raw_text": "The Direct SMT systems had 7.3 to 8A typical re ranking approach to SMT (Och et al, 2004) uses a 1000? best list", 
    "clean_text": "A typical reranking approach to SMT (Och et al, 2004) uses a 1000 best list.", 
    "keep_for_gold": 0
  }, 
  {
    "citance_No": 9, 
    "citing_paper_id": "P13-1032", 
    "citing_paper_authority": 1, 
    "citing_paper_authors": "Minwei, Feng | Jan-Thorsten, Peter | Hermann, Ney", 
    "raw_text": "(Och et al, 2004) describe the use of syntactic features in the rescoring step", 
    "clean_text": "(Och et al, 2004) describe the use of syntactic features in the rescoring step.", 
    "keep_for_gold": 0
  }, 
  {
    "citance_No": 10, 
    "citing_paper_id": "C10-1043", 
    "citing_paper_authority": 25, 
    "citing_paper_authors": "Dmitriy, Genzel", 
    "raw_text": "Many solutions to the reordering problem have been proposed ,e.g. syntax-based models (Chiang, 2005) ,lexicalized reordering (Och et al, 2004), and tree-to-string methods (Zhang et al,2006)", 
    "clean_text": "Many solutions to the reordering problem have been proposed ,e.g. syntax-based models (Chiang, 2005), lexicalized reordering (Och et al, 2004), and tree-to-string methods (Zhang et al,2006).", 
    "keep_for_gold": 0
  }, 
  {
    "citance_No": 11, 
    "citing_paper_id": "W07-0401", 
    "citing_paper_authority": 16, 
    "citing_paper_authors": "Yuqi, Zhang | Richard, Zens | Hermann, Ney", 
    "raw_text": "(Och et al, 2004) and (Shen et al, 2004) describe the use of syntactic features in re ranking the output of a full translation system, but the syntactic features give very small gains", 
    "clean_text": "(Och et al, 2004) and (Shen et al, 2004) describe the use of syntactic features in reranking the output of a full translation system, but the syntactic features give very small gains.", 
    "keep_for_gold": 0
  }, 
  {
    "citance_No": 12, 
    "citing_paper_id": "C10-1009", 
    "citing_paper_authority": 3, 
    "citing_paper_authors": "Graeme, Blackwood | Adri&agrave; de, Gispert | William, Byrne", 
    "raw_text": "Oracle BLEU scores computed over k-best lists (Och et al, 2004) show that many high quality hypotheses are produced by first-pass SMT decoding", 
    "clean_text": "Oracle BLEU scores computed over k-best lists (Och et al, 2004) show that many high quality hypotheses are produced by first-pass SMT decoding.", 
    "keep_for_gold": 0
  }, 
  {
    "citance_No": 13, 
    "citing_paper_id": "W09-1804", 
    "citing_paper_authority": 7, 
    "citing_paper_authors": "Tugba, Bodrumlu | Kevin, Knight | Sujith, Ravi", 
    "raw_text": "Other down stream processes exploit dictionaries derived by alignment, in order to translate queries in cross lingual IR (Scho ?nhofen et al, 2008) or re-score candidate translation outputs (Och et al, 2004)", 
    "clean_text": "Other downstream processes exploit dictionaries derived by alignment, in order to translate queries in cross lingual IR (Schonhofen et al, 2008) or re-score candidate translation outputs (Och et al, 2004).", 
    "keep_for_gold": 0
  }, 
  {
    "citance_No": 14, 
    "citing_paper_id": "D11-1080", 
    "citing_paper_authority": 5, 
    "citing_paper_authors": "Christof, Monz", 
    "raw_text": "3Despite the notational similarities, our approach should not be confused with projected POS models, which use source side POS tags to model reordering (Och et al, 2004)", 
    "clean_text": "Despite the notational similarities, our approach should not be confused with projected POS models, which use source side POS tags to model reordering (Och et al, 2004).", 
    "keep_for_gold": 0
  }, 
  {
    "citance_No": 15, 
    "citing_paper_id": "D09-1022", 
    "citing_paper_authority": 24, 
    "citing_paper_authors": "Arne, Mauser | Sa&scaron;a, Hasan | Hermann, Ney", 
    "raw_text": "We compared these results against an inverse IBM model 1 but the results were inconclusive which is consistent with the results presented in (Och et al, 2004) where no improvements were achieved using p (e|f)", 
    "clean_text": "We compared these results against an inverse IBM model 1 but the results were inconclusive which is consistent with the results presented in (Och et al, 2004) where no improvements were achieved using p (e|f).", 
    "keep_for_gold": 0
  }, 
  {
    "citance_No": 16, 
    "citing_paper_id": "N07-1007", 
    "citing_paper_authority": 5, 
    "citing_paper_authors": "Kristina, Toutanova | Hisami, Suzuki", 
    "raw_text": "To our knowledge, this is the first work to integrate a grammatical element production model in an SMT system and to evaluate its impact in the context of end-to end MT. A common approach of integrating new mod els with a statistical MT system is to add them as new feature functions which are used in decoding or in models which re-rank n-best lists from the MT system (Och et al, 2004)", 
    "clean_text": "A common approach of integrating new models with a statistical MT system is to add them as new feature functions which are used in decoding or in models which re-rank n-best lists from the MT system (Och et al, 2004).", 
    "keep_for_gold": 0
  }, 
  {
    "citance_No": 17, 
    "citing_paper_id": "N07-1007", 
    "citing_paper_authority": 5, 
    "citing_paper_authors": "Kristina, Toutanova | Hisami, Suzuki", 
    "raw_text": "Case markers to be predicted 50 where \u0000 j are the model parameters and fj (t) is the value of the feature function j on the candidate t. There are ten feature functions in the tree let system, including log-probabilities according to inverted and direct channel models estimated by relative frequency, lexical weighting channel models following Vogel et al (2003), a trigram target language model, an order model, word count, phrase count, average phrase size functions, and whole-sentence IBM Model 1 log probabilities in both directions (Och et al 2004)", 
    "clean_text": "There are ten feature functions in the treelet system, including log-probabilities according to inverted and direct channel models estimated by relative frequency, lexical weighting channel models following Vogel et al. (2003), a trigram target language model, an order model, word count, phrase count, average phrase size functions, and whole-sentence IBM Model 1 logprobabilities in both directions (Och et al. 2004).", 
    "keep_for_gold": 0
  }, 
  {
    "citance_No": 18, 
    "citing_paper_id": "N07-1007", 
    "citing_paper_authority": 5, 
    "citing_paper_authors": "Kristina, Toutanova | Hisami, Suzuki", 
    "raw_text": "Such an approach has been taken by Och et al (2004) for integrating sophisticated syntax-informed models in a phrase based SMT system", 
    "clean_text": "Such an approach has been taken by Och et al (2004) for integrating sophisticated syntax-informed models in a phrase based SMT system.", 
    "keep_for_gold": 0
  }, 
  {
    "citance_No": 19, 
    "citing_paper_id": "N07-1007", 
    "citing_paper_authority": 5, 
    "citing_paper_authors": "Kristina, Toutanova | Hisami, Suzuki", 
    "raw_text": "This method is a straightforward application of the n-best re-ranking approach described in Och et al (2004)", 
    "clean_text": "This method is a straightforward application of the n-best re-ranking approach described in Och et al (2004).", 
    "keep_for_gold": 0
  }, 
  {
    "citance_No": 20, 
    "citing_paper_id": "P06-2093", 
    "citing_paper_authority": 17, 
    "citing_paper_authors": "Holger, Schwenk | Daniel, D&eacute;chelotte | Jean-Luc, Gauvain", 
    "raw_text": "Many different feature functions were explored in (Och et al, 2004)", 
    "clean_text": "Many different feature functions were explored in (Och et al, 2004).", 
    "keep_for_gold": 0
  }
]
