[
  {
    "citance_No": 1, 
    "citing_paper_id": "P13-2008", 
    "citing_paper_authority": 0, 
    "citing_paper_authors": "Chenguang, Wang | Nan, Duan | Ming, Zhou | Ming, Zhang", 
    "raw_text": "Researcher s have made great efforts to improve paraphrasing from different perspectives, such as paraphrase ex traction (Zhao et al, 2007), paraphrase generation (Quirk et al, 2004), model optimization (Zhao et al., 2009) and etc. But as far as we know, none of previous work has explored the impact of using a well designed paraphrasing engine for web search ranking task specifically", 
    "clean_text": "Researchers have made great efforts to improve paraphrasing from different perspectives, such as paraphrase extraction (Zhao et al, 2007), paraphrase generation (Quirk et al, 2004), model optimization (Zhao et al., 2009) and etc.", 
    "keep_for_gold": 0
  }, 
  {
    "citance_No": 2, 
    "citing_paper_id": "P13-2008", 
    "citing_paper_authority": 0, 
    "citing_paper_authors": "Chenguang, Wang | Nan, Duan | Ming, Zhou | Ming, Zhang", 
    "raw_text": "Zhao et al (2009) proposes an unified paraphrasing framework that can be adapted to different applications using different usability models", 
    "clean_text": "Zhao et al (2009) proposes an unified paraphrasing framework that can be adapted to different applications using different usability models.", 
    "keep_for_gold": 0
  }, 
  {
    "citance_No": 3, 
    "citing_paper_id": "D10-1050", 
    "citing_paper_authority": 6, 
    "citing_paper_authors": "Kristian, Woodsend | Yansong, Feng | Mirella, Lapata", 
    "raw_text": "Notable exceptions are Cohn and Lapata (2008) and Zhao et al (2009) who present a model that can both compress and paraphrase individual sentences without however generating document-level summaries", 
    "clean_text": "Notable exceptions are Cohn and Lapata (2008) and Zhao et al (2009) who present a model that can both compress and paraphrase individual sentences without however generating document-level summaries.", 
    "keep_for_gold": 0
  }, 
  {
    "citance_No": 4, 
    "citing_paper_id": "W11-2128", 
    "citing_paper_authority": 2, 
    "citing_paper_authors": "Yuval, Marton | Ahmed, El Kholy | Nizar, Habash", 
    "raw_text": "Zhao et al (2008) apply SMT-style decoding for paraphrasing, using several log linear weighted resources while Zhao et al (2009) filter out paraphrase candidate sand weight paraphrase features according to the desired NLP task", 
    "clean_text": "Zhao et al (2008) apply SMT-style decoding for paraphrasing, using several log linear weighted resources while Zhao et al (2009) filter out paraphrase candidates and weight paraphrase features according to the desired NLP task.", 
    "keep_for_gold": 0
  }, 
  {
    "citance_No": 5, 
    "citing_paper_id": "C10-1149", 
    "citing_paper_authority": 8, 
    "citing_paper_authors": "Shiqi, Zhao | Haifeng, Wang | Xiang, Lan | Ting, Liu", 
    "raw_text": "The results show that: (1) al though the candidate paraphrases acquired by MTengines are noisy, they provide good raw materials for further paraphrase generation; (2) the selection-based technique is effective, which results in the best performance; (3) the decoding based technique is promising, which can generate paraphrases that are different from the candidates; (4) both the selection-based and decoding-based techniques outperform a state-of-the-art approach SPG (Zhao et al, 2009)", 
    "clean_text": "The results show that: (1) although the candidate paraphrases acquired by MT engines are noisy, they provide good raw materials for further paraphrase generation; (2) the selection-based technique is effective, which results in the best performance; (3) the decoding based technique is promising, which can generate paraphrases that are different from the candidates; (4) both the selection-based and decoding-based techniques outperform a state-of-the-art approach SPG (Zhao et al, 2009).", 
    "keep_for_gold": 0
  }, 
  {
    "citance_No": 6, 
    "citing_paper_id": "C10-1149", 
    "citing_paper_authority": 8, 
    "citing_paper_authors": "Shiqi, Zhao | Haifeng, Wang | Xiang, Lan | Ting, Liu", 
    "raw_text": "Zhao et al (2009) further improved the method by introducing a usability sub-model into the paraphrase model so as to generate varied paraphrases for different applications", 
    "clean_text": "Zhao et al (2009) further improved the method by introducing a usability sub-model into the paraphrase model so as to generate varied paraphrases for different applications.", 
    "keep_for_gold": 0
  }, 
  {
    "citance_No": 7, 
    "citing_paper_id": "C10-1149", 
    "citing_paper_authority": 8, 
    "citing_paper_authors": "Shiqi, Zhao | Haifeng, Wang | Xiang, Lan | Ting, Liu", 
    "raw_text": "Thus we combine them in this paper. We compare our method with a state-of-the art approach SPG6 (Zhao et al, 2009), which is a statistical approach specially designed for PG", 
    "clean_text": "We compare our method with a state-of-the art approach SPG (Zhao et al, 2009), which is a statistical approach specially designed for PG.", 
    "keep_for_gold": 0
  }, 
  {
    "citance_No": 8, 
    "citing_paper_id": "W11-1602", 
    "citing_paper_authority": 0, 
    "citing_paper_authors": "Houda, Bouamor | Aur&eacute;lien, Max | Gabriel, Illouz | Anne, Vilnat", 
    "raw_text": "The general idea is not anymore to pro duce a text from data, but to transform a text so as to ensure that it has desirable properties appropriate for some intended application (Zhao et al, 2009)", 
    "clean_text": "The general idea is not anymore to produce a text from data, but to transform a text so as to ensure that it has desirable properties appropriate for some intended application (Zhao et al, 2009).", 
    "keep_for_gold": 0
  }, 
  {
    "citance_No": 9, 
    "citing_paper_id": "W11-2701", 
    "citing_paper_authority": 1, 
    "citing_paper_authors": "Dimitrios, Galanis | Ion, Androutsopoulos", 
    "raw_text": "In machine translation, n-gram-based evaluation measures like BLEU have been criticized exactly because they can not cope sufficiently well with paraphrases (Callison-Burch et al, 2006), which play a central role in abstractive sentence compression (Zhao et al, 2009a) .1 Although it is difficult to construct datasets forend-to-end automatic evaluation of abstractive sentence compression methods, it is possible to construct datasets to evaluate the ranking components of generate-and-rank abstractive sentence compressors ,i.e., compressors that first generate a large set of candidate abstractive (and possibly also extractive) compressions of the source and then rank them to select the best one", 
    "clean_text": "In machine translation, n-gram-based evaluation measures like BLEU have been criticized exactly because they can not cope sufficiently well with paraphrases (Callison-Burch et al, 2006), which play a central role in abstractive sentence compression (Zhao et al, 2009a).", 
    "keep_for_gold": 0
  }, 
  {
    "citance_No": 10, 
    "citing_paper_id": "W11-2701", 
    "citing_paper_authority": 1, 
    "citing_paper_authors": "Dimitrios, Galanis | Ion, Androutsopoulos", 
    "raw_text": "The candidate compressions were generated by first using GA-EXTR and then applying existing paraphrasing rules (Zhao et al, 2009b) to the best extractive compressions of GA-EXTR", 
    "clean_text": "The candidate compressions were generated by first using GA-EXTR and then applying existing paraphrasing rules (Zhao et al, 2009b) to the best extractive compressions of GA-EXTR.", 
    "keep_for_gold": 0
  }, 
  {
    "citance_No": 11, 
    "citing_paper_id": "W11-2701", 
    "citing_paper_authority": 1, 
    "citing_paper_authors": "Dimitrios, Galanis | Ion, Androutsopoulos", 
    "raw_text": "More recently, Zhao et al (2009a) presented asentence paraphrasing method that can be con fig ured for different tasks, including a form of sentence compression", 
    "clean_text": "More recently, Zhao et al (2009a) presented a sentence paraphrasing method that can be configured for different tasks, including a form of sentence compression.", 
    "keep_for_gold": 1
  }, 
  {
    "citance_No": 12, 
    "citing_paper_id": "W11-2701", 
    "citing_paper_authority": 1, 
    "citing_paper_authors": "Dimitrios, Galanis | Ion, Androutsopoulos", 
    "raw_text": "We actually used only 346of the 570 source sentences of Cohn and Lapata, re serving the remaining 224 for further experiments.4To obtain candidate compressions, we first applied GA-EXTR to the 346 source sentences, and we then applied the paraphrasing rules of Zhao et al (2009b) to the resulting extractive compressions; we provide more information about GA-EXTR and the paraphrasing rules below", 
    "clean_text": "To obtain candidate compressions, we first applied GA-EXTR to the 346 source sentences, and we then applied the paraphrasing rules of Zhao et al (2009b) to the resulting extractive compressions; we provide more information about GA-EXTR and the paraphrasing rules below.", 
    "keep_for_gold": 0
  }, 
  {
    "citance_No": 13, 
    "citing_paper_id": "W11-2701", 
    "citing_paper_authority": 1, 
    "citing_paper_authors": "Dimitrios, Galanis | Ion, Androutsopoulos", 
    "raw_text": "We repeated this process in a breadth-first manner, allowing up to at mostrulemax= 5 rule applications to an extractive candidate eij ,i.e., up to depth six in Figure 1, and up to a total of abstrmax= 50 abstractive candidates per eij. Zhao et al (2009b) associate each paraphrasing rule with a score, intended to indicate its quality.6Whenever multiple paraphrasing rules could be applied, we applied the rule with the highest score first", 
    "clean_text": "Zhao et al (2009b) associate each paraphrasing rule with a score, intended to indicate its quality.", 
    "keep_for_gold": 0
  }, 
  {
    "citance_No": 14, 
    "citing_paper_id": "W11-2701", 
    "citing_paper_authority": 1, 
    "citing_paper_authors": "Dimitrios, Galanis | Ion, Androutsopoulos", 
    "raw_text": "score; see Zhao et al (2009b) for details", 
    "clean_text": "", 
    "keep_for_gold": 0
  }, 
  {
    "citance_No": 15, 
    "citing_paper_id": "W10-0205", 
    "citing_paper_authority": 0, 
    "citing_paper_authors": "Fazel, Keshtkar | Diana Zaiu, Inkpen", 
    "raw_text": "Also, some studies have been done in paraphrase generation in NLG (Zhao et al, 2009), (Chevelu et al, 2009)", 
    "clean_text": "Also, some studies have been done in paraphrase generation in NLG (Zhao et al, 2009), (Chevelu et al, 2009).", 
    "keep_for_gold": 0
  }, 
  {
    "citance_No": 16, 
    "citing_paper_id": "D11-1038", 
    "citing_paper_authority": 23, 
    "citing_paper_authors": "Kristian, Woodsend | Mirella, Lapata", 
    "raw_text": "Moreover, mod 409 els developed for sentence compression have been mostly designed with one rewrite operation in mind, namely word deletion, and are thus unable to model consistent syntactic effects such as reordering, sentence splitting, changes in non-terminal categories, and lexical substitution (but see Cohn and Lapata 2008 and Zhao et al 2009 for notable exceptions)", 
    "clean_text": "Moreover, models developed for sentence compression have been mostly designed with one rewrite operation in mind, namely word deletion, and are thus unable to model consistent syntactic effects such as reordering, sentence splitting, changes in non-terminal categories, and lexical substitution (but see Cohn and Lapata 2008 and Zhao et al 2009 for notable exceptions).", 
    "keep_for_gold": 0
  }, 
  {
    "citance_No": 17, 
    "citing_paper_id": "D12-1066", 
    "citing_paper_authority": 1, 
    "citing_paper_authors": "Aur&eacute;lien, Max | Houda, Bouamor | Anne, Vilnat", 
    "raw_text": "Application-driven paraphrase generation provides indirect means of evaluating paraphrase generation (Zhao et al2009)", 
    "clean_text": "Application-driven paraphrase generation provides indirect means of evaluating paraphrase generation (Zhao et al., 2009).", 
    "keep_for_gold": 0
  }, 
  {
    "citance_No": 18, 
    "citing_paper_id": "W11-1609", 
    "citing_paper_authority": 0, 
    "citing_paper_authors": "Scott, Martin | Michael, White", 
    "raw_text": "references have not been investigated.1As an illustration of the need to combine grammatical paraphrasing with data-driven paraphrasing, consider the example that Zhao et al (2009) use to illustrate the application of their paraphrasing method to similarity detection, shown in Table 1", 
    "clean_text": "As an illustration of the need to combine grammatical paraphrasing with data-driven paraphrasing, consider the example that Zhao et al (2009) use to illustrate the application of their paraphrasing method to similarity detection, shown in Table 1.", 
    "keep_for_gold": 0
  }, 
  {
    "citance_No": 19, 
    "citing_paper_id": "P12-2008", 
    "citing_paper_authority": 0, 
    "citing_paper_authors": "Hong, Sun | Ming, Zhou", 
    "raw_text": "Zhao et al (2008a) enrich this approach by adding multiple resources (e.g., thesaurus) and further extend the method by generating different paraphrase in different applications (Zhao et al, 2009)", 
    "clean_text": "Zhao et al (2008a) enrich this approach by adding multiple resources (e.g., thesaurus) and further extend the method by generating different paraphrase in different applications (Zhao et al, 2009).", 
    "keep_for_gold": 0
  }, 
  {
    "citance_No": 20, 
    "citing_paper_id": "C10-1152", 
    "citing_paper_authority": 30, 
    "citing_paper_authors": "Zhemin, Zhu | Delphine, Bernhard | Iryna, Gurevych", 
    "raw_text": "I/82806.sentence fusion (Filippova and Strube, 2008b) ,semantic role labeling (Vickrey and Koller, 2008), question generation (Heilman and Smith, 2009), paraphrase generation (Zhao et al, 2009) and biomedical information extraction (Jonnalagadda and Gonzalez, 2009) .At sentence level, reading difficulty stems either from lexical or syntactic complexity", 
    "clean_text": "More recently, sentence simplification has also been shown helpful for summarization (Knight and Marcu, 2000), sentence fusion (Filippova and Strube, 2008b), semantic role labeling (Vickrey and Koller, 2008), question generation (Heilman and Smith, 2009), paraphrase generation (Zhao et al, 2009) and biomedical information extraction (Jonnalagadda and Gonzalez, 2009).", 
    "keep_for_gold": 0
  }
]
