[
  {
    "citance_No": 1, 
    "citing_paper_id": "W94-0103", 
    "citing_paper_authority": 2, 
    "citing_paper_authors": "Eric Steven, Atwell | John, Hughes | Clive, Souter", 
    "raw_text": "Pustejovsky confronted with the problem of automatic acquisition more extensively in [Pustejovsky et al 1993]", 
    "clean_text": "Pustejovsky confronted with the problem of automatic acquisition more extensively in [Pustejovsky et al 1993].", 
    "keep_for_gold": 0
  }, 
  {
    "citance_No": 2, 
    "citing_paper_id": "P99-1051", 
    "citing_paper_authority": 18, 
    "citing_paper_authors": "Mirella, Lapata", 
    "raw_text": "We inferred the bracketing by modifying an algorithm initially proposed by Pustejovsky et al (1993)", 
    "clean_text": "We inferred the bracketing by modifying an algorithm initially proposed by Pustejovsky et al (1993).", 
    "keep_for_gold": 0
  }, 
  {
    "citance_No": 3, 
    "citing_paper_id": "P98-1015", 
    "citing_paper_authority": 18, 
    "citing_paper_authors": "Ken, Barker | Stan, Szpakowicz", 
    "raw_text": "(1) dynamic high impedance microphone (2) (dynamic ((high impedance) microphone)) The bracketing problem for noun-noun-noun compounds has been investigated by Liberrnan& amp; Sproat (1992), Pustejovsky et al (1993), Resnik (1993) and Lauer (1995) among others", 
    "clean_text": "The bracketing problem for noun-noun-noun compounds has been investigated by Liberrnan (1992), Pustejovsky et al (1993).", 
    "keep_for_gold": 0
  }, 
  {
    "citance_No": 4, 
    "citing_paper_id": "W07-1002", 
    "citing_paper_authority": 1, 
    "citing_paper_authors": "Bridget T., McInnes | Ted, Pedersen | Serguei V., Pakhomov", 
    "raw_text": "One type of structural ambiguity that has received much attention has to do with nominal compounds as seen in the work of (Resnik, 1993), (Resnik and Hearst, 1993), (Pustejovsky et al., 1993), and (Lauer, 1995). (Lauer, 1995) points out that the existing approaches to resolving the ambiguity of noun phrases fall roughly into two camps: adjacency and dependency", 
    "clean_text": "(Pustejovsky et al., 1993) points out that the existing approaches to resolving the ambiguity of noun phrases fall roughly into two camps: adjacency and dependency.", 
    "keep_for_gold": 0
  }, 
  {
    "citance_No": 5, 
    "citing_paper_id": "W07-1002", 
    "citing_paper_authority": 1, 
    "citing_paper_authors": "Bridget T., McInnes | Ted, Pedersen | Serguei V., Pakhomov", 
    "raw_text": "", 
    "clean_text": "", 
    "keep_for_gold": 0
  }, 
  {
    "citance_No": 6, 
    "citing_paper_id": "W04-2609", 
    "citing_paper_authority": 33, 
    "citing_paper_authors": "Dan, Moldovan | Adriana, Badulescu | Marta, Tatu | Daniel, Antohe | Roxana, G&icirc;rju", 
    "raw_text": "Several approaches have been proposed for empirical noun-compound interpretation, such as syntactic analysis based on statistical techniques (Lauer and Dras1994), (Pustejovsky et al 1993)", 
    "clean_text": "", 
    "keep_for_gold": 0
  }, 
  {
    "citance_No": 7, 
    "citing_paper_id": "W05-1004", 
    "citing_paper_authority": 2, 
    "citing_paper_authors": "Philipp, Cimiano | Johanna, Wenderoth", 
    "raw_text": "Finally, (Pustejovsky et al, 1993) present an interesting framework for the acquisition of semantic relations from corpora not only relying on statistics, but guided by theoretical lexicon principles", 
    "clean_text": "Finally, (Pustejovsky et al, 1993) present an interesting framework for the acquisition of semantic relations from corpora not only relying on statistics, but guided by theoretical lexicon principles.", 
    "keep_for_gold": 1
  }, 
  {
    "citance_No": 8, 
    "citing_paper_id": "W05-0603", 
    "citing_paper_authority": 22, 
    "citing_paper_authors": "Preslav, Nakov | Marti A., Hearst", 
    "raw_text": "The syntax and semantics of NCs is an active area of research; the Journal of Computer Speech and Language has an upcoming special issue on Multiword Expressions.The best known early work on automated unsupervised NC bracketing is that of Lauer (1995) who introduces the probabilistic dependency model for the syntactic disambiguation of NCs and argues against the adjacency model, proposed by Marcus (1980), Pustejovsky et al (1993) and Resnik (1993) .Lauer collects n-gram statistics from Grolier? s en cyclopedia, containing about 8 million words", 
    "clean_text": "The best known early work on automated unsupervised NC bracketing is that of Lauer (1995) who introduces the probabilistic dependency model for the syntactic disambiguation of NCs and argues against the adjacency model, proposed by Marcus (1980), Pustejovsky et al (1993) and Resnik (1993).", 
    "keep_for_gold": 0
  }, 
  {
    "citance_No": 9, 
    "citing_paper_id": "C96-1062", 
    "citing_paper_authority": 1, 
    "citing_paper_authors": "Cecile, Fabre", 
    "raw_text": "Pustejovsky et al (1993) show how statistical techniques, such as mutual information measures can contribute to automatically acquire lexical information regarding the link between a noun and a predicate", 
    "clean_text": "Pustejovsky et al (1993) show how statistical techniques, such as mutual information measures can contribute to automatically acquire lexical information regarding the link between a noun and a predicate.", 
    "keep_for_gold": 1
  }, 
  {
    "citance_No": 10, 
    "citing_paper_id": "P02-1032", 
    "citing_paper_authority": 14, 
    "citing_paper_authors": "Barbara, Rosario | Marti A., Hearst | Charles J., Fillmore", 
    "raw_text": "Several researchers have tackled the syntactic analysis (Lauer, 1995), (Pustejovsky et al, 1993), (Liber man and Church, 1992), usually using a variation of the idea of finding the subconstituents elsewhere in the corpus and using those to predict how the larger compounds are structured", 
    "clean_text": "", 
    "keep_for_gold": 0
  }, 
  {
    "citance_No": 11, 
    "citing_paper_id": "D09-1144", 
    "citing_paper_authority": 0, 
    "citing_paper_authors": "Ekaterina, Ovchinnikova | Theodore, Alexandrov | Tonio, Wandmacher", 
    "raw_text": "For example, Pustejovsky et al (1993) use generalized syntactic patterns for extracting qualia structures from a partially parsed corpus", 
    "clean_text": "For example, Pustejovsky et al (1993) use generalized syntactic patterns for extracting qualia structures from a partially parsed corpus.", 
    "keep_for_gold": 1
  }, 
  {
    "citance_No": 12, 
    "citing_paper_id": "D09-1144", 
    "citing_paper_authority": 0, 
    "citing_paper_authors": "Ekaterina, Ovchinnikova | Theodore, Alexandrov | Tonio, Wandmacher", 
    "raw_text": "Concerning relatedness measure, additional corpus-based measures such as Web-basedmeasures (Cimiano and Wenderoth, 2007) or measures based on syntactic relations (Pustejovsky et al, 1993) could appear to be useful for improving the ranking of the extracted relations. The presented procedure was evaluated quantitatively against human judgments obtained experimentally", 
    "clean_text": "Concerning relatedness measure, additional corpus-based measures such as Web-basedmeasures (Cimiano and Wenderoth, 2007) or measures based on syntactic relations (Pustejovsky et al, 1993) could appear to be useful for improving the ranking of the extracted relations.", 
    "keep_for_gold": 0
  }
]
