[
  {
    "citance_No": 1, 
    "citing_paper_id": "N04-1023", 
    "citing_paper_authority": 29, 
    "citing_paper_authors": "Libin, Shen | Anoop, Sarkar | Franz Josef, Och", 
    "raw_text": "Yamada and Knight (2001) used a statistical parser trained using a Treebank in the source language to produce parse trees and proposed a tree to string model for alignment. Gildea (2003) proposed a tree to tree alignment model using output from a statistical parser in both source and target languages", 
    "clean_text": "Gildea (2003) proposed a tree to tree alignment model using output from a statistical parser in both source and target languages.", 
    "keep_for_gold": 0
  }, 
  {
    "citance_No": 2, 
    "citing_paper_id": "W05-1612", 
    "citing_paper_authority": 12, 
    "citing_paper_authors": "Erwin, Marsi | Emiel, Krahmer", 
    "raw_text": "Alignment has become standard practice in data-driven approaches to machine translation (e.g. [Och and Ney, 2000]) .Initially work focused on word-based alignment, but more re cent research also addresses alignment at the higher levels (substrings, syntactic phrases or trees) ,e.g., [Gildea, 2003]", 
    "clean_text": "Initially work focused on word-based alignment, but more recent research also addresses alignment at the higher levels (substrings, syntactic phrases or trees), e.g., [Gildea, 2003].", 
    "keep_for_gold": 0
  }, 
  {
    "citance_No": 3, 
    "citing_paper_id": "W05-1612", 
    "citing_paper_authority": 12, 
    "citing_paper_authors": "Erwin, Marsi | Emiel, Krahmer", 
    "raw_text": "[Gildea, 2003] D. Gildea", 
    "clean_text": "", 
    "keep_for_gold": 0
  }, 
  {
    "citance_No": 4, 
    "citing_paper_id": "P05-1067", 
    "citing_paper_authority": 63, 
    "citing_paper_authors": "Yuan, Ding | Martha, Palmer", 
    "raw_text": "How ever, even after extending this model by allowing cloning operations on subtrees, Gildea (2003) found that parallel trees over-constrained the alignment problem, and achieved better results with a tree-to-string model than with a tree-to-tree model using two trees", 
    "clean_text": "However, even after extending this model by allowing cloning operations on subtrees, Gildea (2003) found that parallel trees over-constrained the alignment problem, and achieved better results with a tree-to-string model than with a tree-to-tree model using two trees.", 
    "keep_for_gold": 1
  }, 
  {
    "citance_No": 5, 
    "citing_paper_id": "C04-1006", 
    "citing_paper_authority": 6, 
    "citing_paper_authors": "Richard, Zens | Evgeny, Matusov | Hermann, Ney", 
    "raw_text": "Additional linguistic knowledge sources such as dependency trees or parse trees were used in (Cherry and Lin, 2003) and (Gildea, 2003)", 
    "clean_text": "Additional linguistic knowledge sources such as dependency trees or parse trees were used in (Cherry and Lin, 2003) and (Gildea, 2003).", 
    "keep_for_gold": 0
  }, 
  {
    "citance_No": 6, 
    "citing_paper_id": "W07-0709", 
    "citing_paper_authority": 0, 
    "citing_paper_authors": "Jiadong, Sun | Tiejun, Zhao | Huashen, Liang", 
    "raw_text": "Daniel Gildea (2003) dealt with the problem of the parse tree isomorphism with a cloning operation to either tree-to string or tree-to-tree alignment models", 
    "clean_text": "Daniel Gildea (2003) dealt with the problem of the parse tree isomorphism with a cloning operation to either tree-to-string or tree-to-tree alignment models.", 
    "keep_for_gold": 0
  }, 
  {
    "citance_No": 7, 
    "citing_paper_id": "W04-3228", 
    "citing_paper_authority": 4, 
    "citing_paper_authors": "Daniel, Gildea", 
    "raw_text": "Gildea (2003) trained a system on parallel constituent trees from the Korean-English Treebank, evaluating agreement with hand-annotated word alignments", 
    "clean_text": "Gildea (2003) trained a system on parallel constituent trees from the Korean-English Treebank, evaluating agreement with hand-annotated word alignments.", 
    "keep_for_gold": 1
  }, 
  {
    "citance_No": 8, 
    "citing_paper_id": "W04-3228", 
    "citing_paper_authority": 4, 
    "citing_paper_authors": "Daniel, Gildea", 
    "raw_text": "Our model of alignment is that of Gildea (2003), reviewed in Section 2 and extended to dependency trees in Section 3", 
    "clean_text": "Our model of alignment is that of Gildea (2003), reviewed in Section 2 and extended to dependency trees in Section 3.", 
    "keep_for_gold": 0
  }, 
  {
    "citance_No": 9, 
    "citing_paper_id": "W04-3228", 
    "citing_paper_authority": 4, 
    "citing_paper_authors": "Daniel, Gildea", 
    "raw_text": "operation introduced by Gildea (2003), which allows words to be aligned even in cases of radically mismatched trees, at a costin the probability of the alignment", 
    "clean_text": "Both our constituent and dependency models make use of the \"clone\" operation introduced by Gildea (2003), which allows words to be aligned even in cases of radically mismatched trees, at a cost in the probability of the alignment.", 
    "keep_for_gold": 1
  }, 
  {
    "citance_No": 10, 
    "citing_paper_id": "P05-1057", 
    "citing_paper_authority": 33, 
    "citing_paper_authors": "Yang, Liu | Qun, Liu | Shouxun, Lin", 
    "raw_text": "Syntax-basedtranslation models, such as tree-to-string model (Yamada and Knight, 2001) and tree-to-tree model (Gildea, 2003), may be very suitable to be added into log-linear models", 
    "clean_text": "Syntax-based translation models, such as tree-to-string model (Yamada and Knight, 2001) and tree-to-tree model (Gildea, 2003), may be very suitable to be added into log-linear models.", 
    "keep_for_gold": 0
  }, 
  {
    "citance_No": 11, 
    "citing_paper_id": "P11-3007", 
    "citing_paper_authority": 0, 
    "citing_paper_authors": "Daniel Emilio, Beck", 
    "raw_text": "Works that apply the TTT model include Gildea (2003) and Zhang et al (2008)", 
    "clean_text": "Works that apply the TTT model include Gildea (2003) and Zhang et al (2008).", 
    "keep_for_gold": 0
  }, 
  {
    "citance_No": 12, 
    "citing_paper_id": "P11-3007", 
    "citing_paper_authority": 0, 
    "citing_paper_authors": "Daniel Emilio, Beck", 
    "raw_text": "For the TTS systems (one for each translation direction), the training set will be lexically aligned using GIZA++ and for the TTT system, its syntactic trees will be aligned using techniques similar to the ones proposed by Gildea (2003) and by Zhang et al (2008)", 
    "clean_text": "For the TTS systems (one for each translation direction), the training set will be lexically aligned using GIZA++ and for the TTT system, its syntactic trees will be aligned using techniques similar to the ones proposed by Gildea (2003) and by Zhang et al (2008).", 
    "keep_for_gold": 0
  }, 
  {
    "citance_No": 13, 
    "citing_paper_id": "N04-1021", 
    "citing_paper_authority": 75, 
    "citing_paper_authors": "Franz Josef, Och | Daniel, Gildea | Sanjeev P., Khudanpur | Anoop, Sarkar | Kenji, Yamada | Alexander, Fraser | Shankar, Kumar | Libin, Shen | David A., Smith | Katherine, Eng | Viren, Jain | Zhen, Jin | Dragomir R., Radev", 
    "raw_text": "However, when training the model, trees for both the source and target languages are provided, in our case from the Chinese and English parsers. We began with the tree-to-tree alignment model presented by Gildea (2003)", 
    "clean_text": "We began with the tree-to-tree alignment model presented by Gildea (2003).", 
    "keep_for_gold": 0
  }, 
  {
    "citance_No": 14, 
    "citing_paper_id": "W05-0803", 
    "citing_paper_authority": 1, 
    "citing_paper_authors": "Jonas, Kuhn", 
    "raw_text": "in one of the two languages. (Gildea, 2003) and (Galley et al, 2004) discuss different ways of generalizing the tree-level crosslin guistic correspondence relation, so it is not confined to single tree nodes, thereby avoiding a continuity assumption", 
    "clean_text": "(Gildea, 2003) and (Galley et al, 2004) discuss different ways of generalizing the tree-level cross linguistic correspondence relation, so it is not confined to single tree nodes, thereby avoiding a continuity assumption.", 
    "keep_for_gold": 0
  }, 
  {
    "citance_No": 15, 
    "citing_paper_id": "C04-1154", 
    "citing_paper_authority": 8, 
    "citing_paper_authors": "Declan, Groves | Mary, Hearne | Andy, Way", 
    "raw_text": "(Gildea, 2003) performs tree-to tree alignment, but treats it as part of a generative statistical translation model, rather than a seperate task", 
    "clean_text": "(Gildea, 2003) performs tree-to-tree alignment, but treats it as part of a generative statistical translation model, rather than a seperate task.", 
    "keep_for_gold": 0
  }, 
  {
    "citance_No": 16, 
    "citing_paper_id": "C04-1154", 
    "citing_paper_authority": 8, 
    "citing_paper_authors": "Declan, Groves | Mary, Hearne | Andy, Way", 
    "raw_text": "(Gildea, 2003) outlines an algorithm for use in syntax-based statistical models of MT, applying a statistical TSG with probabilities parameterized to generate the target tree conditioned on the structure of the source tree", 
    "clean_text": "(Gildea, 2003) outlines an algorithm for use in syntax-based statistical models of MT, applying a statistical TSG with probabilities parameterized to generate the target tree conditioned on the structure of the source tree.", 
    "keep_for_gold": 0
  }, 
  {
    "citance_No": 17, 
    "citing_paper_id": "C04-1154", 
    "citing_paper_authority": 8, 
    "citing_paper_authors": "Declan, Groves | Mary, Hearne | Andy, Way", 
    "raw_text": "His approach is unsuitable for Dot as it involves altering the shape of trees in order to impose isomorphism and the algorithm does not always generate a complete target tree structure. However, unlike (Gildea, 2003), we treat the problem of alignment as a seperate task rather than as part of a generative translation model. (Ding et al, 2003) and (Menezes and Richard son, 2003) also present approaches to the alignment of tree structures", 
    "clean_text": "However, unlike (Gildea, 2003), we treat the problem of alignment as a seperate task rather than as part of a generative translation model.", 
    "keep_for_gold": 0
  }, 
  {
    "citance_No": 18, 
    "citing_paper_id": "W05-1201", 
    "citing_paper_authority": 7, 
    "citing_paper_authors": "Erwin, Marsi | Emiel, Krahmer", 
    "raw_text": "Initially work focused on word-based alignment, but more and more work is also addressing alignment at the higher levels (substrings, syntactic phrases or trees) ,e.g., (Meyers et al, 1996), (Gildea, 2003)", 
    "clean_text": "Initially work focused on word-based alignment, but more and more work is also addressing alignment at the higher levels (substrings, syntactic phrases or trees), e.g., (Meyers et al, 1996), (Gildea, 2003).", 
    "keep_for_gold": 0
  }, 
  {
    "citance_No": 19, 
    "citing_paper_id": "W04-3207", 
    "citing_paper_authority": 34, 
    "citing_paper_authors": "David A., Smith | Noah A., Smith", 
    "raw_text": "Yamada and Knight (2001) introduced tree-to-string alignment on Japanese data, and Gildea (2003) performed tree-to-tree alignment on the Korean Treebank, allowing for non-isomorphic structures; he applied this to word-to-word alignment", 
    "clean_text": "Yamada and Knight (2001) introduced tree-to-string alignment on Japanese data, and Gildea (2003) performed tree-to-tree alignment on the Korean Treebank, allowing for non-isomorphic structures; he applied this to word-to-word alignment.", 
    "keep_for_gold": 0
  }, 
  {
    "citance_No": 20, 
    "citing_paper_id": "E09-1020", 
    "citing_paper_authority": 9, 
    "citing_paper_authors": "Fabien, Cromier&egrave;s | Sadao, Kurohashi", 
    "raw_text": "The problem of making use of syntactic trees for alignment (and translation), which is the object of our second alignment model has already received some attention, notably by (Yamada and Knight, 2001) and (Gildea, 2003)", 
    "clean_text": "The problem of making use of syntactic trees for alignment (and translation), which is the object of our second alignment model has already received some attention, notably by (Yamada and Knight, 2001) and (Gildea, 2003).", 
    "keep_for_gold": 0
  }
]
