[
  {
    "citance_No": 1, 
    "citing_paper_id": "W09-1408", 
    "citing_paper_authority": 0, 
    "citing_paper_authors": "Roser, Morante | Vincent, Van Asch | Walter, Daelemans", 
    "raw_text": "Our goal was to investigate the performance of a memory? based approach to the event extraction task, using only the information available in the training corpus and modelling the task applying an approach similar to the one that has been applied to tasks like semantic role labeling (Morante et al, 2008) or negation scope detection (Morante and Daelemans, 2009)", 
    "clean_text": "Our goal was to investigate the performance of a memory-based approach to the event extraction task, using only the information available in the training corpus and modelling the task applying an approach similar to the one that has been applied to tasks like semantic role labeling (Morante et al, 2008) or negation scope detection (Morante and Daelemans, 2009).", 
    "keep_for_gold": 0
  }, 
  {
    "citance_No": 2, 
    "citing_paper_id": "W10-3110", 
    "citing_paper_authority": 14, 
    "citing_paper_authors": "Isaac, Councill | Ryan, McDonald | Leonid, Velikovich", 
    "raw_text": "In keeping with the evaluation presented by Morante and Daelemans (2009), the number of perfectly identified negation scopes is measured separately as the percentage of correct scopes (PCS)", 
    "clean_text": "In keeping with the evaluation presented by Morante and Daelemans (2009), the number of perfectly identified negation scopes is measured separately as the percentage of correct scopes (PCS).", 
    "keep_for_gold": 0
  }, 
  {
    "citance_No": 3, 
    "citing_paper_id": "W10-3110", 
    "citing_paper_authority": 14, 
    "citing_paper_authors": "Isaac, Councill | Ryan, McDonald | Leonid, Velikovich", 
    "raw_text": "The best reported performance to date on the BioScope full papers corpus was presented by Morante and Daelemans (2009), who achieved an F1 score of 70.9 with predicted negation signals, and an F1 score of 84.7 by feeding the manually annotated negation cues to their scope finding system", 
    "clean_text": "The best reported performance to date on the BioScope full papers corpus was presented by Morante and Daelemans (2009), who achieved an F1 score of 70.9 with predicted negation signals, and an F1 score of 84.7 by feeding the manually annotated negation cues to their scope finding system.", 
    "keep_for_gold": 0
  }, 
  {
    "citance_No": 4, 
    "citing_paper_id": "S12-1044", 
    "citing_paper_authority": 0, 
    "citing_paper_authors": "James P., White", 
    "raw_text": "chines (SVM) (Morante and Daelemans, 2009)", 
    "clean_text": "Morante and Daelemans describe a method for improving resolution of the scope of negation by combining IGTREE, CRF, and Support Vector Machines (SVM) (Morante and Daelemans, 2009).", 
    "keep_for_gold": 1
  }, 
  {
    "citance_No": 5, 
    "citing_paper_id": "W10-2919", 
    "citing_paper_authority": 2, 
    "citing_paper_authors": "Jorge, Carrillo de Albornoz | Laura, Plaza | Pablo, Gerv&aacute;s", 
    "raw_text": "The effect of negation has been broadly studied in NLP (Morante and Daelemans, 2009) and sentiment analysis (Jia et al, 2009)", 
    "clean_text": "The effect of negation has been broadly studied in NLP (Morante and Daelemans, 2009) and sentiment analysis (Jia et al, 2009).", 
    "keep_for_gold": 0
  }, 
  {
    "citance_No": 6, 
    "citing_paper_id": "W10-3113", 
    "citing_paper_authority": 1, 
    "citing_paper_authors": "Farzaneh, Sarafraz | Goran, Nenadi&#x107;", 
    "raw_text": "Still, Morante and Daelemans (2009), for example, used various classifiers (Memory-based Learners, Support Vector Machines, and Conditional Random Fields) to detect negation cues and their scope", 
    "clean_text": "Still, Morante and Daelemans (2009), for example, used various classifiers (Memory-based Learners, Support Vector Machines, and Conditional Random Fields) to detect negation cues and their scope.", 
    "keep_for_gold": 0
  }, 
  {
    "citance_No": 7, 
    "citing_paper_id": "P11-2049", 
    "citing_paper_authority": 3, 
    "citing_paper_authors": "Emilia, Apostolova | Noriko, Tomuro | Dina, Demner-Fushman", 
    "raw_text": "For the performance of the rule based system on identifying speculation scopes, they report 61.13 and 79.89 accuracy for BioScope full papers and abstracts respectively. Similarly, Morante and Daelemans (2009b )developed a machine learning system for identifying hedging cues and their scopes", 
    "clean_text": "Similarly, Morante and Daelemans (2009b) developed a machine learning system for identifying hedging cues and their scopes.", 
    "keep_for_gold": 0
  }, 
  {
    "citance_No": 8, 
    "citing_paper_id": "C10-1076", 
    "citing_paper_authority": 2, 
    "citing_paper_authors": "Junhui, Li | Guodong, Zhou | Hongling, Wang | Qiao-ming, Zhu", 
    "raw_text": "Compared with negation scope finding, negation signal finding is much simpler and has been well resolved in the literature ,e.g. with the accuracy of 95.8% -98.7% on the three sub corpora of the Bioscope corpus (Morante and Daelemans, 2009)", 
    "clean_text": "Compared with negation scope finding, negation signal finding is much simpler and has been well resolved in the literature, e.g. with the accuracy of 95.8% -98.7% on the three sub corpora of the Bioscope corpus (Morante and Daelemans, 2009).", 
    "keep_for_gold": 0
  }, 
  {
    "citance_No": 9, 
    "citing_paper_id": "C10-1076", 
    "citing_paper_authority": 2, 
    "citing_paper_authors": "Junhui, Li | Guodong, Zhou | Hongling, Wang | Qiao-ming, Zhu", 
    "raw_text": "Morante et al (2008) and Morante and Daelemans (2009) pioneered the research on negation scope finding by formulating it as a chunking problem, which classifies the words of a sentence as being inside or outside the scope of a negation signal", 
    "clean_text": "Morante et al (2008) and Morante and Daelemans (2009) pioneered the research on negation scope finding by formulating it as a chunking problem, which classifies the words of a sentence as being inside or outside the scope of a negation signal.", 
    "keep_for_gold": 1
  }, 
  {
    "citance_No": 10, 
    "citing_paper_id": "C10-1076", 
    "citing_paper_authority": 2, 
    "citing_paper_authors": "Junhui, Li | Guodong, Zhou | Hongling, Wang | Qiao-ming, Zhu", 
    "raw_text": "For example, given golden negation signals on the Bioscope corpus, Morante and Daelemans (2009) only got the performance of 50.26% in PCS (percentage of correct scope) measure on the full papers sub corpus (22.8 words per sentence on average), compared to 87.27% in PCS measure on the clinical reports subcorpus (6.6 words per sentence on average)", 
    "clean_text": "For example, given golden negation signals on the Bioscope corpus, Morante and Daelemans (2009) only got the performance of 50.26% in PCS (percentage of correct scope) measure on the full papers sub corpus (22.8 words per sentence on average), compared to 87.27% in PCS measure on the clinical reports subcorpus (6.6 words per sentence on average).", 
    "keep_for_gold": 0
  }, 
  {
    "citance_No": 11, 
    "citing_paper_id": "C10-1076", 
    "citing_paper_authority": 2, 
    "citing_paper_authors": "Junhui, Li | Guodong, Zhou | Hongling, Wang | Qiao-ming, Zhu", 
    "raw_text": "Morante and Daelemans (2009) further improved the performance by combing several classifiers", 
    "clean_text": "Morante and Daelemans (2009) further improved the performance by combing several classifiers.", 
    "keep_for_gold": 0
  }, 
  {
    "citance_No": 12, 
    "citing_paper_id": "C10-1076", 
    "citing_paper_authority": 2, 
    "citing_paper_authors": "Junhui, Li | Guodong, Zhou | Hongling, Wang | Qiao-ming, Zhu", 
    "raw_text": "For detailed statistics about the three sub corpora, please see Morante and Daelemans (2009)", 
    "clean_text": "For detailed statistics about the three subcorpora, please see Morante and Daelemans (2009).", 
    "keep_for_gold": 0
  }, 
  {
    "citance_No": 13, 
    "citing_paper_id": "C10-1076", 
    "citing_paper_authority": 2, 
    "citing_paper_authors": "Junhui, Li | Guodong, Zhou | Hongling, Wang | Qiao-ming, Zhu", 
    "raw_text": "Following the experimental setting in Morante and Daelemans (2009), the abstracts sub corpus is randomly divided into 10 folds so as to perform 10-fold cross validation, while the performance on both the papers and clinical re ports sub corpora is evaluated using the system trained on the whole abstracts sub corpus", 
    "clean_text": "Following the experimental setting in Morante and Daelemans (2009), the abstracts sub corpus is randomly divided into 10 folds so as to perform 10-fold cross validation, while the performance on both the papers and clinical reports subcorpora is evaluated using the system trained on the whole abstracts subcorpus.", 
    "keep_for_gold": 0
  }, 
  {
    "citance_No": 14, 
    "citing_paper_id": "C10-1076", 
    "citing_paper_authority": 2, 
    "citing_paper_authors": "Junhui, Li | Guodong, Zhou | Hongling, Wang | Qiao-ming, Zhu", 
    "raw_text": "Although Morante and Daelemans (2009) reported the performance of 95.8% -98.7% on negation signal finding, it lowers the performance of negation scope finding by about 7.29% -16.52% in PCS measure", 
    "clean_text": "Although Morante and Daelemans (2009) reported the performance of 95.8%-98.7% on negation signal finding, it lowers the performance of negation scope finding by about 7.29%-16.52% in PCS measure.", 
    "keep_for_gold": 0
  }, 
  {
    "citance_No": 15, 
    "citing_paper_id": "D10-1070", 
    "citing_paper_authority": 1, 
    "citing_paper_authors": "Qiaoming, Zhu | Junhui, Li | Hongling, Wang | Guodong, Zhou", 
    "raw_text": "Morante et al (2008) and Morante and Daelemans (2009a& amp; 2009b) pioneered the research on scope learning by formulating it as a chunking problem, which classifies the words of a sentence as being inside or outside the scope of a cue", 
    "clean_text": "", 
    "keep_for_gold": 0
  }, 
  {
    "citance_No": 16, 
    "citing_paper_id": "D10-1070", 
    "citing_paper_authority": 1, 
    "citing_paper_authors": "Qiaoming, Zhu | Junhui, Li | Hongling, Wang | Guodong, Zhou", 
    "raw_text": "For example, given golden negation cues on the Bioscope corpus, Morante and Daelemans (2009a) only got the performance of 50.26% in PCS on the full papers sub corpus (22.8 words per sentence on average), compared to 87.27% in PCS on the clinical reports sub corpus (6.6 words per sentence on average)", 
    "clean_text": "For example, given golden negation cues on the Bioscope corpus, Morante and Daelemans (2009a) only got the performance of 50.26% in PCS on the full papers sub corpus (22.8 words per sentence on average), compared to 87.27% in PCS on the clinical reports sub corpus (6.6 words per sentence on average).", 
    "keep_for_gold": 0
  }, 
  {
    "citance_No": 17, 
    "citing_paper_id": "D10-1070", 
    "citing_paper_authority": 1, 
    "citing_paper_authors": "Qiaoming, Zhu | Junhui, Li | Hongling, Wang | Guodong, Zhou", 
    "raw_text": "Speculation Scope Learning Similar to Morante and Daelemans (2009a), Morante and Daelemans (2009b) formulated speculation scope identification as a chunking problem which predicts whether a word in the sentence is inside or outside of the speculation scope, with proper post-processing to ensure consecutiveness of the speculation scope", 
    "clean_text": "Speculation Scope Learning Similar to Morante and Daelemans (2009a), Morante and Daelemans (2009b) formulated speculation scope identification as a chunking problem which predicts whether a word in the sentence is inside or outside of the speculation scope, with proper post-processing to ensure consecutiveness of the speculation scope.", 
    "keep_for_gold": 0
  }, 
  {
    "citance_No": 18, 
    "citing_paper_id": "D10-1070", 
    "citing_paper_authority": 1, 
    "citing_paper_authors": "Qiaoming, Zhu | Junhui, Li | Hongling, Wang | Guodong, Zhou", 
    "raw_text": "For detailed statistics and annotation 1http: //www.inf.u-szeged.hu/rgai/bioscope guidelines about the three sub corpora, please see Morante and Daelemans (2009a& amp; 2009b)", 
    "clean_text": "", 
    "keep_for_gold": 0
  }, 
  {
    "citance_No": 19, 
    "citing_paper_id": "D10-1070", 
    "citing_paper_authority": 1, 
    "citing_paper_authors": "Qiaoming, Zhu | Junhui, Li | Hongling, Wang | Guodong, Zhou", 
    "raw_text": "Following the experimental setting in Morante et al (2008) and Morante and Daelemans (2009a& amp; 2009b), the abstracts sub corpus is randomly divided into 10 folds so as to perform 10-fold cross validation, while the performance on both the pa 719pers and clinical reports sub corpora is evaluated using the system trained on the whole abstracts sub corpus", 
    "clean_text": "", 
    "keep_for_gold": 0
  }, 
  {
    "citance_No": 20, 
    "citing_paper_id": "D10-1070", 
    "citing_paper_authority": 1, 
    "citing_paper_authors": "Qiaoming, Zhu | Junhui, Li | Hongling, Wang | Guodong, Zhou", 
    "raw_text": "(2008) and Morante and Daelemans (2009a& amp; 2009b)", 
    "clean_text": "", 
    "keep_for_gold": 0
  }
]
