[
  {
    "citance_No": 1, 
    "citing_paper_id": "D08-1078", 
    "citing_paper_authority": 11, 
    "citing_paper_authors": "Alexandra, Birch | Miles, Osborne | Philipp, Koehn", 
    "raw_text": "Tests were run on the ACL WSMT 2008 test set (Callison-Burch et al, 2008)", 
    "clean_text": "Tests were run on the ACL WSMT 2008 test set (Callison-Burch et al, 2008).", 
    "keep_for_gold": 0
  }, 
  {
    "citance_No": 2, 
    "citing_paper_id": "W12-3106", 
    "citing_paper_authority": 3, 
    "citing_paper_authors": "Maja, Popovic", 
    "raw_text": "Spearman? s rank correlation coefficients on the document (system) level between all the metrics and the human ranking are computed on the English, French, Spanish, German and Czech texts generated by various translation systems in the frame work of the third (Callison-Burch et al, 2008), fourth (Callison-Burch et al, 2009), fifth (Callison Burch et al, 2010) and sixth (Callison-Burch et al, 2011) shared translation tasks", 
    "clean_text": "Spearman's rank correlation coefficients on the document (system) level between all the metrics and the human ranking are computed on the English, French, Spanish, German and Czech texts generated by various translation systems in the frame work of the third (Callison-Burch et al, 2008), fourth (Callison-Burch et al, 2009), fifth (Callison Burch et al, 2010) and sixth (Callison-Burch et al, 2011) shared translation tasks.", 
    "keep_for_gold": 0
  }, 
  {
    "citance_No": 3, 
    "citing_paper_id": "E09-1003", 
    "citing_paper_authority": 13, 
    "citing_paper_authors": "Sadaf, Abdul-Rauf | Holger, Schwenk", 
    "raw_text": "18 EN SMT FR used as queries per day articles candidate sentence pairs parallel sentences+? 5 day articles from English Gigaword English translations Gigaword French 174M words 133M words tail removal sentences with extra words at ends+ 24.3M words parallel number/ table comparison length removing WER/TER 26.8M words Figure 3: Architecture of the parallel sentence extraction system.SMT (Callison-Burch et al, 2008), called newstest2008 in the following", 
    "clean_text": "In the framework of the EuroMatrix project, a test set of general news data was provided for the shared translation task of the third workshop on SMT (Callison-Burch et al, 2008), called newstest 2008 in the following.", 
    "keep_for_gold": 0
  }, 
  {
    "citance_No": 4, 
    "citing_paper_id": "E09-1003", 
    "citing_paper_authority": 13, 
    "citing_paper_authors": "Sadaf, Abdul-Rauf | Holger, Schwenk", 
    "raw_text": "This increased the BLEU score by about 1 BLEU point in comparison to the results reported in the official evaluation (Callison-Burch et al, 2008)", 
    "clean_text": "This increased the BLEU score by about 1 BLEU point in comparison to the results reported in the official evaluation (Callison-Burch et al, 2008).", 
    "keep_for_gold": 0
  }, 
  {
    "citance_No": 5, 
    "citing_paper_id": "W09-0422", 
    "citing_paper_authority": 4, 
    "citing_paper_authors": "Ond&#x159;ej, Bojar | David, Mare&#x10D;ek | V&aacute;clav, Nov&aacute;k | Martin, Popel | Jan, Pt&aacute;&#x10D;ek | Jan, Rou&scaron; | Zden&#x11B;k, &#x17D;abokrtsk&yacute;", 
    "raw_text": "PC Translator this year and also in Callison-Burch et al (2008)", 
    "clean_text": "PC Translator this year and also in Callison-Burch et al (2008).", 
    "keep_for_gold": 0
  }, 
  {
    "citance_No": 6, 
    "citing_paper_id": "W09-0402", 
    "citing_paper_authority": 4, 
    "citing_paper_authors": "Maja, Popovi&#x107; | Hermann, Ney", 
    "raw_text": "The correlations on the document level were computed on the English, French, Spanish and German texts generated by various translation systems in the framework of the first (Koehn and Monz, 2006), second (Callison-Burch et al, 2007) and third shared translation task (Callison-Burchet al, 2008)", 
    "clean_text": "The correlations on the document level were computed on the English, French, Spanish and German texts generated by various translation systems in the framework of the first (Koehn and Monz, 2006), second (Callison-Burch et al, 2007) and third shared translation task (Callison-Burchet al, 2008).", 
    "keep_for_gold": 0
  }, 
  {
    "citance_No": 7, 
    "citing_paper_id": "W09-0402", 
    "citing_paper_authority": 4, 
    "citing_paper_authors": "Maja, Popovi&#x107; | Hermann, Ney", 
    "raw_text": "RWTH participated in this shared task with the two most promising metrics according to the previous experiments ,i.e. POSBLEU and POSF, and the detailed results can be found in (Callison-Burch et al, 2008)", 
    "clean_text": "RWTH participated in this shared task with the two most promising metrics according to the previous experiments ,i.e. POSBLEU and POSF, and the detailed results can be found in (Callison-Burch et al, 2008).", 
    "keep_for_gold": 0
  }, 
  {
    "citance_No": 8, 
    "citing_paper_id": "W11-2109", 
    "citing_paper_authority": 3, 
    "citing_paper_authors": "Maja, Popovi&#x107; | David, Vilar | Eleftherios, Avramidis | Aljoscha, Burchardt", 
    "raw_text": "The Spearman ?srank correlation coefficients on the document (system) level between the IBM1 metrics and the human ranking are computed on the English, French, Spanish, German and Czech texts generated by various translation systems in the framework of the third (Callison-Burch et al, 2008), fourth (Callison Burch et al, 2009) and fifth (Callison-Burch et al, 2010) shared translation tasks", 
    "clean_text": "The Spearman's rank correlation coefficients on the document (system) level between the IBM1 metrics and the human ranking are computed on the English, French, Spanish, German and Czech texts generated by various translation systems in the framework of the third (Callison-Burch et al, 2008), fourth (Callison Burch et al, 2009) and fifth (Callison-Burch et al, 2010) shared translation tasks.", 
    "keep_for_gold": 0
  }, 
  {
    "citance_No": 9, 
    "citing_paper_id": "W11-2113", 
    "citing_paper_authority": 5, 
    "citing_paper_authors": "Xin, Song | Trevor, Cohn", 
    "raw_text": "The system level evaluation procedure follows WMT08 (Callison-Burch et al., 2008), which ranked each system submitted on WMT08 in three types of tasks:? Rank: Human judges candidate sentence rankin order of quality", 
    "clean_text": "The system level evaluation procedure follows WMT08 (Callison-Burch et al., 2008), which ranked each system submitted on WMT08 in three types of tasks: Rank: Human judges candidate sentence ranking order of quality.", 
    "keep_for_gold": 0
  }, 
  {
    "citance_No": 10, 
    "citing_paper_id": "W11-2113", 
    "citing_paper_authority": 5, 
    "citing_paper_authors": "Xin, Song | Trevor, Cohn", 
    "raw_text": "test set in WMT08 (Callison-Burch et al, 2008)", 
    "clean_text": "test set in WMT08 (Callison-Burch et al, 2008).", 
    "keep_for_gold": 0
  }, 
  {
    "citance_No": 11, 
    "citing_paper_id": "E12-2006", 
    "citing_paper_authority": 2, 
    "citing_paper_authors": "Erik, Van der Goot | Stefano, Bucci | Brett, Crawley | Alastair, Wilcox | Marco, Turchi | Ralf, Steinberger | Martin, Atkinson", 
    "raw_text": "For German, Spanish and Czech we use the news test sets proposed in (Callison-Burch et al 2010), for French and Italian the news test sets presented in (Callison-Burch et al 2008), for Arabic, Farsi and Turkish, sets of 2,000 news sentences extracted from the Arabic-English and English-Persian datasets and the SE-Times corpus", 
    "clean_text": "For German, Spanish and Czech we use the news test sets proposed in (Callison-Burch et al 2010), for French and Italian the news test sets presented in (Callison-Burch et al 2008), for Arabic, Farsi and Turkish, sets of 2,000 news sentences extracted from the Arabic-English and English-Persian datasets and the SE-Times corpus.", 
    "keep_for_gold": 0
  }, 
  {
    "citance_No": 12, 
    "citing_paper_id": "W09-0404", 
    "citing_paper_authority": 4, 
    "citing_paper_authors": "Sebastian, Pad&oacute; | Michel, Galley | Daniel, Jurafsky | Christopher D., Manning", 
    "raw_text": "Thus, the human an notation for the WMT 2008 dataset was collected inthe form of binary pairwise preferences that are con sider ably easier to make (Callison-Burch et al, 2008)", 
    "clean_text": "Thus, the human an notation for the WMT 2008 dataset was collected in the form of binary pairwise preferences that are considerably easier to make (Callison-Burch et al, 2008).", 
    "keep_for_gold": 1
  }, 
  {
    "citance_No": 13, 
    "citing_paper_id": "D09-1030", 
    "citing_paper_authority": 57, 
    "citing_paper_authors": "Chris, Callison-Burch", 
    "raw_text": "Following Callison-Burch et al (2008), we assigned a score to each of the 11 MT systems based on how of ten its translations were judged to be better than or equal to any other system", 
    "clean_text": "Following Callison-Burch et al (2008), we assigned a score to each of the 11 MT systems based on how of ten its translations were judged to be better than or equal to any other system.", 
    "keep_for_gold": 0
  }, 
  {
    "citance_No": 14, 
    "citing_paper_id": "D10-1059", 
    "citing_paper_authority": 1, 
    "citing_paper_authors": "Samidh, Chatterjee | Nicola, Cancedda", 
    "raw_text": "Detailed token and type statistics can be found in Callison-Burch et al (2008)", 
    "clean_text": "Detailed token and type statistics can be found in Callison-Burch et al (2008).", 
    "keep_for_gold": 0
  }, 
  {
    "citance_No": 15, 
    "citing_paper_id": "W11-1009", 
    "citing_paper_authority": 0, 
    "citing_paper_authors": "Giuseppe, Attardi | Atanas, Chanev | Antonio Valerio, Miceli Barone", 
    "raw_text": "4) the model is tuned with mert (Bertoldi, et al) 5) the official test set from ACL WMT 2008 (Callison-Burch et al, 2008), consisting of 2000 sentences, is used as test set", 
    "clean_text": "the model is tuned with mert (Bertoldi, et al) 5) the official test set from ACL WMT 2008 (Callison-Burch et al, 2008), consisting of 2000 sentences, is used as test set.", 
    "keep_for_gold": 0
  }, 
  {
    "citance_No": 16, 
    "citing_paper_id": "P11-1023", 
    "citing_paper_authority": 18, 
    "citing_paper_authors": "Chi-kiu, Lo | Dekai, Wu", 
    "raw_text": "adequacy We followed the benchmark assessment procedure in WMT and NIST MetricsMaTr (Callison-Burch et al, 2008, 2010), assessing the performance of the propose devaluation metric at the sentence level using ranking preference consistency, which also known as Kendall? s? rank correlation coefficient, to evaluate the correlation of the proposed metric with human judgments on translation adequacy ranking", 
    "clean_text": "We followed the benchmark assessment procedure in WMT and NIST MetricsMaTr (Callison-Burch et al, 2008, 2010), assessing the performance of the propose devaluation metric at the sentence level using ranking preference consistency, which also known as Kendall's rank correlation coefficient, to evaluate the correlation of the proposed metric with human judgments on translation adequacy ranking.", 
    "keep_for_gold": 0
  }, 
  {
    "citance_No": 17, 
    "citing_paper_id": "P09-1034", 
    "citing_paper_authority": 17, 
    "citing_paper_authors": "Sebastian, Pad&oacute; | Michel, Galley | Daniel, Jurafsky | Christopher D., Manning", 
    "raw_text": "Traditionally, human ratings for MT quality have been collected in the form of absolute scores on afiveor seven-point Likert scale, but low reliability numbers for this type of annotation have raised concerns (Callison-Burch et al, 2008)", 
    "clean_text": "Traditionally, human ratings for MT quality have been collected in the form of absolute scores on a five or seven-point Likert scale, but low reliability numbers for this type of annotation have raised concerns (Callison-Burch et al, 2008).", 
    "keep_for_gold": 1
  }, 
  {
    "citance_No": 18, 
    "citing_paper_id": "P09-1034", 
    "citing_paper_authority": 17, 
    "citing_paper_authors": "Sebastian, Pad&oacute; | Michel, Galley | Daniel, Jurafsky | Christopher D., Manning", 
    "raw_text": "For details, see Callison-Burch et al (2008)", 
    "clean_text": "For details, see Callison-Burch et al (2008).", 
    "keep_for_gold": 0
  }, 
  {
    "citance_No": 19, 
    "citing_paper_id": "W11-2105", 
    "citing_paper_authority": 7, 
    "citing_paper_authors": "Boxing, Chen | Roland, Kuhn", 
    "raw_text": "only ,i.e., how often the translations of the system were rated as better than the translations from other systems (Callison-Burch et al, 2008)", 
    "clean_text": "only ,i.e., how often the translations of the system were rated as better than the translations from other systems (Callison-Burch et al, 2008).", 
    "keep_for_gold": 0
  }, 
  {
    "citance_No": 20, 
    "citing_paper_id": "P09-1089", 
    "citing_paper_authority": 15, 
    "citing_paper_authors": "Shachar, Mirkin | Lucia, Specia | Nicola, Cancedda | Ido, Dagan | Marc, Dymetman | Idan, Szpektor", 
    "raw_text": "Both resources are taken from the shared translation task in WMT-2008 (Callison-Burch et al, 2008)", 
    "clean_text": "Both resources are taken from the shared translation task in WMT-2008 (Callison-Burch et al, 2008).", 
    "keep_for_gold": 0
  }
]
