[
  {
    "citance_No": 1, 
    "citing_paper_id": "H05-1100", 
    "citing_paper_authority": 12, 
    "citing_paper_authors": "Brooke, Cowan | Michael John, Collins", 
    "raw_text": "Previous work in statistical parsing (Collins and Koo, 2005) has shown that applying re ranking techniques to the n-best output of a base parser can improve parsing performance", 
    "clean_text": "Previous work in statistical parsing (Collins and Koo, 2005) has shown that applying reranking techniques to the n-best output of a base parser can improve parsing performance.", 
    "keep_for_gold": 1
  }, 
  {
    "citance_No": 2, 
    "citing_paper_id": "H05-1100", 
    "citing_paper_authority": 12, 
    "citing_paper_authors": "Brooke, Cowan | Michael John, Collins", 
    "raw_text": "Previousapproaches (e.g., (Collins and Koo, 2005)) have useda linear model to combine the log probability under a base parser with arbitrary features derived from parse trees", 
    "clean_text": "Previous approaches (e.g., (Collins and Koo, 2005)) have used a linear model to combine the log probability under a base parser with arbitrary features derived from parse trees.", 
    "keep_for_gold": 0
  }, 
  {
    "citance_No": 3, 
    "citing_paper_id": "H05-1100", 
    "citing_paper_authority": 12, 
    "citing_paper_authors": "Brooke, Cowan | Michael John, Collins", 
    "raw_text": "In our work, we included all features described in (Collins and Koo, 2005)", 
    "clean_text": "In our work, we included all features described in (Collins and Koo, 2005).", 
    "keep_for_gold": 0
  }, 
  {
    "citance_No": 4, 
    "citing_paper_id": "H05-1100", 
    "citing_paper_authority": 12, 
    "citing_paper_authors": "Brooke, Cowan | Michael John, Collins", 
    "raw_text": "We have found that features in (Collins and Koo, 2005), initially developed for English parsing, also give appreciable gains in accuracy when applied to Spanish", 
    "clean_text": "We have found that features in (Collins and Koo, 2005), initially developed for English parsing, also give appreciable gains in accuracy when applied to Spanish.", 
    "keep_for_gold": 0
  }, 
  {
    "citance_No": 5, 
    "citing_paper_id": "H05-1100", 
    "citing_paper_authority": 12, 
    "citing_paper_authors": "Brooke, Cowan | Michael John, Collins", 
    "raw_text": "In the re ranking experiments, we follow the procedure described in (Collins and Koo, 2005) for creation of a training set with n-best parses for each sentence", 
    "clean_text": "In the reranking experiments, we follow the procedure described in (Collins and Koo, 2005) for creation of a training set with n-best parses for each sentence.", 
    "keep_for_gold": 0
  }, 
  {
    "citance_No": 6, 
    "citing_paper_id": "P07-1121", 
    "citing_paper_authority": 45, 
    "citing_paper_authors": "Yuk Wah, Wong | Raymond J., Mooney", 
    "raw_text": "Of the many features that we have tried, one feature set stands out as being the most effective, the two-level rules in Collins and Koo (2005), which give the number of times a given rule is used to expand a non-terminal in a given parent rule. We use only the MRL part of the rules", 
    "clean_text": "Of the many features that we have tried, one feature set stands out as being the most effective, the two-level rules in Collins and Koo (2005), which give the number of times a given rule is used to expand a non-terminal in a given parent rule.", 
    "keep_for_gold": 0
  }, 
  {
    "citance_No": 7, 
    "citing_paper_id": "D11-1113", 
    "citing_paper_authority": 1, 
    "citing_paper_authors": "Enrique, Henestroza Anguiano | Marie, Candito", 
    "raw_text": "A well-studied subject (e.g. the work of Charniak and Johnson (2005) and of Collins and Koo (2005)), parse re ranking is concerned with the reordering of n-best ranked parse trees output bya syntactic parser", 
    "clean_text": "A well-studied subject (e.g. the work of Charniak and Johnson (2005) and of Collins and Koo (2005)), parse reranking is concerned with the reordering of n-best ranked parse trees output by a syntactic parser.", 
    "keep_for_gold": 0
  }, 
  {
    "citance_No": 8, 
    "citing_paper_id": "W07-1202", 
    "citing_paper_authority": 5, 
    "citing_paper_authors": "Stephen, Clark | James R., Curran", 
    "raw_text": "There is also work on discriminative mod els for parse re ranking (Collins and Koo, 2005)", 
    "clean_text": "There is also work on discriminative models for parse reranking (Collins and Koo, 2005).", 
    "keep_for_gold": 0
  }, 
  {
    "citance_No": 9, 
    "citing_paper_id": "W08-2103", 
    "citing_paper_authority": 2, 
    "citing_paper_authors": "Tomoya, Iwakura | Seishi, Okamoto", 
    "raw_text": "These include text categorization (Schapire and Singer, 2000), Natural Language Parsing (Collins and Koo, 2005), English syntactic chunking (Kudo et al, 2005) and so on", 
    "clean_text": "These include text categorization (Schapire and Singer, 2000), Natural Language Parsing (Collins and Koo, 2005), English syntactic chunking (Kudo et al, 2005) and so on.", 
    "keep_for_gold": 0
  }, 
  {
    "citance_No": 10, 
    "citing_paper_id": "W08-2103", 
    "citing_paper_authority": 2, 
    "citing_paper_authors": "Tomoya, Iwakura | Seishi, Okamoto", 
    "raw_text": "Learners LazyBoosting randomly selects a small proportion of features and selects a rule represented by a feature from the selected features at each iteration (Escudero et al, 2000) .Collins and Koo proposed a method only up dates values of features co-occurring with a rule feature on examples at each iteration (Collins and Koo, 2005)", 
    "clean_text": "Collins and Koo proposed a method only updates values of features co-occurring with a rule feature on examples at each iteration (Collins and Koo, 2005).", 
    "keep_for_gold": 1
  }, 
  {
    "citance_No": 11, 
    "citing_paper_id": "N12-1088", 
    "citing_paper_authority": 0, 
    "citing_paper_authors": "Jagadeesh, Jagarlamudi | Hal, Daum&eacute; III", 
    "raw_text": "As explained in Collins and Koo (2005), the decoding score plays an important role in re ranking the candidate sentences", 
    "clean_text": "As explained in Collins and Koo (2005), the decoding score plays an important role in reranking the candidate sentences.", 
    "keep_for_gold": 0
  }, 
  {
    "citance_No": 12, 
    "citing_paper_id": "N12-1088", 
    "citing_paper_authority": 0, 
    "citing_paper_authors": "Jagadeesh, Jagarlamudi | Hal, Daum&eacute; III", 
    "raw_text": "Then-best list for training data is produced using multi fold cross-validation like Collins and Koo (2005) and Charniak and Johnson (2005)", 
    "clean_text": "The n-best list for training data is produced using multi fold cross-validation like Collins and Koo (2005) and Charniak and Johnson (2005).", 
    "keep_for_gold": 0
  }, 
  {
    "citance_No": 13, 
    "citing_paper_id": "N12-1088", 
    "citing_paper_authority": 0, 
    "citing_paper_authors": "Jagadeesh, Jagarlamudi | Hal, Daum&eacute; III", 
    "raw_text": "We compare our models with a boosting-based discriminative approach (Collins and Koo, 2005) and its regularized version (Huang et al, 2007)", 
    "clean_text": "We compare our models with a boosting-based discriminative approach (Collins and Koo, 2005) and its regularized version (Huang et al, 2007).", 
    "keep_for_gold": 0
  }, 
  {
    "citance_No": 14, 
    "citing_paper_id": "N12-1088", 
    "citing_paper_authority": 0, 
    "citing_paper_authors": "Jagadeesh, Jagarlamudi | Hal, Daum&eacute; III", 
    "raw_text": "For comparison purposes, we also showed the results of Collins and Koo (2005) its regularized versions with n-gram features", 
    "clean_text": "For comparison purposes, we also showed the results of Collins and Koo (2005) its regularized versions with n-gram features.", 
    "keep_for_gold": 0
  }, 
  {
    "citance_No": 15, 
    "citing_paper_id": "N12-1088", 
    "citing_paper_authority": 0, 
    "citing_paper_authors": "Jagadeesh, Jagarlamudi | Hal, Daum&eacute; III", 
    "raw_text": "As shown, the performance drops significantly and is in accordance with the behavior ob served elsewhere (Collins and Koo, 2005)", 
    "clean_text": "As shown, the performance drops significantly and is in accordance with the behavior observed elsewhere (Collins and Koo, 2005).", 
    "keep_for_gold": 0
  }, 
  {
    "citance_No": 16, 
    "citing_paper_id": "W08-0130", 
    "citing_paper_authority": 3, 
    "citing_paper_authors": "David, DeVault | David R., Traum | Ron, Artstein", 
    "raw_text": "We use the boosting approach of (Collins and Koo, 2005) to perform feature selection and identify good weight values", 
    "clean_text": "We use the boosting approach of (Collins and Koo, 2005) to perform feature selection and identify good weight values.", 
    "keep_for_gold": 0
  }, 
  {
    "citance_No": 17, 
    "citing_paper_id": "P11-1111", 
    "citing_paper_authority": 0, 
    "citing_paper_authors": "Jenny, Liu | Aria, Haghighi", 
    "raw_text": "natural-sounding ordering of the modifiers in B.At test time, we choose an ordering x?? (B) using a maximum entropy re ranking approach (Collins and Koo, 2005)", 
    "clean_text": "At test time, we choose an ordering using a maximum entropy reranking approach (Collins and Koo, 2005).", 
    "keep_for_gold": 0
  }, 
  {
    "citance_No": 18, 
    "citing_paper_id": "P08-1042", 
    "citing_paper_authority": 1, 
    "citing_paper_authors": "Markus, Dickinson", 
    "raw_text": "Instead of examining and comparing rules in their entirety, this method abstracts a rule to its component parts, similar to features using information about n-grams of daughter nodes in parse re ranking models (e.g., Collins and Koo, 2005)", 
    "clean_text": "Instead of examining and comparing rules in their entirety, this method abstracts a rule to its component parts, similar to features using information about n-grams of daughter nodes in parse reranking models (e.g., Collins and Koo, 2005).", 
    "keep_for_gold": 0
  }, 
  {
    "citance_No": 19, 
    "citing_paper_id": "D07-1100", 
    "citing_paper_authority": 9, 
    "citing_paper_authors": "Tetsuji, Nakagawa", 
    "raw_text": "Collins and Koo (2005) proposed a re ranking method for phrase structure parsing with which any type of global features in a parse tree can be used", 
    "clean_text": "Collins and Koo (2005) proposed a reranking method for phrase structure parsing with which any type of global features in a parse tree can be used.", 
    "keep_for_gold": 0
  }, 
  {
    "citance_No": 20, 
    "citing_paper_id": "W12-1623", 
    "citing_paper_authority": 0, 
    "citing_paper_authors": "Ngo, Xuan Bach | Minh Le, Nguyen | Akira, Shimazu", 
    "raw_text": "In the discriminative re ranking method (Collins and Koo, 2005), first, a set of candidates is generated using a base model (GEN)", 
    "clean_text": "In the discriminative reranking method (Collins and Koo, 2005), first, a set of candidates is generated using a base model (GEN).", 
    "keep_for_gold": 0
  }
]
