[
  {
    "citance_No": 1, 
    "citing_paper_id": "P14-2128", 
    "citing_paper_authority": 0, 
    "citing_paper_authors": "Ji, Ma | Yue, Zhang | Jingbo, Zhu", 
    "raw_text": "To show that the influence of punctuation son parsing is independent of specific parsing algorithms, we conduct experiments using three parsers, each representing a different parsing methodology: the open source MST Parser 1 (McDonald and Pereira, 2006), our ownre-implementation of an arc-standard transition based parser (Nivre, 2008), which is trained using global learning and beam-search (Zhang and Clark, 2008) with a rich feature set (Zhang and Nivre, 2011) 2, and our own re-implementation of the easy-first parser (Goldberg and Elhadad, 2010) with an extended feature set (Ma et al, 2013)", 
    "clean_text": "To show that the influence of punctuations on parsing is independent of specific parsing algorithms, we conduct experiments using three parsers, each representing a different parsing methodology: the open source MST Parser 1 (McDonald and Pereira, 2006), our own re-implementation of an arc-standard transition based parser (Nivre, 2008), which is trained using global learning and beam-search (Zhang and Clark, 2008) with a rich feature set (Zhang and Nivre, 2011), and our own re-implementation of the easy-first parser (Goldberg and Elhadad, 2010) with an extended feature set (Ma et al, 2013).", 
    "keep_for_gold": 0
  }, 
  {
    "citance_No": 2, 
    "citing_paper_id": "P12-1069", 
    "citing_paper_authority": 2, 
    "citing_paper_authors": "Katsuhiko, Hayashi | Taro, Watanabe | Masayuki, Asahara | Yuji, Matsumoto", 
    "raw_text": "To select a probable child node, we define a statistical model for the prediction. In this paper, we integrate the cost from a graph based model (McDonald and Pereira, 2006) which directly models dependency links", 
    "clean_text": "In this paper, we integrate the cost from a graph-based model (McDonald and Pereira, 2006) which directly models dependency links.", 
    "keep_for_gold": 0
  }, 
  {
    "citance_No": 3, 
    "citing_paper_id": "P12-1069", 
    "citing_paper_authority": 2, 
    "citing_paper_authors": "Katsuhiko, Hayashi | Taro, Watanabe | Masayuki, Asahara | Yuji, Matsumoto", 
    "raw_text": "(4) The 1stand sibling 2nd-order models are the sameas McDonald and Pereira (2006)? s definitions, except the cost factors of the sibling 2nd-order model", 
    "clean_text": "The 1st- and sibling 2nd-order models are the same as McDonald and Pereira (2006)'s definitions, except the cost factors of the sibling 2nd-order model.", 
    "keep_for_gold": 0
  }, 
  {
    "citance_No": 4, 
    "citing_paper_id": "P12-1069", 
    "citing_paper_authority": 2, 
    "citing_paper_authors": "Katsuhiko, Hayashi | Taro, Watanabe | Masayuki, Asahara | Yuji, Matsumoto", 
    "raw_text": "This is different from McDonald and Pereira (2006) in that the cost factors for left children are cal cu lated from left to right, while those in McDonald and Pereira (2006)? s definition are calculated from right to left", 
    "clean_text": "This is different from McDonald and Pereira (2006) in that the cost factors for left children are calculated from left to right, while those in McDonald and Pereira (2006)'s definition are calculated from right to left.", 
    "keep_for_gold": 0
  }, 
  {
    "citance_No": 5, 
    "citing_paper_id": "P12-1069", 
    "citing_paper_authority": 2, 
    "citing_paper_authors": "Katsuhiko, Hayashi | Taro, Watanabe | Masayuki, Asahara | Yuji, Matsumoto", 
    "raw_text": "Zhang and Clark (2008) proposed a com bi nation approach of the transition-based algorithm with graph-based algorithm (McDonald and Pereira, 2006), which is the same as our combination model of stack-based and prediction models", 
    "clean_text": "Zhang and Clark (2008) proposed a combination approach of the transition-based algorithm with graph-based algorithm (McDonald and Pereira, 2006), which is the same as our combination model of stack-based and prediction models.", 
    "keep_for_gold": 0
  }, 
  {
    "citance_No": 6, 
    "citing_paper_id": "P12-1069", 
    "citing_paper_authority": 2, 
    "citing_paper_authors": "Katsuhiko, Hayashi | Taro, Watanabe | Masayuki, Asahara | Yuji, Matsumoto", 
    "raw_text": "A set of feature templates in (Huang and Sagae, 2010) were used for the stack-based model, and a set of feature templates in (McDonald and Pereira, 2006) were used for the 2nd-order prediction model", 
    "clean_text": "A set of feature templates in (Huang and Sagae, 2010) were used for the stack-based model, and a set of feature templates in (McDonald and Pereira, 2006) were used for the 2nd-order prediction model.", 
    "keep_for_gold": 0
  }, 
  {
    "citance_No": 7, 
    "citing_paper_id": "P10-2035", 
    "citing_paper_authority": 3, 
    "citing_paper_authors": "Kotaro, Kitagawa | Kumiko, Tanaka-Ishii", 
    "raw_text": "Al though the accuracy of our method did not reach that of (McDonald and Pereira, 2006), the scores were competitive even though our method is deterministic", 
    "clean_text": "Although the accuracy of our method did not reach that of (McDonald and Pereira, 2006), the scores were competitive even though our method is deterministic.", 
    "keep_for_gold": 0
  }, 
  {
    "citance_No": 8, 
    "citing_paper_id": "E09-1037", 
    "citing_paper_authority": 2, 
    "citing_paper_authors": "Kevin, Gimpel | Noah A., Smith", 
    "raw_text": "These include beam search (Lowerre, 1976), cube pruning, which we discuss in? 3, integer linear programming (Roth and Yih, 2004), in which arbitrary features can act as constraints on y, and approximate solutions like McDonald and Pereira (2006), in which an exact solution to a related decoding problem is found and then modified to fit the problem of interest", 
    "clean_text": "These include beam search (Lowerre, 1976), cube pruning, which we discuss in ?3, integer linear programming (Roth and Yih, 2004), in which arbitrary features can act as constraints on y, and approximate solutions like McDonald and Pereira (2006), in which an exact solution to a related decoding problem is found and then modified to fit the problem of interest.", 
    "keep_for_gold": 0
  }, 
  {
    "citance_No": 9, 
    "citing_paper_id": "P14-1043", 
    "citing_paper_authority": 0, 
    "citing_paper_authors": "Zhenghua, Li | Min, Zhang | Wenliang, Chen", 
    "raw_text": "t i denotes the POS tag of w i. b is an index between h and m. dir (i, j) and dist (i, j) denote the direction and distance of the dependency (i, j) .We adopt the second-order graph-based dependency parsing model of McDonald and Pereira (2006) as our core parser, which incorporates features from the two kinds of subtrees in Fig", 
    "clean_text": "We adopt the second-order graph-based dependency parsing model of McDonald and Pereira (2006) as our core parser, which incorporates features from the two kinds of subtrees in Fig.", 
    "keep_for_gold": 1
  }, 
  {
    "citance_No": 10, 
    "citing_paper_id": "P14-1043", 
    "citing_paper_authority": 0, 
    "citing_paper_authors": "Zhenghua, Li | Min, Zhang | Wenliang, Chen", 
    "raw_text": "d? =arg max d?? Y (x) p (d? |x; w) =arg max d?? Y (x) Score (x, d?; w) This can be done with the Viterbi decoding algorithm described in McDonald and Pereira (2006) in O (n3) parsing time", 
    "clean_text": "This can be done with the Viterbi decoding algorithm described in McDonald and Pereira (2006) in O (n3) parsing time.", 
    "keep_for_gold": 1
  }, 
  {
    "citance_No": 11, 
    "citing_paper_id": "P14-1043", 
    "citing_paper_authority": 0, 
    "citing_paper_authors": "Zhenghua, Li | Min, Zhang | Wenliang, Chen", 
    "raw_text": "463 Sup Semi McDonald and Pereira (2006) 91.5? Koo and Collins (2010) [higher-order] 93.04 Zhang and McDonald (2012) [higher-order] 93.06 Zhang and Nivre (2011) [higher-order] 92.9 Koo et al (2008) [higher-order] 92.02 93.16 Chen et al (2009) [higher-order] 92.40 93.16 Suzuki et al (2009) [higher-order, cluster] 92.70 93.79 Zhou et al (2011) [higher-order] 91.98 92.64 Chen et al (2013) [higher-order] 92.76 93.77 This work 92.34 93.19 Table 4: UAS comparison on English test data", 
    "clean_text": "", 
    "keep_for_gold": 0
  }, 
  {
    "citance_No": 12, 
    "citing_paper_id": "P14-1043", 
    "citing_paper_authority": 0, 
    "citing_paper_authors": "Zhenghua, Li | Min, Zhang | Wenliang, Chen", 
    "raw_text": "McDonald and Pereira (2006) propose a second-order graph-based parser, but use a smaller feature set than our work", 
    "clean_text": "McDonald and Pereira (2006) propose a second-order graph-based parser, but use a smaller feature set than our work.", 
    "keep_for_gold": 0
  }, 
  {
    "citance_No": 13, 
    "citing_paper_id": "W06-2934", 
    "citing_paper_authority": 6, 
    "citing_paper_authors": "Sebastian, Riedel | Ruken, Cakici | Ivan, Meza-Ruiz", 
    "raw_text": "This framework is efficient for both projective and non-projective parsing and provides an on line learning algorithm which combined with a rich feature set creates state-of-the-art performance across multiple languages (McDonald and Pereira, 2006)", 
    "clean_text": "This framework is efficient for both projective and non-projective parsing and provides an online learning algorithm which combined with a rich feature set creates state-of-the-art performance across multiple languages (McDonald and Pereira, 2006).", 
    "keep_for_gold": 0
  }, 
  {
    "citance_No": 14, 
    "citing_paper_id": "W06-2934", 
    "citing_paper_authority": 6, 
    "citing_paper_authors": "Sebastian, Riedel | Ruken, Cakici | Ivan, Meza-Ruiz", 
    "raw_text": "However, McDonald and Pereira (2006) mention the restrictive nature of this parsing algorithm", 
    "clean_text": "However, McDonald and Pereira (2006) mention the restrictive nature of this parsing algorithm.", 
    "keep_for_gold": 0
  }, 
  {
    "citance_No": 15, 
    "citing_paper_id": "W07-2216", 
    "citing_paper_authority": 22, 
    "citing_paper_authors": "Ryan, McDonald | Giorgio, Satta", 
    "raw_text": "Forneighbouring parse decisions, we extend the work of McDonald and Pereira (2006) and show that modeling verticalneighbourhoods makes parsing intractable in addition to modeling horizontal neighbourhoods", 
    "clean_text": "For neighbouring parse decisions, we extend the work of McDonald and Pereira (2006) and show that modeling vertical neighbourhoods makes parsing intractable in addition to modeling horizontal neighbourhoods.", 
    "keep_for_gold": 0
  }, 
  {
    "citance_No": 16, 
    "citing_paper_id": "W07-2216", 
    "citing_paper_authority": 22, 
    "citing_paper_authors": "Ryan, McDonald | Giorgio, Satta", 
    "raw_text": "McDonald and Pereira (2006), it was shown that non-projective dependency parsing with horizontalMarkovization is FNP-hard", 
    "clean_text": "In McDonald and Pereira (2006), it was shown that non-projective dependency parsing with horizontal Markovization is FNP-hard.", 
    "keep_for_gold": 1
  }, 
  {
    "citance_No": 17, 
    "citing_paper_id": "W07-2216", 
    "citing_paper_authority": 22, 
    "citing_paper_authors": "Ryan, McDonald | Giorgio, Satta", 
    "raw_text": "2McDonald and Pereira (2006) define this as a second-order Markov assumption", 
    "clean_text": "McDonald and Pereira (2006) define this as a second-order Markov assumption.", 
    "keep_for_gold": 0
  }, 
  {
    "citance_No": 18, 
    "citing_paper_id": "D07-1015", 
    "citing_paper_authority": 16, 
    "citing_paper_authors": "Terry, Koo | Amir, Globerson | Xavier, Carreras | Michael John, Collins", 
    "raw_text": "McDonald and Pereira (2006) define a second-order dependency parsing model in which interactions between adjacent siblings are allowed, and Carreras (2007) defines a second-order model that allows grandparent and sibling interactions", 
    "clean_text": "McDonald and Pereira (2006) define a second-order dependency parsing model in which interactions between adjacent siblings are allowed, and Carreras (2007) defines a second-order model that allows grandparent and sibling interactions.", 
    "keep_for_gold": 1
  }, 
  {
    "citance_No": 19, 
    "citing_paper_id": "D07-1127", 
    "citing_paper_authority": 2, 
    "citing_paper_authors": "Michael, Schiehlen | Kristina, Spranger", 
    "raw_text": "We also investigated an extension, McDonald and Pereira (2006) ?ssecond-order model, where more of the parsing history is taken into account, viz", 
    "clean_text": "We also investigated an extension, McDonald and Pereira (2006)'s second-order model, where more of the parsing history is taken into account, viz.", 
    "keep_for_gold": 0
  }, 
  {
    "citance_No": 20, 
    "citing_paper_id": "D11-1116", 
    "citing_paper_authority": 17, 
    "citing_paper_authors": "Stephen, Tratz | Eduard, Hovy", 
    "raw_text": "Indeed, the highest scoring parsers trained using the MSTPARSER (McDonald and Pereira, 2006) and MALTPARSER (Nivre et al, 2006) parsing suites achieved only 78.8 and 81.1 labeled attachment F1, respectively", 
    "clean_text": "Indeed, the highest scoring parsers trained using the MSTPARSER (McDonald and Pereira, 2006) and MALTPARSER (Nivre et al, 2006) parsing suites achieved only 78.8 and 81.1 labeled attachment F1, respectively.", 
    "keep_for_gold": 0
  }
]
