[
  {
    "citance_No": 1, 
    "citing_paper_id": "C04-1092", 
    "citing_paper_authority": 0, 
    "citing_paper_authors": "Thierry, Poibeau", 
    "raw_text": "Different measures have been proposed, which are not easy to evaluate (see (Lin and Pantel, 2002) for proposals)", 
    "clean_text": "Different measures have been proposed, which are not easy to evaluate (see (Lin and Pantel, 2002) for proposals).", 
    "keep_for_gold": 0
  }, 
  {
    "citance_No": 2, 
    "citing_paper_id": "P06-1100", 
    "citing_paper_authority": 11, 
    "citing_paper_authors": "Marco, Pennacchiotti | Patrick, Pantel", 
    "raw_text": "NLP researchers have developed many algorithms for mining knowledge from text and the Web, including facts (Etzioni et al 2005) ,semantic lexicons (Riloff and Shepherd 1997), concept lists (Lin and Pantel 2002), and word similarity lists (Hindle 1990)", 
    "clean_text": "NLP researchers have developed many algorithms for mining knowledge from text and the Web, including facts (Etzioni et al 2005), semantic lexicons (Riloff and Shepherd 1997), concept lists (Lin and Pantel 2002), and word similarity lists (Hindle 1990).", 
    "keep_for_gold": 0
  }, 
  {
    "citance_No": 3, 
    "citing_paper_id": "E09-1073", 
    "citing_paper_authority": 1, 
    "citing_paper_authors": "Marius, Pa&scedil;ca", 
    "raw_text": "The labeled classes are acquired in three stages: 1) extraction of a noisy pool of pairs of aclass label and a potential class instance, by applying a few Is-A extraction patterns, selected from (Hearst, 1992), to Web documents: (fruits, apple), (fruits, corn), (fruits, mango), (fruits, orange), (foods, broccoli), (crops, lettuce), (flowers, rose); 2) extraction of unlabeled clusters of distribu tionally similar phrases, by clustering vectors of contextual features collected around the occurrences of the phrases within Web documents (Lin and Pantel, 2002):{ lettuce, broccoli, corn, ..},{ carrot, mango, apple, orange, rose, ..}; 3) merging and filtering of the raw pairs and unlabeled clusters into smaller, more accurate sets of class instances associated with class labels, in an attempt to use unlabeled clusters to filter noisy raw pairs instead of merely using clusters to generalize class labels across raw pairs (Pas? ca and Van Durme, 2008) :fruits={ apple, mango, orange, ..}", 
    "clean_text": "The labeled classes are acquired in three stages: 1) extraction of a noisy pool of pairs of a class label and a potential class instance, by applying a few Is-A extraction patterns, selected from (Hearst, 1992), to Web documents: (fruits, apple), (fruits, corn), (fruits, mango), (fruits, orange), (foods, broccoli), (crops, lettuce), (flowers, rose); 2) extraction of unlabeled clusters of distributionally similar phrases, by clustering vectors of contextual features collected around the occurrences of the phrases within Web documents (Lin and Pantel, 2002).", 
    "keep_for_gold": 0
  }, 
  {
    "citance_No": 4, 
    "citing_paper_id": "C08-1051", 
    "citing_paper_authority": 1, 
    "citing_paper_authors": "Nobuhiro, Kaji | Masaru, Kitsuregawa", 
    "raw_text": "405 P R F 1 proposed .383 .437 .408 multinomial mixture .360 .374 .367 Newman (2004) .318 .353 .334 cosine .603 .114 .192? -skew divergence (Lee, 1999) .730 .155 .255 Lin? s similarity (Lin, 1998) .691 .096 .169 CBC (Lin and Pantel, 2002) .981 .060 .114 Table 3: Precision, recall, and F-measure.all the baseline systems", 
    "clean_text": "", 
    "keep_for_gold": 0
  }, 
  {
    "citance_No": 5, 
    "citing_paper_id": "C08-1051", 
    "citing_paper_authority": 1, 
    "citing_paper_authors": "Nobuhiro, Kaji | Masaru, Kitsuregawa", 
    "raw_text": "For CBC we simply used the same parameter values as reported in (Lin and Pantel, 2002)", 
    "clean_text": "For CBC we simply used the same parameter values as reported in (Lin and Pantel, 2002).", 
    "keep_for_gold": 0
  }, 
  {
    "citance_No": 6, 
    "citing_paper_id": "P06-2071", 
    "citing_paper_authority": 4, 
    "citing_paper_authors": "Nicolas, Loeff | Cecilia Ovesdotter, Alm | David A., Forsyth", 
    "raw_text": "(Schu ?tze, 1998) and (Lin and Pantel, 2002a, b) show that clustering methods are helpful in this area", 
    "clean_text": "(Schutze, 1998) and (Lin and Pantel, 2002a, b) show that clustering methods are helpful in this area.", 
    "keep_for_gold": 0
  }, 
  {
    "citance_No": 7, 
    "citing_paper_id": "D10-1106", 
    "citing_paper_authority": 15, 
    "citing_paper_authors": "Stefan, Schoenmackers | Jesse, Davis | Oren, Etzioni | Daniel S., Weld", 
    "raw_text": "Options for identifying interesting classes include manually created methods (WordNet (Miller et al, 1990)), textual patterns (Hearst, 1992), automated clustering (Lin and Pantel, 2002), and combinations (Snow et al, 2006)", 
    "clean_text": "Options for identifying interesting classes include manually created methods (WordNet (Miller et al, 1990)), textual patterns (Hearst, 1992), automated clustering (Lin and Pantel, 2002), and combinations (Snow et al, 2006).", 
    "keep_for_gold": 0
  }, 
  {
    "citance_No": 8, 
    "citing_paper_id": "W08-1910", 
    "citing_paper_authority": 0, 
    "citing_paper_authors": "Kyoko, Kanzaki | Noriko, Tomuro | Hitoshi, Isahara", 
    "raw_text": "Mutual information (MI) is an information theoric measure and has been used in many NLP tasks, including clustering words (e.g. Lin and Pantel, 2002)", 
    "clean_text": "Mutual information (MI) is an information theoric measure and has been used in many NLP tasks, including clustering words (e.g. Lin and Pantel, 2002).", 
    "keep_for_gold": 1
  }, 
  {
    "citance_No": 9, 
    "citing_paper_id": "W10-2302", 
    "citing_paper_authority": 0, 
    "citing_paper_authors": "Hugo, Gon&ccedil;alo Oliveira | Paulo, Gomes", 
    "raw_text": "(Lin and Pantel, 2002) (Turney, 2001))", 
    "clean_text": "", 
    "keep_for_gold": 0
  }, 
  {
    "citance_No": 10, 
    "citing_paper_id": "W10-2302", 
    "citing_paper_authority": 0, 
    "citing_paper_authors": "Hugo, Gon&ccedil;alo Oliveira | Paulo, Gomes", 
    "raw_text": "(Lin and Pantel, 2002) (Turney, 2001) (Dorow, 2006)) .Nevertheless, methods for synonymy identification based on co-occurrences (e.g", 
    "clean_text": "", 
    "keep_for_gold": 0
  }, 
  {
    "citance_No": 11, 
    "citing_paper_id": "P06-1015", 
    "citing_paper_authority": 74, 
    "citing_paper_authors": "Patrick, Pantel | Marco, Pennacchiotti", 
    "raw_text": "To date, researchers have harvested, with varying success, several resources, including concept lists (Lin and Pantel 2002), topic signatures (Lin and Hovy 2000), facts (Etzioni et al 2005), and word similarity lists (Hindle 1990)", 
    "clean_text": "To date, researchers have harvested, with varying success, several resources, including concept lists (Lin and Pantel 2002), topic signatures (Lin and Hovy 2000), facts (Etzioni et al 2005), and word similarity lists (Hindle 1990).", 
    "keep_for_gold": 0
  }, 
  {
    "citance_No": 12, 
    "citing_paper_id": "P11-1162", 
    "citing_paper_authority": 0, 
    "citing_paper_authors": "Zornitsa, Kozareva | Eduard, Hovy", 
    "raw_text": "To extract this information, (Linand Pantel, 2002) showed the effect of using different sizes and genres of corpora such as news and Web documents", 
    "clean_text": "To extract this information, (Lin and Pantel, 2002) showed the effect of using different sizes and genres of corpora such as news and Web documents.", 
    "keep_for_gold": 0
  }, 
  {
    "citance_No": 13, 
    "citing_paper_id": "C08-1023", 
    "citing_paper_authority": 1, 
    "citing_paper_authors": "Sebastian, Chica | Faisal, Ahmad | James H., Martin | Tamara, Sumner", 
    "raw_text": "Clustering by committee has also been used to discover concepts from a text by grouping terms into conceptually related clusters (Lin and Pantel, 2002)", 
    "clean_text": "Clustering by committee has also been used to discover concepts from a text by grouping terms into conceptually related clusters (Lin and Pantel, 2002).", 
    "keep_for_gold": 0
  }
]
