[
  {
    "citance_No": 1, 
    "citing_paper_id": "W02-1815", 
    "citing_paper_authority": 8, 
    "citing_paper_authors": "Nianwen, Xue | Susan P., Converse", 
    "raw_text": "2000, Xue et al. 2002) and they consist of Xinhua newswire articles", 
    "clean_text": "", 
    "keep_for_gold": 0
  }, 
  {
    "citance_No": 2, 
    "citing_paper_id": "P11-2126", 
    "citing_paper_authority": 2, 
    "citing_paper_authors": "Muhua, Zhu | Jingbo, Zhu | Minghan, Hu", 
    "raw_text": "1 which depicts a sentence annotated with standards of Tsinghua Chinese Treebank (TCT) (Zhou, 1996) and Penn Chinese Treebank (CTB) (Xue et al, 2002), respectively", 
    "clean_text": "", 
    "keep_for_gold": 0
  }, 
  {
    "citance_No": 3, 
    "citing_paper_id": "W06-0123", 
    "citing_paper_authority": 0, 
    "citing_paper_authors": "Kun, Yu | Sadao, Kurohashi | Hao, Liu | Toshiaki, Nakazawa", 
    "raw_text": "It is also binary feature and all the punctuations in the punctuation character list come from Penn Chinese Tree bank 5.1 (N.Xue et al,2002)", 
    "clean_text": "It is also binary feature and all the punctuations in the punctuation character list come from Penn Chinese Tree bank 5.1 (N.Xue et al,2002).", 
    "keep_for_gold": 0
  }, 
  {
    "citance_No": 4, 
    "citing_paper_id": "W06-0123", 
    "citing_paper_authority": 0, 
    "citing_paper_authors": "Kun, Yu | Sadao, Kurohashi | Hao, Liu | Toshiaki, Nakazawa", 
    "raw_text": "At last, all the punctuations in Penn Chinese Treebank 5.1 (N.Xue et al,2002) and all the words in the training data of UPUC and MSRAcorpuses are added into the lexicon", 
    "clean_text": "At last, all the punctuations in Penn Chinese Treebank 5.1 (N.Xue et al,2002).", 
    "keep_for_gold": 0
  }, 
  {
    "citance_No": 5, 
    "citing_paper_id": "D07-1117", 
    "citing_paper_authority": 7, 
    "citing_paper_authors": "Zhongqiang, Huang | Mary P., Harper | Wen, Wang", 
    "raw_text": "(2005) reported accuracies of 93% and 93.74% on CTB-I (Xue et al, 2002) (100K words) and CTB 5.0 (500K words), respectively, each using a Maximum Entropy approach", 
    "clean_text": "reported accuracies of 93% and 93.74% on CTB-I (Xue et al, 2002) (100K words) and CTB 5.0 (500K words), respectively, each using a Maximum Entropy approach.", 
    "keep_for_gold": 0
  }, 
  {
    "citance_No": 6, 
    "citing_paper_id": "W06-0138", 
    "citing_paper_authority": 1, 
    "citing_paper_authors": "Mengqiu, Wang | Yanxin, Shi", 
    "raw_text": "Furthermore, to evaluate our re ranking method? s impact on the POS tagging task, we also performed 10-fold cross-validation tests on the 250k Penn 205Chinese Treebank (CTB) (Xue et al, 2002)", 
    "clean_text": "Furthermore, to evaluate our reranking method's impact on the POS tagging task, we also performed 10-fold cross-validation tests on the 250k Penn 205Chinese Treebank (CTB) (Xue et al, 2002).", 
    "keep_for_gold": 0
  }, 
  {
    "citance_No": 7, 
    "citing_paper_id": "D09-1135", 
    "citing_paper_authority": 3, 
    "citing_paper_authors": "Xiaojun, Lin | Yang, Fan | Meng, Zhang | Xihong, Wu | Huisheng, Chi", 
    "raw_text": "As it is shown in Fig 1302 DataSet Chinese English Xue et al (2002) Marcus et al (1993) TrainSet Art", 
    "clean_text": "", 
    "keep_for_gold": 0
  }, 
  {
    "citance_No": 8, 
    "citing_paper_id": "I05-3004", 
    "citing_paper_authority": 1, 
    "citing_paper_authors": "Hui, Guo | Huayan, Zhong", 
    "raw_text": "We use the Penn Chinese Treebank (Xue et al, 2002) as our corpus and the ontology/lexiconHowNet (Dong and Dong, 2000) to get ontological features for nouns", 
    "clean_text": "We use the Penn Chinese Treebank (Xue et al, 2002) as our corpus and the ontology/lexicon HowNet (Dong and Dong, 2000) to get ontological features for nouns.", 
    "keep_for_gold": 0
  }, 
  {
    "citance_No": 9, 
    "citing_paper_id": "W09-1121", 
    "citing_paper_authority": 8, 
    "citing_paper_authors": "Roi, Reichart | Ari, Rappoport", 
    "raw_text": "We follow the experimental setup in (Reichartand Rappoport, 2008), running the algorithm on English, German and Chinese corpora: the WSJ Penn Treebank (English), the Negra corpus (Brants, 1997) (German), and version 5.0 of the Chinese Penn Tree bank (Xue et al, 2002)", 
    "clean_text": "We follow the experimental setup in (Reichartand Rappoport, 2008), running the algorithm on English, German and Chinese corpora: the WSJ Penn Treebank (English), the Negra corpus (Brants, 1997) (German), and version 5.0 of the Chinese Penn Tree bank (Xue et al, 2002).", 
    "keep_for_gold": 0
  }, 
  {
    "citance_No": 10, 
    "citing_paper_id": "D07-1027", 
    "citing_paper_authority": 4, 
    "citing_paper_authors": "Yuqing, Guo | Haifeng, Wang | Josef, van Genabith", 
    "raw_text": "In the Penn Chinese Treebank (CTB) (Xue et al, 2002) non-local dependencies are represented in terms of empty categories (ECs) and (for some of them) co indexation with antecedents, as exemplified in Figure 1", 
    "clean_text": "In the Penn Chinese Treebank (CTB) (Xue et al, 2002) non-local dependencies are represented in terms of empty categories (ECs) and (for some of them) co indexation with antecedents, as exemplified in Figure 1.", 
    "keep_for_gold": 0
  }, 
  {
    "citance_No": 11, 
    "citing_paper_id": "N07-2051", 
    "citing_paper_authority": 1, 
    "citing_paper_authors": "Kun, Yu | Sadao, Kurohashi | Hao, Liu", 
    "raw_text": "After analyzing the dependency structure of sentences in Penn Chinese Treebank 5.1 (Xue et al, 2002), we found an interesting phenomenon: if we define a main-root as the head of a sentence, and define a subsentence as a sequence of words separated by punctuations, and the head1 of these words is the child of main root or main-root itself, then the punctuations that depend on main-root can be a separator of sub-sentences", 
    "clean_text": "After analyzing the dependency structure of sentences in Penn Chinese Treebank 5.1 (Xue et al, 2002), we found an interesting phenomenon: if we define a main-root as the head of a sentence, and define a subsentence as a sequence of words separated by punctuations, and the head1 of these words is the child of main root or main-root itself, then the punctuations that depend on main-root can be a separator of sub-sentences.", 
    "keep_for_gold": 0
  }, 
  {
    "citance_No": 12, 
    "citing_paper_id": "D09-1127", 
    "citing_paper_authority": 32, 
    "citing_paper_authors": "Liang, Huang | Wenbin, Jiang | Qun, Liu", 
    "raw_text": "The bilingual data we use is the translated portion of the Penn Chinese Treebank (CTB) (Xue et al, 2002), corresponding to articles 1-325ofPTB, which have English translations with gold standard parse trees (Bies et al, 2007)", 
    "clean_text": "The bilingual data we use is the translated portion of the Penn Chinese Treebank (CTB) (Xue et al, 2002), corresponding to articles 1-325 of PTB, which have English translations with gold standard parse trees (Bies et al, 2007).", 
    "keep_for_gold": 0
  }, 
  {
    "citance_No": 13, 
    "citing_paper_id": "W10-4143", 
    "citing_paper_authority": 0, 
    "citing_paper_authors": "Qiang, Zhou | Jingbo, Zhu", 
    "raw_text": "Based on the Penn Chinese Treebank (CTB) (Xue et al, 2002) developed on the similar annotation scheme of PTB, these parsing techniques were also transferred to the Chinese language", 
    "clean_text": "Based on the Penn Chinese Treebank (CTB) (Xue et al, 2002) developed on the similar annotation scheme of PTB, these parsing techniques were also transferred to the Chinese language.", 
    "keep_for_gold": 0
  }, 
  {
    "citance_No": 14, 
    "citing_paper_id": "C04-1060", 
    "citing_paper_authority": 12, 
    "citing_paper_authors": "Hao, Zhang | Daniel, Gildea", 
    "raw_text": "a typical sentence from our corpus. While we did not have human-annotated gold standard parses for our training data, we did have human annotated parses for the Chinese side of our test data, which was taken from the Penn Chinese Treebank (Xue et al, 2002)", 
    "clean_text": "While we did not have human-annotated gold standard parses for our training data, we did have human annotated parses for the Chinese side of our test data, which was taken from the Penn Chinese Treebank (Xue et al, 2002).", 
    "keep_for_gold": 0
  }, 
  {
    "citance_No": 15, 
    "citing_paper_id": "W06-2912", 
    "citing_paper_authority": 11, 
    "citing_paper_authors": "Rens, Bod", 
    "raw_text": "We next tested U DOP on two additional domains from Chinese and German which were also used in Klein and Manning (2002, 2004): the Chinese tree bank (Xue et al 2002) and the NEGRA corpus (Skut et al 1997)", 
    "clean_text": "We next tested U DOP on two additional domains from Chinese and German which were also used in Klein and Manning (2002, 2004): the Chinese tree bank (Xue et al 2002) and the NEGRA corpus (Skut et al 1997).", 
    "keep_for_gold": 0
  }, 
  {
    "citance_No": 16, 
    "citing_paper_id": "P06-1109", 
    "citing_paper_authority": 21, 
    "citing_paper_authors": "Rens, Bod", 
    "raw_text": "We next tested UML-DOP on two additional domains which were also used in Klein and Manning (2004) and Bod (2006): the German NEGRA10 (Skut et al 1997) and the Chinese CTB10 (Xue et al 2002) both containing 2200+ sentences? 10 words after removing punctuation", 
    "clean_text": "We next tested UML-DOP on two additional domains which were also used in Klein and Manning (2004) and Bod (2006): the German NEGRA10 (Skut et al 1997) and the Chinese CTB10 (Xue et al 2002) both containing 2200+ sentences 10 words after removing punctuation.", 
    "keep_for_gold": 0
  }, 
  {
    "citance_No": 17, 
    "citing_paper_id": "I05-3005", 
    "citing_paper_authority": 16, 
    "citing_paper_authors": "Huihsin, Tseng | Daniel, Jurafsky | Christopher D., Manning", 
    "raw_text": "The closest result in the literature is Xue et al (2002), who retrain the Ratnaparkhi (1996) tagger and reach accuracies of 93% using CTB-I", 
    "clean_text": "The closest result in the literature is Xue et al (2002), who retrain the Ratnaparkhi (1996) tagger and reach accuracies of 93% using CTB-I.", 
    "keep_for_gold": 0
  }, 
  {
    "citance_No": 18, 
    "citing_paper_id": "I05-3005", 
    "citing_paper_authority": 16, 
    "citing_paper_authors": "Huihsin, Tseng | Daniel, Jurafsky | Christopher D., Manning", 
    "raw_text": "However, our performance on tagging when trained on Training I and tested on just the XH part of the test set is 94.44%, which might be a more relevant comparison to Xue et al (2002)", 
    "clean_text": "However, our performance on tagging when trained on Training I and tested on just the XH part of the test set is 94.44%, which might be a more relevant comparison to Xue et al (2002).", 
    "keep_for_gold": 0
  }, 
  {
    "citance_No": 19, 
    "citing_paper_id": "P10-1131", 
    "citing_paper_authority": 18, 
    "citing_paper_authors": "Taylor, Berg-Kirkpatrick | Dan, Klein", 
    "raw_text": "For English and Chinese we use sections 2-21 of the Penn Treebank (PTB) (Marcus et al,1993) and sections 1-270 of the Chinese Treebank (CTB) (Xue et al, 2002) respectively", 
    "clean_text": "For English and Chinese we use sections 2-21 of the Penn Treebank (PTB) (Marcus et al,1993) and sections 1-270 of the Chinese Treebank (CTB) (Xue et al, 2002) respectively.", 
    "keep_for_gold": 0
  }, 
  {
    "citance_No": 20, 
    "citing_paper_id": "N10-1083", 
    "citing_paper_authority": 47, 
    "citing_paper_authors": "Taylor, Berg-Kirkpatrick | Alexandre, Bouchard-C&ocirc;t&eacute; | John, DeNero | Dan, Klein", 
    "raw_text": "We train on sections 1-270 of the Penn Chinese Treebank (Xue et al, 2002), similarly reduced (CTB10)", 
    "clean_text": "We train on sections 1-270 of the Penn Chinese Treebank (Xue et al, 2002), similarly reduced (CTB10).", 
    "keep_for_gold": 0
  }
]
