[
  {
    "citance_No": 1, 
    "citing_paper_id": "P11-1109", 
    "citing_paper_authority": 4, 
    "citing_paper_authors": "Chikara, Hashimoto | Kentaro, Torisawa | Stijn, De Saeger | Jun'ichi, Kazama | Sadao, Kurohashi", 
    "raw_text": "For a more extensive survey on paraphrasing methods, see Androutsopoulos and Malakasiotis (2010) and Madnani and Dorr (2010)", 
    "clean_text": "For a more extensive survey on paraphrasing methods, see Androutsopoulos and Malakasiotis (2010) and Madnani and Dorr (2010).", 
    "keep_for_gold": 0
  }, 
  {
    "citance_No": 2, 
    "citing_paper_id": "W12-2910", 
    "citing_paper_authority": 2, 
    "citing_paper_authors": "David, Figueroa | Stefan, Bott | Horacio, Saggion", 
    "raw_text": "There are various data-driven approaches to this NLP-task (Madnani and Dorr, 2010), but they usually focus on lexical paraphrases and do not address the problem of sentence splitting, either. Such data-driven methods are very attractive, especially because they are in principle language in dependent, but they do depend on a large amount of data, which are not available for the majority of languages", 
    "clean_text": "There are various data-driven approaches to this NLP-task (Madnani and Dorr, 2010), but they usually focus on lexical paraphrases and do not address the problem of sentence splitting, either.", 
    "keep_for_gold": 0
  }, 
  {
    "citance_No": 3, 
    "citing_paper_id": "D11-1108", 
    "citing_paper_authority": 13, 
    "citing_paper_authors": "Juri, Ganitkevitch | Chris, Callison-Burch | Courtney, Napoles | Benjamin, van Durme", 
    "raw_text": "Madnani and Dorr (2010) survey a variety of data driven paraphrasing techniques, categorizing them based on the type of data that they use", 
    "clean_text": "Madnani and Dorr (2010) survey a variety of data driven paraphrasing techniques, categorizing them based on the type of data that they use.", 
    "keep_for_gold": 1
  }, 
  {
    "citance_No": 4, 
    "citing_paper_id": "W11-1610", 
    "citing_paper_authority": 7, 
    "citing_paper_authors": "Courtney, Napoles | Chris, Callison-Burch | Juri, Ganitkevitch | Benjamin, van Durme", 
    "raw_text": "It could be applied to other data driven paraphrasing techniques (see Madnani and Dorr (2010) for a survey)", 
    "clean_text": "It could be applied to other data driven paraphrasing techniques (see Madnani and Dorr (2010) for a survey).", 
    "keep_for_gold": 0
  }, 
  {
    "citance_No": 5, 
    "citing_paper_id": "W12-2009", 
    "citing_paper_authority": 0, 
    "citing_paper_authors": "Shi-Ting, Huang | Chung-chi, Huang | Mei-hua, Chen | Hsien-Chin, Liou | Jason S., Chang", 
    "raw_text": "Paraphrase generation, on the other hand, has been an area of active research and the related work has been thoroughly surveyed in Androutsopoulos and Malakasiotis (2010) as well as in Madnani and Dorr (2010)", 
    "clean_text": "Paraphrase generation, on the other hand, has been an area of active research and the related work has been thoroughly surveyed in Androutsopoulos and Malakasiotis (2010) as well as in Madnani and Dorr (2010).", 
    "keep_for_gold": 0
  }, 
  {
    "citance_No": 6, 
    "citing_paper_id": "N12-1034", 
    "citing_paper_authority": 2, 
    "citing_paper_authors": "Sasa, Petrovic | Miles, Osborne | Victor, Lavrenko", 
    "raw_text": "A much more detailed discussion on the use of paraphrases and ways to extract them is given in (Madnani and Dorr, 2010)", 
    "clean_text": "A much more detailed discussion on the use of paraphrases and ways to extract them is given in (Madnani and Dorr, 2010).", 
    "keep_for_gold": 0
  }, 
  {
    "citance_No": 7, 
    "citing_paper_id": "W11-2128", 
    "citing_paper_authority": 2, 
    "citing_paper_authors": "Yuval, Marton | Ahmed, El Kholy | Nizar, Habash", 
    "raw_text": "See Madnani and Dorr (2010) for a good paraphrasing survey. Work on measuring distributional semantic distance: For one survey of this rich topic, see Weeds et al (2004) and Turney and Pantel (2010)", 
    "clean_text": "See Madnani and Dorr (2010) for a good paraphrasing survey.", 
    "keep_for_gold": 0
  }, 
  {
    "citance_No": 8, 
    "citing_paper_id": "P11-2096", 
    "citing_paper_authority": 6, 
    "citing_paper_authors": "Donald, Metzler | Eduard, Hovy | Chunliang, Zhang", 
    "raw_text": "More comprehensive surveys of data-driven paraphrasing techniques can be found in Androutsopoulos and Malakasiotis (2010) and Madnani and Dorr (2010)", 
    "clean_text": "More comprehensive surveys of data-driven paraphrasing techniques can be found in Androutsopoulos and Malakasiotis (2010) and Madnani and Dorr (2010).", 
    "keep_for_gold": 0
  }, 
  {
    "citance_No": 9, 
    "citing_paper_id": "P11-2096", 
    "citing_paper_authority": 6, 
    "citing_paper_authors": "Donald, Metzler | Eduard, Hovy | Chunliang, Zhang", 
    "raw_text": "As Madnani and Dorr (Madnani and Dorr, 2010) suggested, it would be beneficial to the research community to develop a standard, shared evaluation that would act to catalyze further advances and encourage more meaningful comparative evaluations of such approaches moving forward", 
    "clean_text": "As Madnani and Dorr (Madnani and Dorr, 2010) suggested, it would be beneficial to the research community to develop a standard, shared evaluation that would act to catalyze further advances and encourage more meaningful comparative evaluations of such approaches moving forward.", 
    "keep_for_gold": 0
  }, 
  {
    "citance_No": 10, 
    "citing_paper_id": "W11-2701", 
    "citing_paper_authority": 1, 
    "citing_paper_authors": "Dimitrios, Galanis | Ion, Androutsopoulos", 
    "raw_text": "et al, 2009), but they require accurate paraphrase recognizers (Androutsopoulos and Malakasio tis, 2010), which are not yet available; or they assume that the same paraphrase generation resources (Madnani and Dorr, 2010), for example paraphrasing rules, that some abstractive sentence compressors (including ours) use always produce acceptable paraphrases, which is not the case as discussed below", 
    "clean_text": "they assume that the same paraphrase generation resources (Madnani and Dorr, 2010), for example paraphrasing rules, that some abstractive sentence compressors (including ours) use always produce acceptable paraphrases, which is not the case as discussed below.", 
    "keep_for_gold": 0
  }, 
  {
    "citance_No": 11, 
    "citing_paper_id": "W12-0110", 
    "citing_paper_authority": 0, 
    "citing_paper_authors": "Svetla, Koeva", 
    "raw_text": "Paraphrase generation methods that operate both on a single monolingual corpus or on parallel corpus are discussed by Madnani and Dorr 2010", 
    "clean_text": "Paraphrase generation methods that operate both on a single monolingual corpus or on parallel corpus are discussed by Madnani and Dorr 2010.", 
    "keep_for_gold": 0
  }, 
  {
    "citance_No": 12, 
    "citing_paper_id": "D11-1010", 
    "citing_paper_authority": 8, 
    "citing_paper_authors": "Daniel, Dahlmeier | Hwee Tou, Ng", 
    "raw_text": "Instead, we automatically extract confusable candidates from a parallel corpus. Synonym extraction (Wu and Zhou, 2003) ,lexi cal substitution (McCarthy and Navigli, 2007) and paraphrasing (Madnani and Dorr, 2010) are related to collocation correction in the sense that they try to find semantically equivalent words or phrases", 
    "clean_text": "Synonym extraction (Wu and Zhou, 2003), lexical substitution (McCarthy and Navigli, 2007) and paraphrasing (Madnani and Dorr, 2010) are related to collocation correction in the sense that they try to find semantically equivalent words or phrases.", 
    "keep_for_gold": 0
  }, 
  {
    "citance_No": 13, 
    "citing_paper_id": "D12-1058", 
    "citing_paper_authority": 2, 
    "citing_paper_authors": "Atsushi, Fujita | Pierre, Isabelle | Roland, Kuhn", 
    "raw_text": "is the most fundamental semantic relationship, techniques for generating and recognizing paraphrases play an important role in a wide range of natural language processing tasks (Madnani and Dorr, 2010) .In the last decade, automatic acquisition of knowledge about paraphrases from corpora has been drawing the attention of many researchers", 
    "clean_text": "Because equivalence is the most fundamental semantic relationship, techniques for generating and recognizing paraphrases play an important role in a wide range of natural language processing tasks (Madnani and Dorr, 2010).", 
    "keep_for_gold": 0
  }, 
  {
    "citance_No": 14, 
    "citing_paper_id": "W11-2504", 
    "citing_paper_authority": 5, 
    "citing_paper_authors": "Tsz Ping, Chan | Chris, Callison-Burch | Benjamin, van Durme", 
    "raw_text": "Data-driven paraphrase acquisition techniques can be categorized by the type of data that they use (Madnani and Dorr,2010)", 
    "clean_text": "Data-driven paraphrase acquisition techniques can be categorized by the type of data that they use (Madnani and Dorr,2010).", 
    "keep_for_gold": 0
  }, 
  {
    "citance_No": 15, 
    "citing_paper_id": "W12-2005", 
    "citing_paper_authority": 1, 
    "citing_paper_authors": "Joel R., Tetreault | Nitin, Madnani | Martin, Chodorow", 
    "raw_text": "A detailed survey of paraphrase generation techniques can be found in (Androutsopoulos and Malakasiotis, 2010) and (Madnani and Dorr, 2010)", 
    "clean_text": "A detailed survey of paraphrase generation techniques can be found in (Androutsopoulos and Malakasiotis, 2010) and (Madnani and Dorr, 2010).", 
    "keep_for_gold": 0
  }, 
  {
    "citance_No": 16, 
    "citing_paper_id": "D12-1066", 
    "citing_paper_authority": 1, 
    "citing_paper_authors": "Aur&eacute;lien, Max | Houda, Bouamor | Anne, Vilnat", 
    "raw_text": "Sub-sentential paraphrases can be acquired from text pairs expressing the same meaning (Madnani and Dorr, 2010)", 
    "clean_text": "Sub-sentential paraphrases can be acquired from text pairs expressing the same meaning (Madnani and Dorr, 2010).", 
    "keep_for_gold": 0
  }, 
  {
    "citance_No": 17, 
    "citing_paper_id": "D12-1066", 
    "citing_paper_authority": 1, 
    "citing_paper_authors": "Aur&eacute;lien, Max | Houda, Bouamor | Anne, Vilnat", 
    "raw_text": "Over the years, paraphrase acquisition and generation have attracted a wealth of research works that are too many to adequatly summarize here: (Madnani and Dorr, 2010) presents a complete and up to-date review of the main approaches", 
    "clean_text": "Over the years, paraphrase acquisition and generation have attracted a wealth of research works that are too many to adequatly summarize here: (Madnani and Dorr, 2010) presents a complete and up to-date review of the main approaches.", 
    "keep_for_gold": 0
  }, 
  {
    "citance_No": 18, 
    "citing_paper_id": "W11-1602", 
    "citing_paper_authority": 0, 
    "citing_paper_authors": "Houda, Bouamor | Aur&eacute;lien, Max | Gabriel, Illouz | Anne, Vilnat", 
    "raw_text": "The wide variety of techniques for acquiring phrasal paraphrases, which can subsequently be used by text paraphrasing techniques (Madnani and Dorr, 2010), the inherent polysemy of such linguistic units and the pragmatic constraints on their uses make it impossible to ensure that potential paraphrase pairs will be substitutable in any context, an observation which was already made at a lexical level (Zhao et al., 2007)", 
    "clean_text": "The wide variety of techniques for acquiring phrasal paraphrases, which can subsequently be used by text paraphrasing techniques (Madnani and Dorr, 2010), the inherent polysemy of such linguistic units and the pragmatic constraints on their uses make it impossible to ensure that potential paraphrase pairs will be substitutable in any context, an observation which was already made at a lexical level (Zhao et al., 2007).", 
    "keep_for_gold": 0
  }, 
  {
    "citance_No": 19, 
    "citing_paper_id": "P11-2069", 
    "citing_paper_authority": 1, 
    "citing_paper_authors": "Houda, Bouamor | Aur&eacute;lien, Max | Anne, Vilnat", 
    "raw_text": "The acquisition of sub sentential paraphrases has attracted a lot of attention recently (Madnani and Dorr,2010)", 
    "clean_text": "The acquisition of sub-sentential paraphrases has attracted a lot of attention recently (Madnani and Dorr,2010).", 
    "keep_for_gold": 0
  }
]
