[
  {
    "citance_No": 1, 
    "citing_paper_id": "W10-1409", 
    "citing_paper_authority": 11, 
    "citing_paper_authors": "Marie, Candito | Djam&eacute;, Seddah", 
    "raw_text": "8The conversion uses head propagation rules to find the head on the right-hand side of the CFG rules, first proposed for English in (Magerman, 1995)", 
    "clean_text": "The conversion uses head propagation rules to find the head on the right-hand side of the CFG rules, first proposed for English in (Magerman, 1995).", 
    "keep_for_gold": 0
  }, 
  {
    "citance_No": 2, 
    "citing_paper_id": "W06-1638", 
    "citing_paper_authority": 4, 
    "citing_paper_authors": "Markus, Dreyer | Jason M., Eisner", 
    "raw_text": "He 1Not to mention earlier non-PCFG lexicalized statistical parsers, notably Magerman (1995) for the Penn Treebank.also modified the tree bank to contain different labels for standard and for base noun phrases", 
    "clean_text": "Not to mention earlier non-PCFG lexicalized statistical parsers, notably Magerman (1995) for the Penn Treebank, also modified the treebank to contain different labels for standard and for base noun phrases.", 
    "keep_for_gold": 0
  }, 
  {
    "citance_No": 3, 
    "citing_paper_id": "P09-2012", 
    "citing_paper_authority": 23, 
    "citing_paper_authors": "Matt, Post | Daniel, Gildea", 
    "raw_text": "Furthermore, subtrees with terminal symbols can be viewed as learning dependencies among the words in the subtree, obviating the need for the manual specification (Magerman, 1995) or automatic inference (Chiang and Bikel, 2002) of lexical dependencies", 
    "clean_text": "Furthermore, subtrees with terminal symbols can be viewed as learning dependencies among the words in the subtree, obviating the need for the manual specification (Magerman, 1995) or automatic inference (Chiang and Bikel, 2002) of lexical dependencies.", 
    "keep_for_gold": 0
  }, 
  {
    "citance_No": 4, 
    "citing_paper_id": "W01-0521", 
    "citing_paper_authority": 84, 
    "citing_paper_authors": "Daniel, Gildea", 
    "raw_text": "The probability models of Charniak (1997), Magerman (1995) and Ratnaparkhi (1997 )dier in their details but are based on similar features", 
    "clean_text": "The probability models of Charniak (1997), Magerman (1995) and Ratnaparkhi (1997) dier in their details but are based on similar features.", 
    "keep_for_gold": 0
  }, 
  {
    "citance_No": 5, 
    "citing_paper_id": "C10-2013", 
    "citing_paper_authority": 10, 
    "citing_paper_authors": "Marie, Candito | Joakim, Nivre | Pascal, Denis | Enrique, Henestroza Anguiano", 
    "raw_text": "Function labels are appended to syntactic category symbols and are either used or ignored, depending on the task.FTB-UC-DEP is a dependency tree bank derived from FTB-UC using the classic technique of head propagation rules, ?rst proposed for English by Magerman (1995)", 
    "clean_text": "FTB-UC-DEP is a dependency tree bank derived from FTB-UC using the classic technique of head propagation rules, first proposed for English by Magerman (1995).", 
    "keep_for_gold": 1
  }, 
  {
    "citance_No": 6, 
    "citing_paper_id": "W02-2030", 
    "citing_paper_authority": 7, 
    "citing_paper_authors": "Kristina, Toutanova | Christopher D., Manning", 
    "raw_text": "Decision trees have been applied for feature selection for statistical parsing models by Magerman (1995) and Haruno et al", 
    "clean_text": "Decision trees have been applied for feature selection for statistical parsing models by Magerman (1995) and Haruno et al.", 
    "keep_for_gold": 0
  }, 
  {
    "citance_No": 7, 
    "citing_paper_id": "W02-2030", 
    "citing_paper_authority": 7, 
    "citing_paper_authors": "Kristina, Toutanova | Christopher D., Manning", 
    "raw_text": "This is a similar, but more limited, strategy to the one used by Magerman (1995)", 
    "clean_text": "This is a similar, but more limited, strategy to the one used by Magerman (1995).", 
    "keep_for_gold": 0
  }, 
  {
    "citance_No": 8, 
    "citing_paper_id": "P05-1039", 
    "citing_paper_authority": 15, 
    "citing_paper_authors": "Amit, Dubey", 
    "raw_text": "bracket scores (Magerman, 1995), with the brackets labeled by syntactic categories but not grammatical functions", 
    "clean_text": "In both cases, we report PARSEVAL labeled bracket scores (Magerman, 1995), with the brackets labeled by syntactic categories but not grammatical functions.", 
    "keep_for_gold": 0
  }, 
  {
    "citance_No": 9, 
    "citing_paper_id": "N03-1030", 
    "citing_paper_authority": 59, 
    "citing_paper_authors": "Radu, Soricut | Daniel, Marcu", 
    "raw_text": "We apply canonical lexical head projection rules (Magerman, 1995) in order to lexicalize syntactic trees", 
    "clean_text": "We apply canonical lexical head projection rules (Magerman, 1995) in order to lexicalize syntactic trees.", 
    "keep_for_gold": 0
  }, 
  {
    "citance_No": 10, 
    "citing_paper_id": "W03-1005", 
    "citing_paper_authority": 16, 
    "citing_paper_authors": "Peter, Dienes | Amit, Dubey", 
    "raw_text": "We calculate the precision, recall, and F score; however for brevity? s sake we only report the F-score for most experiments in this section. In addition to antecedent recovery, we also re port parsing accuracy, using the bracketing F-Score, the combined measure of PARSEVAL-style labeled bracketing precision and recall (Magerman, 1995)", 
    "clean_text": "In addition to antecedent recovery, we also report parsing accuracy, using the bracketing F-Score, the combined measure of PARSEVAL-style labeled bracketing precision and recall (Magerman, 1995).", 
    "keep_for_gold": 0
  }, 
  {
    "citance_No": 11, 
    "citing_paper_id": "P10-1111", 
    "citing_paper_authority": 2, 
    "citing_paper_authors": "Wolfgang, Seeker | Ines, Rehbein | Jonas, Kuhn | Josef, van Genabith", 
    "raw_text": "The classifier uses the following features:? the lemma (if terminal node)? the category (the POS for terminal nodes)? the number of left/right sisters? the category of the two left/right sisters? the number of daughters? the number of terminals covered? the lemma of the left/right corner terminal? the category of the left/right corner terminal? the category of the mother node? the category of the mother? s head node? the lemma of the mother? s head node? the category of the grandmother node? the category of the grandmother? s head node? the lemma of the grandmother? s head node? the case features for noun phrases? the category for PP objects? the lemma for PP objects (if terminal node) These features are also computed for the head of the phrase, determined using a set of head finding rules in the style of Magerman (1995) adapted to TiGer", 
    "clean_text": "These features are also computed for the head of the phrase, determined using a set of head finding rules in the style of Magerman (1995) adapted to TiGer.", 
    "keep_for_gold": 0
  }, 
  {
    "citance_No": 12, 
    "citing_paper_id": "W05-1514", 
    "citing_paper_authority": 6, 
    "citing_paper_authors": "Yoshimasa, Tsuruoka | Jun'ichi, Tsujii", 
    "raw_text": "The head word is identified by using the head-percolation table (Magerman, 1995)", 
    "clean_text": "The head word is identified by using the head-percolation table (Magerman, 1995).", 
    "keep_for_gold": 0
  }, 
  {
    "citance_No": 13, 
    "citing_paper_id": "W09-0103", 
    "citing_paper_authority": 2, 
    "citing_paper_authors": "Mark, Johnson", 
    "raw_text": "For example, statistical parsers from Magerman (1995) on use features based on head-dependent relationships", 
    "clean_text": "For example, statistical parsers from Magerman (1995) on use features based on head-dependent relationships.", 
    "keep_for_gold": 0
  }, 
  {
    "citance_No": 14, 
    "citing_paper_id": "E09-1090", 
    "citing_paper_authority": 4, 
    "citing_paper_authors": "Yoshimasa, Tsuruoka | Jun'ichi, Tsujii | Sophia, Ananiadou", 
    "raw_text": "Tsuruoka and Tsujii (2005) improved upon their approach by using1The head word is identified by using the head percolation table (Magerman, 1995)", 
    "clean_text": "The head word is identified by using the head percolation table (Magerman, 1995).", 
    "keep_for_gold": 0
  }, 
  {
    "citance_No": 15, 
    "citing_paper_id": "P01-1037", 
    "citing_paper_authority": 19, 
    "citing_paper_authors": "Sanda M., Harabagiu | Dan, Moldovan | Marius, Pa&scedil;ca | Rada, Mihalcea | Mihai, Surdeanu | Razvan, Bunsecu | Roxana, G&icirc;rju | Vasile, Rus | Paul, Morarescu", 
    "raw_text": "is: JJ S Iditarod VP NP PP NP NNPDTINNN NP DTVBPNNS NP many How WRB dogs pull a sled in the For each possible constituent in a parse tree, rules first described in (Magerman, 1995) and (Jelinek et al, 1994) identify the head-child and propagate the head-word to its parent", 
    "clean_text": "For each possible constituent in a parse tree, rules first described in (Magerman, 1995) and (Jelinek et al, 1994) identify the head-child and propagate the head-word to its parent.", 
    "keep_for_gold": 0
  }, 
  {
    "citance_No": 16, 
    "citing_paper_id": "D10-1039", 
    "citing_paper_authority": 7, 
    "citing_paper_authors": "Hugo, Hernault | Danushka, Bollegala | Mitsuru, Ishizuka", 
    "raw_text": "Lexical heads have been cal cu lated using the projection rules of Magerman (1995), and annotated between brackets", 
    "clean_text": "Lexical heads have been calculated using the projection rules of Magerman (1995), and annotated between brackets.", 
    "keep_for_gold": 0
  }, 
  {
    "citance_No": 17, 
    "citing_paper_id": "P05-1038", 
    "citing_paper_authority": 22, 
    "citing_paper_authors": "Abhishek, Arun | Frank, Keller", 
    "raw_text": "Theconventional wisdom since Magerman (1995) has been that lexicalization substantially improves performance compared to an unlexicalized baseline model (e.g. ,aprobabilistic context-free grammar, PCFG)", 
    "clean_text": "The conventional wisdom since Magerman (1995) has been that lexicalization substantially improves performance compared to an unlexicalized baseline model (e.g., a probabilistic context-free grammar, PCFG).", 
    "keep_for_gold": 1
  }, 
  {
    "citance_No": 18, 
    "citing_paper_id": "N09-3004", 
    "citing_paper_authority": 1, 
    "citing_paper_authors": "Karthik, Gali | Sriram, Venkatapathy", 
    "raw_text": "The input to our sentence realiser are bag of words with dependency constraints which are automatically extracted from the Penn tree bank using head percolation rules use din (Magerman, 1995), which do not contain any order information", 
    "clean_text": "The input to our sentence realiser are bag of words with dependency constraints which are automatically extracted from the Penn tree bank using head percolation rules used in (Magerman, 1995), which do not contain any order information.", 
    "keep_for_gold": 0
  }, 
  {
    "citance_No": 19, 
    "citing_paper_id": "P00-1060", 
    "citing_paper_authority": 0, 
    "citing_paper_authors": "Zhifang, Sui | Zhao, Jun | Dekai, Wu", 
    "raw_text": "In the field of statistical parsing, various probabilistic evaluation models have been proposed where different models use different feature types [Black, 1992] [Briscoe, 1993] [Brown, 1991] [Charniak, 1997] [Collins, 1996] [Collins, 1997] [Magerman, 1991] [Magerman, 1992] [Magerman, 1995] [Eisner, 1996]", 
    "clean_text": "", 
    "keep_for_gold": 0
  }, 
  {
    "citance_No": 20, 
    "citing_paper_id": "P00-1060", 
    "citing_paper_authority": 0, 
    "citing_paper_authors": "Zhifang, Sui | Zhao, Jun | Dekai, Wu", 
    "raw_text": "Many probabilistic evaluation models have been published inspired by one or more of these feature types [Black, 1992] [Briscoe, 1993] [Charniak, 1997] [Collins, 1996] [Collins, 1997] [Magerman, 1995] [Eisner, 1996], but discrepancies between training sets, algorithms, and hardware environments make it difficult, if not impossible, to compare the models objectively", 
    "clean_text": "", 
    "keep_for_gold": 0
  }
]
