[
  {
    "citance_No": 1, 
    "citing_paper_id": "P02-1041", 
    "citing_paper_authority": 19, 
    "citing_paper_authors": "Jason, Baldridge | Geert-Jan M., Kruijff", 
    "raw_text": "Also, a wide-coverage statistical parser which produces syntactic dependency structures for English is available for CCG (Clark et al, 2002)", 
    "clean_text": "Also, a wide-coverage statistical parser which produces syntactic dependency structures for English is available for CCG (Clark et al, 2002).", 
    "keep_for_gold": 0
  }, 
  {
    "citance_No": 2, 
    "citing_paper_id": "P14-1021", 
    "citing_paper_authority": 1, 
    "citing_paper_authors": "Wenduan, Xu | Stephen, Clark | Yue, Zhang", 
    "raw_text": "The early dependency model of Clark et al (2002), in which model features were define dover only dependency structures, was partly motivated by these theoretical observations. More generally, dependency models are desirable for a number of reasons", 
    "clean_text": "The early dependency model of Clark et al (2002), in which model features were defined over only dependency structures, was partly motivated by these theoretical observations.", 
    "keep_for_gold": 0
  }, 
  {
    "citance_No": 3, 
    "citing_paper_id": "P03-1055", 
    "citing_paper_authority": 17, 
    "citing_paper_authors": "Peter, Dienes | Amit, Dubey", 
    "raw_text": "Excluding Johnson (2002)? s pattern-matching algorithm, most recent work on finding head? dependencies with statistical parser has used statistical versions of deep grammar formalisms, such as CCG (Clark et al, 2002) or LFG (Riezler et al, 2002)", 
    "clean_text": "Excluding Johnson (2002)'s pattern-matching algorithm, most recent work on finding head-dependencies with statistical parser has used statistical versions of deep grammar formalisms, such as CCG (Clark et al, 2002) or LFG (Riezler et al, 2002).", 
    "keep_for_gold": 0
  }, 
  {
    "citance_No": 4, 
    "citing_paper_id": "P04-1014", 
    "citing_paper_authority": 67, 
    "citing_paper_authors": "Stephen, Clark | James R., Curran", 
    "raw_text": "This paper assumes a basic understanding of CCG; see Steedman (2000) for an introduction, and Clark et al (2002) and Hockenmaier (2003a) for an introduction to statistical parsing with CCG", 
    "clean_text": "This paper assumes a basic understanding of CCG; see Steedman (2000) for an introduction, and Clark et al (2002) and Hockenmaier (2003a) for an introduction to statistical parsing with CCG.", 
    "keep_for_gold": 0
  }, 
  {
    "citance_No": 5, 
    "citing_paper_id": "P04-1014", 
    "citing_paper_authority": 67, 
    "citing_paper_authors": "Stephen, Clark | James R., Curran", 
    "raw_text": "However, the introduction of extra derivations increases the complexity of the modelling and parsing problem. Clark et al (2002) handle the additional derivations by modelling the derived structure, in their case dependency structures", 
    "clean_text": "Clark et al (2002) handle the additional derivations by modelling the derived structure, in their case dependency structures.", 
    "keep_for_gold": 0
  }, 
  {
    "citance_No": 6, 
    "citing_paper_id": "P04-1014", 
    "citing_paper_authority": 67, 
    "citing_paper_authors": "Stephen, Clark | James R., Curran", 
    "raw_text": "This extends the approach of Clark et al (2002) who modelled the dependency structures directly, not using any information from the derivations", 
    "clean_text": "This extends the approach of Clark et al (2002) who modelled the dependency structures directly, not using any information from the derivations.", 
    "keep_for_gold": 0
  }, 
  {
    "citance_No": 7, 
    "citing_paper_id": "P04-1014", 
    "citing_paper_authority": 67, 
    "citing_paper_authors": "Stephen, Clark | James R., Curran", 
    "raw_text": "In contrast to the dependency model, the normal-form model simply defines a distribution over normal form derivations. The dependency structures considered in this pa per are described in detail in Clark et al (2002) and Clark and Curran (2003)", 
    "clean_text": "The dependency structures considered in this paper are described in detail in Clark et al (2002) and Clark and Curran (2003).", 
    "keep_for_gold": 0
  }, 
  {
    "citance_No": 8, 
    "citing_paper_id": "P04-1014", 
    "citing_paper_authority": 67, 
    "citing_paper_authors": "Stephen, Clark | James R., Curran", 
    "raw_text": "Following Clark et al (2002), evaluation is by precision and recall over dependencies", 
    "clean_text": "Following Clark et al (2002), evaluation is by precision and recall over dependencies.", 
    "keep_for_gold": 0
  }, 
  {
    "citance_No": 9, 
    "citing_paper_id": "P04-1014", 
    "citing_paper_authority": 67, 
    "citing_paper_authors": "Stephen, Clark | James R., Curran", 
    "raw_text": "The results show that each additional feature type increases perfor LP LR UP UR cat Clark et al 2002 81.9 81.8 90.1 89.9 90.3 Hockenmaier 2003 84.3 84.6 91.8 92.2 92.2 Log-linear 86.6 86.3 92.5 92.1 93.6 Hockenmaier (POS) 83.1 83.5 91.1 91.5 91.5 Log-linear (POS) 84.8 84.5 91.4 91.0 92.5 Table 3: Results on the test set mance", 
    "clean_text": "", 
    "keep_for_gold": 0
  }, 
  {
    "citance_No": 10, 
    "citing_paper_id": "P04-1014", 
    "citing_paper_authority": 67, 
    "citing_paper_authors": "Stephen, Clark | James R., Curran", 
    "raw_text": "The results of Clark et al (2002) and Hockenmaier (2003a) are shown for comparison", 
    "clean_text": "The results of Clark et al (2002) and Hockenmaier (2003a) are shown for comparison.", 
    "keep_for_gold": 0
  }, 
  {
    "citance_No": 11, 
    "citing_paper_id": "W03-1013", 
    "citing_paper_authority": 15, 
    "citing_paper_authors": "Stephen, Clark | James R., Curran", 
    "raw_text": "This paper assumes a basic knowledge of CCG; see Steedman (2000) and Clark et al (2002) for an introduction", 
    "clean_text": "This paper assumes a basic knowledge of CCG; see Steedman (2000) and Clark et al (2002) for an introduction.", 
    "keep_for_gold": 0
  }, 
  {
    "citance_No": 12, 
    "citing_paper_id": "W03-1013", 
    "citing_paper_authority": 15, 
    "citing_paper_authors": "Stephen, Clark | James R., Curran", 
    "raw_text": "Following Clark et al (2002), we augment CCG lexical categories with head and dependency information", 
    "clean_text": "Following Clark et al (2002), we augment CCG lexical categories with head and dependency information.", 
    "keep_for_gold": 0
  }, 
  {
    "citance_No": 13, 
    "citing_paper_id": "W03-1013", 
    "citing_paper_authority": 15, 
    "citing_paper_authors": "Stephen, Clark | James R., Curran", 
    "raw_text": "Clark et al (2002) give examples showing how heads can fill dependency slots during a derivation, and how long-range dependencies can be recovered through unification of co-indexed head variables", 
    "clean_text": "Clark et al (2002) give examples showing how heads can fill dependency slots during a derivation, and how long-range dependencies can be recovered through unification of co-indexed head variables.", 
    "keep_for_gold": 1
  }, 
  {
    "citance_No": 14, 
    "citing_paper_id": "W03-1013", 
    "citing_paper_authority": 15, 
    "citing_paper_authors": "Stephen, Clark | James R., Curran", 
    "raw_text": "We have just begun the process of evaluating parsing performance using the same test data as Clark et al (2002)", 
    "clean_text": "We have just begun the process of evaluating parsing performance using the same test data as Clark et al (2002).", 
    "keep_for_gold": 0
  }, 
  {
    "citance_No": 15, 
    "citing_paper_id": "C04-1041", 
    "citing_paper_authority": 39, 
    "citing_paper_authors": "Stephen, Clark | James R., Curran", 
    "raw_text": "1See Steedman (2000) for an introduction to CCG, and see Clark et al (2002) and Hockenmaier (2003) for an introduction to wide-coverage parsing using CCG", 
    "clean_text": "See Steedman (2000) for an introduction to CCG, and see Clark et al (2002) and Hockenmaier (2003) for an introduction to wide-coverage parsing using CCG.", 
    "keep_for_gold": 0
  }, 
  {
    "citance_No": 16, 
    "citing_paper_id": "C04-1041", 
    "citing_paper_authority": 39, 
    "citing_paper_authors": "Stephen, Clark | James R., Curran", 
    "raw_text": "Clark et al (2002) and Clark and Curran (2004) give a detailed description of the dependency structures", 
    "clean_text": "Clark et al (2002) and Clark and Curran (2004) give a detailed description of the dependency structures.", 
    "keep_for_gold": 0
  }, 
  {
    "citance_No": 17, 
    "citing_paper_id": "P03-1046", 
    "citing_paper_authority": 19, 
    "citing_paper_authors": "Julia, Hockenmaier", 
    "raw_text": "This paper argues that probabilistic parsers should therefore model the dependencies in the predicate-argument structure, as in the model of Clark et al (2002), and defines a generative model for CCG derivations that captures these dependencies ,including bounded and unbounded long-range dependencies", 
    "clean_text": "This paper argues that probabilistic parsers should therefore model the dependencies in the predicate-argument structure, as in the model of Clark et al (2002), and defines a generative model for CCG derivations that captures these dependencies, including bounded and unbounded long-range dependencies.", 
    "keep_for_gold": 0
  }, 
  {
    "citance_No": 18, 
    "citing_paper_id": "P03-1046", 
    "citing_paper_authority": 19, 
    "citing_paper_authors": "Julia, Hockenmaier", 
    "raw_text": "The conditional model used by the CCG parser of Clark et al (2002) also captures dependencies in the predicate-argument structure; however, their model is inconsistent", 
    "clean_text": "The conditional model used by the CCG parser of Clark et al (2002) also captures dependencies in the predicate-argument structure; however, their model is inconsistent.", 
    "keep_for_gold": 0
  }, 
  {
    "citance_No": 19, 
    "citing_paper_id": "P03-1046", 
    "citing_paper_authority": 19, 
    "citing_paper_authors": "Julia, Hockenmaier", 
    "raw_text": "Like Clark et al (2002), we define predicate argument structure for CCG in terms of the dependencies that hold between words with lexical functor categories and their arguments", 
    "clean_text": "Like Clark et al (2002), we define predicate argument structure for CCG in terms of the dependencies that hold between words with lexical functor categories and their arguments.", 
    "keep_for_gold": 1
  }, 
  {
    "citance_No": 20, 
    "citing_paper_id": "P03-1046", 
    "citing_paper_authority": 19, 
    "citing_paper_authors": "Julia, Hockenmaier", 
    "raw_text": "Like Clark et al (2002), we do not take the lexical category of the dependent into account, and evaluate hhc ;wi; i; h ;w0ii for labelled, and hh ;wi;; h ;w0ii for unlabelled recovery", 
    "clean_text": "Like Clark et al. (2002), we do not take the lexical category of the dependent into account, and evaluate hhc; wi; i; h ; w0ii for labelled, and hh ; wi; ; h ; w0ii for unlabelled recovery.", 
    "keep_for_gold": 0
  }
]
