[
  {
    "citance_No": 1, 
    "citing_paper_id": "W06-1204", 
    "citing_paper_authority": 4, 
    "citing_paper_authors": "Sriram, Venkatapathy | Aravind K., Joshi", 
    "raw_text": "Some of them are Frequency, Point-wise mutual information (Church and Hanks, 1989), Distributed frequency of object (Tapanainen et al, 1998), Distributed frequency of object using verb information (Venkatapathyand Joshi, 2005), Similarity of object in verb object pair using the LSA model (Baldwin et al,2003), (Venkatapathy and Joshi, 2005) and Lexical and Syntactic fixedness (Fazly and Stevenson, 2006)", 
    "clean_text": "Some of them are Frequency, Point-wise mutual information (Church and Hanks, 1989), Distributed frequency of object (Tapanainen et al, 1998), Distributed frequency of object using verb information (Venkatapathy and Joshi, 2005), Similarity of object in verb object pair using the LSA model (Baldwin et al, 2003), (Venkatapathy and Joshi, 2005) and Lexical and Syntactic fixedness (Fazly and Stevenson, 2006).", 
    "keep_for_gold": 0
  }, 
  {
    "citance_No": 2, 
    "citing_paper_id": "D11-1077", 
    "citing_paper_authority": 5, 
    "citing_paper_authors": "Yulia, Tsvetkov | Shuly, Wintner", 
    "raw_text": "Anotherwork uses both the syntactic and the lexical fixedness of VNICs in order to distinguish them from non-idiomatic ones, and eventually to extract them from corpora (Fazly and Stevenson, 2006)", 
    "clean_text": "Another work uses both the syntactic and the lexical fixedness of VNICs in order to distinguish them from non-idiomatic ones, and eventually to extract them from corpora (Fazly and Stevenson, 2006).", 
    "keep_for_gold": 0
  }, 
  {
    "citance_No": 3, 
    "citing_paper_id": "W07-1102", 
    "citing_paper_authority": 9, 
    "citing_paper_authors": "Afsaneh, Fazly | Suzanne, Stevenson", 
    "raw_text": "To measure fixedness, we use statistical measures of lexical, syntactic, and overall fixedness that we have developed in a previous study (Fazly and Stevenson, 2006), as well as some new measures we introduce here", 
    "clean_text": "To measure fixedness, we use statistical measures of lexical, syntactic, and overall fixedness that we have developed in a previous study (Fazly and Stevenson, 2006), as well as some new measures we introduce here.", 
    "keep_for_gold": 1
  }, 
  {
    "citance_No": 4, 
    "citing_paper_id": "W07-1101", 
    "citing_paper_authority": 12, 
    "citing_paper_authors": "Colin, Bannard", 
    "raw_text": "We focus here on phrases that allow some syntactic variation, but do not allow other kinds. The small amount of previous work on the identification of syntactic fixedness (Wermter and Hahn (2004), Fazly and Stevenson (2006)) has either focused on a single variation variety, or has only been evaluated for combinations of a small preselected list of words, presumably due to noise", 
    "clean_text": "The small amount of previous work on the identification of syntactic fixedness (Wermter and Hahn (2004), Fazly and Stevenson (2006)) has either focused on a single variation variety, or has only been evaluated for combinations of a small preselected list of words, presumably due to noise.", 
    "keep_for_gold": 0
  }, 
  {
    "citance_No": 5, 
    "citing_paper_id": "W07-1101", 
    "citing_paper_authority": 12, 
    "citing_paper_authors": "Colin, Bannard", 
    "raw_text": "Fazly and Stevenson (2006) propose a measure for detecting the syntactic fixedness of English verb phrases of the same variety as us", 
    "clean_text": "Fazly and Stevenson (2006) propose a measure for detecting the syntactic fixedness of English verb phrases of the same variety as us.", 
    "keep_for_gold": 0
  }, 
  {
    "citance_No": 6, 
    "citing_paper_id": "D09-1033", 
    "citing_paper_authority": 6, 
    "citing_paper_authors": "Linlin, Li | Caroline, Sporleder", 
    "raw_text": "Fazly and Stevenson (2006) combine information about syntactic and lexical fixedness (i.e., estimated degree of compositionality) into one measure", 
    "clean_text": "Fazly and Stevenson (2006) combine information about syntactic and lexical fixedness (i.e., estimated degree of compositionality) into one measure.", 
    "keep_for_gold": 0
  }, 
  {
    "citance_No": 7, 
    "citing_paper_id": "W08-2107", 
    "citing_paper_authority": 0, 
    "citing_paper_authors": "Carlos, Ramisch | Aline, Villavicencio | Leonardo, Moura | Marco, Idiart", 
    "raw_text": "In particular, Fazlyand Stevenson (2006) look at the correlation between syntactic fixedness (in terms of e.g .passivisation, choice of determiner type and pluralisation) and non-compositionality of verb-noun com pounds such as shoot the breeze. In this work we investigate the automatic extraction of VPCs, looking into a variety of methods, combining linguistic with statistical information, ranging from frequencies to association measures: Mutual Information (MI),? 2 and Entropy", 
    "clean_text": "In particular, Fazly and Stevenson (2006) look at the correlation between syntactic fixedness (in terms of e.g. passivisation, choice of determiner type and pluralisation) and non-compositionality of verb-noun compounds such as shoot the breeze.", 
    "keep_for_gold": 0
  }, 
  {
    "citance_No": 8, 
    "citing_paper_id": "W07-1106", 
    "citing_paper_authority": 16, 
    "citing_paper_authors": "Paul, Cook | Afsaneh, Fazly | Suzanne, Stevenson", 
    "raw_text": "In their work on automatically identifying idiom types, Fazly and Stevenson (2006)? henceforth FS06? show that an idiomatic VNC tends to have one (or at most a small number of) canonical form (s), which are its most preferred syntactic patterns", 
    "clean_text": "In their work on automatically identifying idiom types, Fazly and Stevenson (2006) - henceforth FS06 - show that an idiomatic VNC tends to have one (or at most a small number of) canonical form (s), which are its most preferred syntactic patterns.", 
    "keep_for_gold": 0
  }, 
  {
    "citance_No": 9, 
    "citing_paper_id": "E09-1086", 
    "citing_paper_authority": 10, 
    "citing_paper_authors": "Caroline, Sporleder | Linlin, Li", 
    "raw_text": "Fazly and Stevenson (2006) combine information about syn tactic and lexical fixedness (i.e., estimated degree of compositionality) into one measure", 
    "clean_text": "Fazly and Stevenson (2006) combine information about syntactic and lexical fixedness (i.e., estimated degree of compositionality) into one measure.", 
    "keep_for_gold": 0
  }, 
  {
    "citance_No": 10, 
    "citing_paper_id": "D09-1049", 
    "citing_paper_authority": 3, 
    "citing_paper_authors": "Ram, Boukobza | Ari, Rappoport", 
    "raw_text": "In a previous study (Fazly and Stevenson, 2006), the authors came up with a dozen possible syntactic forms for verb-object pairs (based on passivization, determiner, and object pluralization) and used a corpus based statistical measure to determine the canonical form (s)", 
    "clean_text": "In a previous study (Fazly and Stevenson, 2006), the authors came up with a dozen possible syntactic forms for verb-object pairs (based on passivization, determiner, and object pluralization) and used a corpus based statistical measure to determine the canonical form (s).", 
    "keep_for_gold": 1
  }, 
  {
    "citance_No": 11, 
    "citing_paper_id": "D07-1039", 
    "citing_paper_authority": 5, 
    "citing_paper_authors": "Diana, McCarthy | Sriram, Venkatapathy | Aravind K., Joshi", 
    "raw_text": "Fazly and Stevenson (2006) use statistical measures of syntactic behaviour to gauge whether a verb and noun combination is likely to be a idiom", 
    "clean_text": "Fazly and Stevenson (2006) use statistical measures of syntactic behaviour to gauge whether a verb and noun combination is likely to be a idiom.", 
    "keep_for_gold": 0
  }, 
  {
    "citance_No": 12, 
    "citing_paper_id": "D07-1039", 
    "citing_paper_authority": 5, 
    "citing_paper_authors": "Diana, McCarthy | Sriram, Venkatapathy | Aravind K., Joshi", 
    "raw_text": "Whilst a low preference for a noun may be indicative of peculiar semantics, this may not always be the case, for example chew the fat. Certainly it would be worth combining the preferences with other measures, such as syntactic fixedness (Fazly and Stevenson, 2006)", 
    "clean_text": "Certainly it would be worth combining the preferences with other measures, such as syntactic fixedness (Fazly and Stevenson, 2006).", 
    "keep_for_gold": 0
  }, 
  {
    "citance_No": 13, 
    "citing_paper_id": "W07-1104", 
    "citing_paper_authority": 7, 
    "citing_paper_authors": "Tim, Van de Cruys | Bego&ntilde;a Villada, Moir&oacute;n", 
    "raw_text": "Nonetheless, the mentioned character is tics are useful indicators to distinguish literal and idiomatic expressions (Fazly and Stevenson, 2006)", 
    "clean_text": "Nonetheless, the mentioned characteristics are useful indicators to distinguish literal and idiomatic expressions (Fazly and Stevenson, 2006).", 
    "keep_for_gold": 0
  }, 
  {
    "citance_No": 14, 
    "citing_paper_id": "W07-1104", 
    "citing_paper_authority": 7, 
    "citing_paper_authors": "Tim, Van de Cruys | Bego&ntilde;a Villada, Moir&oacute;n", 
    "raw_text": "Fazly and Stevenson (2006) use lexical and syntactic fixedness as partial indicators of non compositionality", 
    "clean_text": "Fazly and Stevenson (2006) use lexical and syntactic fixedness as partial indicators of noncompositionality.", 
    "keep_for_gold": 0
  }, 
  {
    "citance_No": 15, 
    "citing_paper_id": "W07-1104", 
    "citing_paper_authority": 7, 
    "citing_paper_authors": "Tim, Van de Cruys | Bego&ntilde;a Villada, Moir&oacute;n", 
    "raw_text": "Similar to Lin (1999), McCarthy et al (2003) and Fazly and Stevenson (2006), our method makes use of automatically generated thesauri; the technique used to compile the thesauri differs from previous work", 
    "clean_text": "Similar to Lin (1999), McCarthy et al (2003) and Fazly and Stevenson (2006), our method makes use of automatically generated thesauri; the technique used to compile the thesauri differs from previous work.", 
    "keep_for_gold": 0
  }, 
  {
    "citance_No": 16, 
    "citing_paper_id": "W07-1104", 
    "citing_paper_authority": 7, 
    "citing_paper_authors": "Tim, Van de Cruys | Bego&ntilde;a Villada, Moir&oacute;n", 
    "raw_text": "Combining our semantics-based approach with other extraction techniques such as the syntactic fixedness measure proposed by Fazly and Stevenson (2006) might improve the results significantly", 
    "clean_text": "Combining our semantics-based approach with other extraction techniques such as the syntactic fixedness measure proposed by Fazly and Stevenson (2006) might improve the results significantly.", 
    "keep_for_gold": 0
  }
]
