[
  {
    "citance_No": 1, 
    "citing_paper_id": "D07-1079", 
    "citing_paper_authority": 24, 
    "citing_paper_authors": "Steve, DeNeefe | Kevin, Knight | Wei, Wang | Daniel, Marcu", 
    "raw_text": "(2006) propose one solution to this problem and Marcu et al (2006) propose another, both of which we explore in Sections 5.1 and 5.2", 
    "clean_text": "Galley et al.(2006) propose one solution to this problem and Marcu et al (2006) propose another, both of which we explore in Sections 5.1 and 5.2.", 
    "keep_for_gold": 0
  }, 
  {
    "citance_No": 2, 
    "citing_paper_id": "D07-1079", 
    "citing_paper_authority": 24, 
    "citing_paper_authors": "Steve, DeNeefe | Kevin, Knight | Wei, Wang | Daniel, Marcu", 
    "raw_text": "An alternative for extracting larger rules called SPMT model 1 is presented by Marcu et al (2006)", 
    "clean_text": "An alternative for extracting larger rules called SPMT model 1 is presented by Marcu et al (2006).", 
    "keep_for_gold": 0
  }, 
  {
    "citance_No": 3, 
    "citing_paper_id": "P08-1064", 
    "citing_paper_authority": 42, 
    "citing_paper_authors": "Min, Zhang | Hongfei, Jiang | Aiti, Aw | Haizhou, Li | Chew Lim, Tan | Sheng, Li", 
    "raw_text": "This solution requires larger applicability contexts (Marcu et al, 2006)", 
    "clean_text": "This solution requires larger applicability contexts (Marcu et al, 2006).", 
    "keep_for_gold": 0
  }, 
  {
    "citance_No": 4, 
    "citing_paper_id": "P08-1064", 
    "citing_paper_authority": 42, 
    "citing_paper_authors": "Min, Zhang | Hongfei, Jiang | Aiti, Aw | Haizhou, Li | Chew Lim, Tan | Sheng, Li", 
    "raw_text": "3) Addressing the issues in Galley et al (2006), Marcu et al (2006) create an x Rs rule headed by a pseudo, non-syntactic non-terminal symbol that subsumes the phrase and its corresponding multi headed syntactic structure; and one sibling x Rs rule that explains how the pseudo symbol can be combined with other genuine non-terminals for acquiring the genuine parse trees", 
    "clean_text": "Addressing the issues in Galley et al (2006), Marcu et al (2006) create an x Rs rule headed by a pseudo, non-syntactic non-terminal symbol that subsumes the phrase and its corresponding multi headed syntactic structure.", 
    "keep_for_gold": 0
  }, 
  {
    "citance_No": 5, 
    "citing_paper_id": "P08-1064", 
    "citing_paper_authority": 42, 
    "citing_paper_authors": "Min, Zhang | Hongfei, Jiang | Aiti, Aw | Haizhou, Li | Chew Lim, Tan | Sheng, Li", 
    "raw_text": "Unlike previous work, our solution neither requires larger applicability contexts (Galley et al, 2006), nor depends on pseudo nodes (Marcu et al, 2006) or auxiliary rules (Liu et al, 2007)", 
    "clean_text": "Unlike previous work, our solution neither requires larger applicability contexts (Galley et al, 2006), nor depends on pseudo nodes (Marcu et al, 2006) or auxiliary rules (Liu et al, 2007).", 
    "keep_for_gold": 0
  }, 
  {
    "citance_No": 6, 
    "citing_paper_id": "P08-1066", 
    "citing_paper_authority": 79, 
    "citing_paper_authors": "Libin, Shen | Jinxi, Xu | Ralph M., Weischedel", 
    "raw_text": "We restrict the target side to the so called well formed dependency structures, in order to cover a large set of non-constituent transfer rules (Marcuetal., 2006), and enable efficient decoding through dynamic programming", 
    "clean_text": "We restrict the target side to the so called well formed dependency structures, in order to cover a large set of non-constituent transfer rules (Marcu et al., 2006), and enable efficient decoding through dynamic programming.", 
    "keep_for_gold": 0
  }, 
  {
    "citance_No": 7, 
    "citing_paper_id": "P08-1066", 
    "citing_paper_authority": 79, 
    "citing_paper_authors": "Libin, Shen | Jinxi, Xu | Ralph M., Weischedel", 
    "raw_text": "Rule Coverage Marcu et al (2006) showed that many useful phrasal rules can not be represented as hierarchical rules with the existing representation methods, even with composed transfer rules (Galley et al, 2006)", 
    "clean_text": "Rule Coverage Marcu et al (2006) showed that many useful phrasal rules can not be represented as hierarchical rules with the existing representation methods, even with composed transfer rules (Galley et al, 2006).", 
    "keep_for_gold": 0
  }, 
  {
    "citance_No": 8, 
    "citing_paper_id": "P08-1066", 
    "citing_paper_authority": 79, 
    "citing_paper_authors": "Libin, Shen | Jinxi, Xu | Ralph M., Weischedel", 
    "raw_text": "(Marcu et al, 2006) and (Galley et al, 2006) introduced artificial constituent nodes dominating the phrase of interest", 
    "clean_text": "(Marcu et al, 2006) and (Galley et al, 2006) introduced artificial constituent nodes dominating the phrase of interest.", 
    "keep_for_gold": 0
  }, 
  {
    "citance_No": 9, 
    "citing_paper_id": "E12-2006", 
    "citing_paper_authority": 2, 
    "citing_paper_authors": "Erik, Van der Goot | Stefano, Bucci | Brett, Crawley | Alastair, Wilcox | Marco, Turchi | Ralf, Steinberger | Martin, Atkinson", 
    "raw_text": "Inside the Moses toolkit, three different statistical approaches have been implemented: phrase based statistical machine translation (PB SMT) (Koehn et al 2003), hierarchical phrase based statistical machine translation (Chiang,2007) and syntax-based statistical machine translation (Marcu et al 2006)", 
    "clean_text": "Inside the Moses toolkit, three different statistical approaches have been implemented: phrase based statistical machine translation (PB SMT) (Koehn et al 2003), hierarchical phrase based statistical machine translation (Chiang,2007) and syntax-based statistical machine translation (Marcu et al 2006).", 
    "keep_for_gold": 0
  }, 
  {
    "citance_No": 10, 
    "citing_paper_id": "P13-1001", 
    "citing_paper_authority": 1, 
    "citing_paper_authors": "Yang, Liu", 
    "raw_text": "Moreover, syntax-based approaches often suffer from the rule coverage problem since syntactic constraints rule out a large portion of non syntactic phrase pairs, which might help decoders generalize well to unseen data (Marcu et al,2006)", 
    "clean_text": "Moreover, syntax-based approaches often suffer from the rule coverage problem since syntactic constraints rule out a large portion of non syntactic phrase pairs, which might help decoders generalize well to unseen data (Marcu et al,2006).", 
    "keep_for_gold": 0
  }, 
  {
    "citance_No": 11, 
    "citing_paper_id": "D09-1003", 
    "citing_paper_authority": 15, 
    "citing_paper_authors": "Koen, Deschacht | Marie-Francine, Moens", 
    "raw_text": "Many applications would benefit from an intermediate representation of texts, where an automatic analysis is already performed which is sufficiently general to be useful in a wide range of applications. Syntactic analysis of texts (such as Part-OfSpeech tagging and syntactic parsing) is an ex ample of such a generic analysis, and has proved useful in applications ranging from machine translation (Marcu et al, 2006) to text mining in the bio-medical domain (Cohen and Hersh, 2005)", 
    "clean_text": "Syntactic analysis of texts (such as Part-OfSpeech tagging and syntactic parsing) is an ex ample of such a generic analysis, and has proved useful in applications ranging from machine translation (Marcu et al, 2006) to text mining in the bio-medical domain (Cohen and Hersh, 2005).", 
    "keep_for_gold": 0
  }, 
  {
    "citance_No": 12, 
    "citing_paper_id": "C10-2154", 
    "citing_paper_authority": 1, 
    "citing_paper_authors": "Tong, Xiao | Jingbo, Zhu | Hao, Zhang | Muhua, Zhu", 
    "raw_text": "Exploiting the syntactic information encoded in translation rules, syntax-based systems have shown to achieve comparable performance with phrase-based systems, even out perform them in some cases (Marcu et al, 2006)", 
    "clean_text": "Exploiting the syntactic information encoded in translation rules, syntax-based systems have shown to achieve comparable performance with phrase-based systems, even out perform them in some cases (Marcu et al, 2006).", 
    "keep_for_gold": 0
  }, 
  {
    "citance_No": 13, 
    "citing_paper_id": "C10-2154", 
    "citing_paper_authority": 1, 
    "citing_paper_authors": "Tong, Xiao | Jingbo, Zhu | Hao, Zhang | Muhua, Zhu", 
    "raw_text": "Following Galley et al (2006)? s work, Marcu et al (2006) proposed SPMT models to improve the coverage of phrasal rules, and demonstrated that the system performance could be further improved by using their proposed models", 
    "clean_text": "Following Galley et al (2006)' s work, Marcu et al (2006) proposed SPMT models to improve the coverage of phrasal rules, and demonstrated that the system performance could be further improved by using their proposed models.", 
    "keep_for_gold": 0
  }, 
  {
    "citance_No": 14, 
    "citing_paper_id": "C10-2154", 
    "citing_paper_authority": 1, 
    "citing_paper_authors": "Tong, Xiao | Jingbo, Zhu | Hao, Zhang | Muhua, Zhu", 
    "raw_text": "As shown in the following parts of this paper, it works very well with the existing techniques, such as rule com posing (Galley et al, 2006), SPMT models (Marcu et al, 2006) and rule extraction with k best parses (Venugopal et al, 2008)", 
    "clean_text": "As shown in the following parts of this paper, it works very well with the existing techniques, such as rule com posing (Galley et al, 2006), SPMT models (Marcu et al, 2006) and rule extraction with k best parses (Venugopal et al, 2008).", 
    "keep_for_gold": 0
  }, 
  {
    "citance_No": 15, 
    "citing_paper_id": "C10-2154", 
    "citing_paper_authority": 1, 
    "citing_paper_authors": "Tong, Xiao | Jingbo, Zhu | Hao, Zhang | Muhua, Zhu", 
    "raw_text": "In addition to GHKM extraction, the SPMT models (Marcu et al., 2006) are employed to obtain phrasal rules that are not covered by GHKM extraction", 
    "clean_text": "In addition to GHKM extraction, the SPMT models (Marcu et al., 2006) are employed to obtain phrasal rules that are not covered by GHKM extraction.", 
    "keep_for_gold": 0
  }, 
  {
    "citance_No": 16, 
    "citing_paper_id": "C10-2154", 
    "citing_paper_authority": 1, 
    "citing_paper_authors": "Tong, Xiao | Jingbo, Zhu | Hao, Zhang | Muhua, Zhu", 
    "raw_text": "In this system, both of minimal GHKM (Galley et al, 2004) and SPMT rules (Marcu et al., 2006) are extracted from the bilingual corpus, and the composed rules are generated by com posing two or three minimal GHKM and SPMTrules3", 
    "clean_text": "In this system, both of minimal GHKM (Galley et al, 2004) and SPMT rules (Marcu et al., 2006) are extracted from the bilingual corpus, and the composed rules are generated by com posing two or three minimal GHKM and SPMT rules.", 
    "keep_for_gold": 0
  }, 
  {
    "citance_No": 17, 
    "citing_paper_id": "P11-1001", 
    "citing_paper_authority": 5, 
    "citing_paper_authors": "Andreas, Zollmann | Stephan, Vogel", 
    "raw_text": "Chiang (2005) describes a procedure to extract PSCFG rules from word-aligned (Brown et al, 1993) corpora, where all nonterminals share the same generic label X. InGalley et al (2004) and Marcu et al (2006), tar get language parse trees are used to identify rules and label their nonterminal symbols, while Liu et al (2006) use source language parse trees instead", 
    "clean_text": "Chiang (2005) describes a procedure to extract PSCFG rules from word-aligned (Brown et al, 1993) corpora, where all nonterminals share the same generic label X. InGalley et al (2004) and Marcu et al (2006), tar get language parse trees are used to identify rules and label their nonterminal symbols, while Liu et al (2006) use source language parse trees instead.", 
    "keep_for_gold": 0
  }, 
  {
    "citance_No": 18, 
    "citing_paper_id": "P11-2073", 
    "citing_paper_authority": 1, 
    "citing_paper_authors": "Jingbo, Zhu | Tong, Xiao", 
    "raw_text": "The base feature set used for all systems is similar to that used in (Marcu et al 2006), including 14 base features in total such as 5-gram language model, bidirectional lexical and phrase based translation probabilities", 
    "clean_text": "The base feature set used for all systems is similar to that used in (Marcu et al 2006), including 14 base features in total such as 5-gram language model, bidirectional lexical and phrase based translation probabilities.", 
    "keep_for_gold": 0
  }, 
  {
    "citance_No": 19, 
    "citing_paper_id": "P11-1085", 
    "citing_paper_authority": 3, 
    "citing_paper_authors": "Bing, Zhao | Young-Suk, Lee | Xiaoqiang, Luo | Liu, Li", 
    "raw_text": "Zollmann and Venugopal (2006) and Marcu et al (2006) used broken syntactic fragments to augment their grammars to increase the rule coverage; while we learn optimal tree fragments transformed from the original ones via a generative framework, they enumerate the fragments available from the original trees without learning process", 
    "clean_text": "Zollmann and Venugopal (2006) and Marcu et al (2006) used broken syntactic fragments to augment their grammars to increase the rule coverage.", 
    "keep_for_gold": 0
  }, 
  {
    "citance_No": 20, 
    "citing_paper_id": "W10-1715", 
    "citing_paper_authority": 4, 
    "citing_paper_authors": "Philipp, Koehn | Barry, Haddow | Philip, Williams | Hieu, Hoang", 
    "raw_text": "We build two translation systems: One using tree-based models without additional linguistic annotation, which are known as hierarchical phrase based models (Chiang, 2005), and another system that uses linguistic annotation on the target side, which are known under many names such as string-to-tree models or syntactified target models (Marcu et al, 2006)", 
    "clean_text": "We build two translation systems: One using tree-based models without additional linguistic annotation, which are known as hierarchical phrase based models (Chiang, 2005), and another system that uses linguistic annotation on the target side, which are known under many names such as string-to-tree models or syntactified target models (Marcu et al, 2006).", 
    "keep_for_gold": 0
  }
]
