[
  {
    "citance_No": 1, 
    "citing_paper_id": "P99-1067", 
    "citing_paper_authority": 109, 
    "citing_paper_authors": "Reinhard, Rapp", 
    "raw_text": "For the computation of related terms and synonyms, Ruge (1995), Landauer and Dumais (1997), and Fung and McKeown (1997) used the cosine measure, whereas Grefenstette (1994, p. 48) used a weighted Jaccard measure", 
    "clean_text": "For the computation of related terms and synonyms, Ruge (1995), Landauer and Dumais (1997), and Fung and McKeown (1997) used the cosine measure, whereas Grefenstette (1994, p. 48) used a weighted Jaccard measure.", 
    "keep_for_gold": 0
  }, 
  {
    "citance_No": 2, 
    "citing_paper_id": "W04-3208", 
    "citing_paper_authority": 25, 
    "citing_paper_authors": "Pascale, Fung | Percy, Cheung", 
    "raw_text": "(Fung and McKeown 1997, Kikui 1999, Zhao and Vogel 2002) extracted bilingual word senses, lexicon and parallel sentence pairs from such corpora", 
    "clean_text": "(Fung and McKeown 1997, Kikui 1999, Zhao and Vogel 2002) extracted bilingual word senses, lexicon and parallel sentence pairs from such corpora.", 
    "keep_for_gold": 0
  }, 
  {
    "citance_No": 3, 
    "citing_paper_id": "C02-2020", 
    "citing_paper_authority": 25, 
    "citing_paper_authors": "Yun-Chuang, Chiao | Pierre, Zweigenbaum", 
    "raw_text": "In Fung and McKeown (1997), a translation model applied to a pair of unrelated languages (English/Japanese) with a random selection of test words, many of them multi-word terms, gives a precision around 30% when only the top candidate is proposed", 
    "clean_text": "In Fung and McKeown (1997), a translation model applied to a pair of unrelated languages (English/Japanese) with a random selection of test words, many of them multi-word terms, gives a precision around 30% when only the top candidate is proposed.", 
    "keep_for_gold": 1
  }, 
  {
    "citance_No": 4, 
    "citing_paper_id": "P13-1040", 
    "citing_paper_authority": 0, 
    "citing_paper_authors": "Ahmet, Aker | Monica, Paramita | Robert J., Gaizauskas", 
    "raw_text": "For example, in Rapp (1995), Fung and McKeown (1997), Morin et. al", 
    "clean_text": "For example, in Rapp (1995), Fung and McKeown (1997), Morin et. al.", 
    "keep_for_gold": 0
  }
]
