[
  {
    "citance_No": 1, 
    "citing_paper_id": "I05-1023", 
    "citing_paper_authority": 7, 
    "citing_paper_authors": "Dekai, Wu | Pascale, Fung", 
    "raw_text": "Zhang and Gildea (2005) [6] show that lexicalized ITGs can further improve alignment accuracy", 
    "clean_text": "Zhang and Gildea (2005) [6] show that lexicalized ITGs can further improve alignment accuracy.", 
    "keep_for_gold": 0
  }, 
  {
    "citance_No": 2, 
    "citing_paper_id": "P12-1018", 
    "citing_paper_authority": 3, 
    "citing_paper_authors": "Graham, Neubig | Taro, Watanabe | Shinsuke, Mori | Tatsuya, Kawahara", 
    "raw_text": "which has no competing hypotheses and thus should not be trimmed. In order to take into account competing hypo the ses, we can use for our queue discipline not only the inside probability I (ak), but also the outside probability O (ak), the probability of generating all spans other than ak, as in A* search for CFGs (Klein and Manning, 2003), and tic-tac-toe pruning for word based ITGs (Zhang and Gildea, 2005)", 
    "clean_text": "In order to take into account competing hypotheses, we can use for our queue discipline not only the inside probability I (ak), but also the outside probability O (ak), the probability of generating all spans other than ak, as in A* search for CFGs (Klein and Manning, 2003), and tic-tac-toe pruning for word based ITGs (Zhang and Gildea, 2005).", 
    "keep_for_gold": 0
  }, 
  {
    "citance_No": 3, 
    "citing_paper_id": "W07-0711", 
    "citing_paper_authority": 15, 
    "citing_paper_authors": "Xiaodong, He", 
    "raw_text": "The classical approaches to word alignment are based on IBM models 1-5 (Brown et al, 1994) and the HMM based alignment model (Vogel et al, 1996) (Och and Ney, 2000a, 2000b), while recently discriminative approaches (Moore, 2006) and syntax based approaches (Zhang and Gildea, 2005) for word alignment are also studied", 
    "clean_text": "The classical approaches to word alignment are based on IBM models 1-5 (Brown et al, 1994) and the HMM based alignment model (Vogel et al, 1996) (Och and Ney, 2000a, 2000b), while recently discriminative approaches (Moore, 2006) and syntax-based approaches (Zhang and Gildea, 2005) for word alignment are also studied.", 
    "keep_for_gold": 0
  }, 
  {
    "citance_No": 4, 
    "citing_paper_id": "P06-2122", 
    "citing_paper_authority": 1, 
    "citing_paper_authors": "Hao, Zhang | Daniel, Gildea", 
    "raw_text": "(2000) and Zhang and Gildea (2005)", 
    "clean_text": "", 
    "keep_for_gold": 0
  }, 
  {
    "citance_No": 5, 
    "citing_paper_id": "P06-2122", 
    "citing_paper_authority": 1, 
    "citing_paper_authors": "Hao, Zhang | Daniel, Gildea", 
    "raw_text": "Zhang and Gildea (2005) described a model in which the nonterminals are lexicalized by Englishand foreign language word pairs so that the inversions are dependent on lexical information on the left hand side of synchronous rules", 
    "clean_text": "Zhang and Gildea (2005) described a model in which the nonterminals are lexicalized by Englishand foreign language word pairs so that the inversions are dependent on lexical information on the left hand side of synchronous rules.", 
    "keep_for_gold": 1
  }, 
  {
    "citance_No": 6, 
    "citing_paper_id": "P06-2122", 
    "citing_paper_authority": 1, 
    "citing_paper_authors": "Hao, Zhang | Daniel, Gildea", 
    "raw_text": "We apply one of the pruning techniques used inZhang and Gildea (2005)", 
    "clean_text": "We apply one of the pruning techniques used in Zhang and Gildea (2005).", 
    "keep_for_gold": 0
  }, 
  {
    "citance_No": 7, 
    "citing_paper_id": "P06-2122", 
    "citing_paper_authority": 1, 
    "citing_paper_authors": "Hao, Zhang | Daniel, Gildea", 
    "raw_text": "In the first comparison, we measured the performance of five word aligners, including IBM models, ITG, the lexical ITG (LITG) of Zhang and Gildea (2005), and our bi lexical ITG (BLITG), on a hand-aligned bilingual corpus", 
    "clean_text": "In the first comparison, we measured the performance of five word aligners, including IBM models, ITG, the lexical ITG (LITG) of Zhang and Gildea (2005), and our bi lexical ITG (BLITG), on a hand-aligned bilingual corpus.", 
    "keep_for_gold": 0
  }, 
  {
    "citance_No": 8, 
    "citing_paper_id": "W07-0403", 
    "citing_paper_authority": 25, 
    "citing_paper_authors": "Colin, Cherry | Dekang, Lin", 
    "raw_text": "Past approaches have pruned spans using IBM Model 1 probability estimates (Zhang and Gildea, 2005) or using agreement with an existing parse tree (Cherry and Lin, 2006) .The former is referred to as tic-tac-toe pruning be cause it uses both inside and outside estimates. We propose a new ITG pruning method that lever ages high-confidence links by pruning all spans that are inconsistent with a provided alignment", 
    "clean_text": "Past approaches have pruned spans using IBM Model 1 probability estimates (Zhang and Gildea, 2005) or using agreement with an existing parse tree (Cherry and Lin, 2006).", 
    "keep_for_gold": 0
  }, 
  {
    "citance_No": 9, 
    "citing_paper_id": "W06-1627", 
    "citing_paper_authority": 3, 
    "citing_paper_authors": "Hao, Zhang | Daniel, Gildea", 
    "raw_text": "nature of the cells, we can compute values for the inside and outside components of each cell using dynamic programming in O (n4) time (Zhang and Gildea, 2005)", 
    "clean_text": "Fortunately, exploiting the recursive nature of the cells, we can compute values for the inside and outside components of each cell using dynamic programming in O (n4) time (Zhang and Gildea, 2005).", 
    "keep_for_gold": 0
  }, 
  {
    "citance_No": 10, 
    "citing_paper_id": "P10-1033", 
    "citing_paper_authority": 2, 
    "citing_paper_authors": "Shujie, Liu | Chi-Ho, Li | Ming, Zhou", 
    "raw_text": "HMM); Zhang and Gildea (2005) propose Tic-tac-toe pruning, which is based on the Model 1 probabilities of word pairs inside and outside a pair of spans", 
    "clean_text": "For example, Haghighi et al. (2009) do pruning based on the probabilities of links from a simpler alignment model (viz. HMM); Zhang and Gildea (2005) propose Tic-tac-toe pruning, which is based on the Model 1 probabilities of word pairs inside and outside a pair of spans.", 
    "keep_for_gold": 1
  }, 
  {
    "citance_No": 11, 
    "citing_paper_id": "C10-2084", 
    "citing_paper_authority": 0, 
    "citing_paper_authors": "Shujie, Liu | Chi-Ho, Li | Ming, Zhou", 
    "raw_text": "Zhang and Gildea (2005) show that Model 1 (Brown et al, 1993) probabilities of the word pairs inside and outside a span pair are useful", 
    "clean_text": "Zhang and Gildea (2005) show that Model 1 (Brown et al, 1993) probabilities of the word pairs inside and outside a span pair are useful.", 
    "keep_for_gold": 0
  }, 
  {
    "citance_No": 12, 
    "citing_paper_id": "C10-2084", 
    "citing_paper_authority": 0, 
    "citing_paper_authors": "Shujie, Liu | Chi-Ho, Li | Ming, Zhou", 
    "raw_text": "Tic-tac-toe pruning algorithm (Zhang and Gildea, 2005) uses dynamic programming to compute inside and outside scores for a span pair in O (n4)", 
    "clean_text": "Tic-tac-toe pruning algorithm (Zhang and Gildea, 2005) uses dynamic programming to compute inside and outside scores for a span pair in O (n4).", 
    "keep_for_gold": 1
  }, 
  {
    "citance_No": 13, 
    "citing_paper_id": "P08-1012", 
    "citing_paper_authority": 27, 
    "citing_paper_authors": "Hao, Zhang | Chris, Quirk | Robert C., Moore | Daniel, Gildea", 
    "raw_text": "Like Zhang and Gildea (2005), it is used to prune bi text cells rather than score phrases", 
    "clean_text": "Like Zhang and Gildea (2005), it is used to prune bi text cells rather than score phrases.", 
    "keep_for_gold": 0
  }, 
  {
    "citance_No": 14, 
    "citing_paper_id": "P08-1012", 
    "citing_paper_authority": 27, 
    "citing_paper_authors": "Hao, Zhang | Chris, Quirk | Robert C., Moore | Daniel, Gildea", 
    "raw_text": "Our pruning differs from Zhang and Gildea (2005) in two major ways", 
    "clean_text": "Our pruning differs from Zhang and Gildea (2005) in two major ways.", 
    "keep_for_gold": 0
  }, 
  {
    "citance_No": 15, 
    "citing_paper_id": "P08-1012", 
    "citing_paper_authority": 27, 
    "citing_paper_authors": "Hao, Zhang | Chris, Quirk | Robert C., Moore | Daniel, Gildea", 
    "raw_text": "Thetic-tac-toe pruning algorithm (ZhangandGildea, 2005) uses dynamic programming to compute the product of inside and outside scores for all cells in O (n4) time", 
    "clean_text": "The tic-tac-toe pruning algorithm (ZhangandGildea, 2005) uses dynamic programming to compute the product of inside and outside scores for all cells in O (n4) time.", 
    "keep_for_gold": 0
  }, 
  {
    "citance_No": 16, 
    "citing_paper_id": "P08-1012", 
    "citing_paper_authority": 27, 
    "citing_paper_authors": "Hao, Zhang | Chris, Quirk | Robert C., Moore | Daniel, Gildea", 
    "raw_text": "Figure 2 compares the speed of the fast tic-tac-toe algorithm against the algorithm in Zhang and Gildea (2005)", 
    "clean_text": "Figure 2 compares the speed of the fast tic-tac-toe algorithm against the algorithm in Zhang and Gildea (2005).", 
    "keep_for_gold": 0
  }
]
