[
  {
    "citance_No": 1, 
    "citing_paper_id": "C96-1093", 
    "citing_paper_authority": 0, 
    "citing_paper_authors": "Toru, Hisamitsu | Yoshihiko, Nitta", 
    "raw_text": "A concise review of this research area can be found in, for instance, Lauer (1995), which dates back to Finin (1980)", 
    "clean_text": "A concise review of this research area can be found in, for instance, Lauer (1995), which dates back to Finin (1980).", 
    "keep_for_gold": 0
  }, 
  {
    "citance_No": 2, 
    "citing_paper_id": "C96-1093", 
    "citing_paper_authority": 0, 
    "citing_paper_authors": "Toru, Hisamitsu | Yoshihiko, Nitta", 
    "raw_text": "As Lauer (1995) pointed out, using (partial) parsing of the text is too costly", 
    "clean_text": "As Lauer (1995) pointed out, using (partial) parsing of the text is too costly.", 
    "keep_for_gold": 0
  }, 
  {
    "citance_No": 3, 
    "citing_paper_id": "C96-1093", 
    "citing_paper_authority": 0, 
    "citing_paper_authors": "Toru, Hisamitsu | Yoshihiko, Nitta", 
    "raw_text": "Lauer (1995) compared a dependency model with adjacency models, and found that the dependency model is better", 
    "clean_text": "Lauer (1995) compared a dependency model with adjacency models, and found that the dependency model is better.", 
    "keep_for_gold": 0
  }, 
  {
    "citance_No": 4, 
    "citing_paper_id": "C96-1093", 
    "citing_paper_authority": 0, 
    "citing_paper_authors": "Toru, Hisamitsu | Yoshihiko, Nitta", 
    "raw_text": "This is an extension of left branchprefereture in Lauer (1995)", 
    "clean_text": "This is an extension of left branch preference in Lauer (1995).", 
    "keep_for_gold": 0
  }, 
  {
    "citance_No": 5, 
    "citing_paper_id": "W07-0730", 
    "citing_paper_authority": 5, 
    "citing_paper_authors": "Preslav, Nakov | Marti A., Hearst", 
    "raw_text": "For every split, we issue exact phrase queries to the Google search engine using the following patterns:& quot ;lt N1 poss N2 rt& quot;& quot ;lt N2 prep det N? 1 rt& quot;& quot ;lt N2 that be det N? 1 rt& quot;& quot ;lt N2 that be prep det N? 1 rt& quot; where :lt is the word preceding N1 in the original sentence or empty if none, rt is the word following N2 in the original sentence or empty if none, poss is a possessive marker (? s or?), that is that, which or who, be is is or are ,det is a determiner (the, a, an, or none), prep is one of the 8 prepositions used by Lauer (1995) for semantic interpretation of NCs: about, at, for, from, in, of, on, and with, and N? 1 can be either N1, or N1 with the number of its last word changed from singular/plural to plural/singular", 
    "clean_text": "", 
    "keep_for_gold": 0
  }, 
  {
    "citance_No": 6, 
    "citing_paper_id": "N04-1016", 
    "citing_paper_authority": 24, 
    "citing_paper_authors": "Mirella, Lapata | Frank, Keller", 
    "raw_text": "Lauer (1995): adjacency 68.90 Lauer (1995): dependency 77.50 Best Altavista 78.68? 6? Lauer (1995): tuned 80.70 Upper bound 81.50 Table 9: Performance comparison with the literature for compound bracketing 1993)", 
    "clean_text": "Lauer (1995): adjacency 68.90 Lauer (1995): dependency 77.50 Best Altavista 78.68 Lauer (1995): tuned 80.70 Upper bound 81.50 Table 9: Performance comparison with the literature for compound bracketing 1993).", 
    "keep_for_gold": 0
  }, 
  {
    "citance_No": 7, 
    "citing_paper_id": "N04-1016", 
    "citing_paper_authority": 24, 
    "citing_paper_authors": "Mirella, Lapata | Frank, Keller", 
    "raw_text": "Lauer (1995) proposes an unsupervised method for estimating the frequencies of the competing brack etings based on a taxonomy or a thesaurus", 
    "clean_text": "Lauer (1995) proposes an unsupervised method for estimating the frequencies of the competing bracketings based on a taxonomy or a thesaurus.", 
    "keep_for_gold": 1
  }, 
  {
    "citance_No": 8, 
    "citing_paper_id": "N04-1016", 
    "citing_paper_authority": 24, 
    "citing_paper_authors": "Mirella, Lapata | Frank, Keller", 
    "raw_text": "The probability P (t1 ?t2) denotes the modification of a category t2 by a category t1. Lauer (1995) tested both the adjacency and dependency models on 244 compounds extracted fromGrolier? s encyclopedia, a corpus of 8 million words", 
    "clean_text": "Lauer (1995) tested both the adjacency and dependency models on 244 compounds extracted from Grolier's encyclopedia, a corpus of 8 million words.", 
    "keep_for_gold": 1
  }, 
  {
    "citance_No": 9, 
    "citing_paper_id": "N04-1016", 
    "citing_paper_authority": 24, 
    "citing_paper_authors": "Mirella, Lapata | Frank, Keller", 
    "raw_text": "The majority of proposals are symbolic and therefore limited to a specific domain due to the large effort involved in hand-coding semantic information (see Lauer 1995 for an extensive overview) .Lauer (1995) is the first to propose and evaluate an unsupervised probabilistic model of compound noun interpretation for domain independent text", 
    "clean_text": "Lauer (1995) is the first to propose and evaluate an unsupervised probabilistic model of compound noun interpretation for domain independent text.", 
    "keep_for_gold": 0
  }, 
  {
    "citance_No": 10, 
    "citing_paper_id": "N04-1016", 
    "citing_paper_authority": 24, 
    "citing_paper_authors": "Mirella, Lapata | Frank, Keller", 
    "raw_text": "p? =argmax p ?t1? cats (n1 )t2? cats (n2) P (t1|p) P (t2|p) (7) Here ,t1 and t2 represent concepts in Roget? s thesaurus. Lauer (1995) also experimented with a lexicalized version of (7) where probabilities are calculated on the basis of word (rather than concept) frequencies which Lauer obtained from Grolier? s encyclopedia heuristically via pattern matching. Lauer (1995) tested the model in (7) on 282 compounds that he selected randomly from Grolier? s encyclopedia and annotated with their paraphrasing prepositions", 
    "clean_text": "Lauer (1995) tested the model in (7) on 282 compounds that he selected randomly from Grolier's encyclopedia and annotated with their paraphrasing prepositions.", 
    "keep_for_gold": 0
  }, 
  {
    "citance_No": 11, 
    "citing_paper_id": "D07-1086", 
    "citing_paper_authority": 11, 
    "citing_paper_authors": "Shane, Bergsma | Qin Iris, Wang", 
    "raw_text": "The computational problem is thus deciding whether the three-word NC has a left or right-bracketing structure (Lauer, 1995)", 
    "clean_text": "The computational problem is thus deciding whether the three-word NC has a left or right-bracketing structure (Lauer, 1995).", 
    "keep_for_gold": 0
  }, 
  {
    "citance_No": 12, 
    "citing_paper_id": "H05-1065", 
    "citing_paper_authority": 0, 
    "citing_paper_authors": "Helmut, Schmid", 
    "raw_text": "Mark Lauer (1995) only considered English noun compounds and applied adifferent disambiguation strategy based on word association scores", 
    "clean_text": "Mark Lauer (1995) only considered English noun compounds and applied a different disambiguation strategy based on word association scores.", 
    "keep_for_gold": 0
  }, 
  {
    "citance_No": 13, 
    "citing_paper_id": "P02-1032", 
    "citing_paper_authority": 14, 
    "citing_paper_authors": "Barbara, Rosario | Marti A., Hearst | Charles J., Fillmore", 
    "raw_text": "Several researchers have tackled the syntactic analysis (Lauer, 1995), (Pustejovsky et al, 1993), (Liber man and Church, 1992), usually using a variation of the idea of finding the subconstituents elsewhere in the corpus and using those to predict how the larger compounds are structured", 
    "clean_text": "Several researchers have tackled the syntactic analysis (Lauer, 1995), (Pustejovsky et al, 1993), (Liber man and Church, 1992), usually using a variation of the idea of finding the subconstituents elsewhere in the corpus and using those to predict how the larger compounds are structured.", 
    "keep_for_gold": 0
  }, 
  {
    "citance_No": 14, 
    "citing_paper_id": "P07-1072", 
    "citing_paper_authority": 10, 
    "citing_paper_authors": "Roxana, G&icirc;rju", 
    "raw_text": "We also present empirical observations on the distribution of the syntax and meaning of noun phrases on two different corpora based on two state-of-the-art classification tag sets: Lauer? s set of 8 prepositions (Lauer, 1995) and our list of 22semantic relations", 
    "clean_text": "We also present empirical observations on the distribution of the syntax and meaning of noun phrases on two different corpora based on two state-of-the-art classification tag sets: Lauers set of 8 prepositions (Lauer, 1995) and our list of 22 semantic relations.", 
    "keep_for_gold": 0
  }, 
  {
    "citance_No": 15, 
    "citing_paper_id": "P07-1072", 
    "citing_paper_authority": 10, 
    "citing_paper_authors": "Roxana, G&icirc;rju", 
    "raw_text": "On the other hand, the majority of corpus statistics approaches to noun compound interpretation collect statistics on the occurrence frequency of the noun constituents and use them in a probabilistic model (Lauer, 1995)", 
    "clean_text": "On the other hand, the majority of corpus statistics approaches to noun compound interpretation collect statistics on the occurrence frequency of the noun constituents and use them in a probabilistic model (Lauer, 1995).", 
    "keep_for_gold": 0
  }, 
  {
    "citance_No": 16, 
    "citing_paper_id": "P07-1072", 
    "citing_paper_authority": 10, 
    "citing_paper_authors": "Roxana, G&icirc;rju", 
    "raw_text": "They can vary from a few prepositions (Lauer, 1995) to hundreds or thousands specific semantic relations (Finin, 1980)", 
    "clean_text": "They can vary from a few prepositions (Lauer, 1995) to hundreds or thousands specific semantic relations (Finin, 1980).", 
    "keep_for_gold": 0
  }, 
  {
    "citance_No": 17, 
    "citing_paper_id": "W07-1002", 
    "citing_paper_authority": 1, 
    "citing_paper_authors": "Bridget T., McInnes | Ted, Pedersen | Serguei V., Pakhomov", 
    "raw_text": "One type of structural ambiguity that has received much attention has to do with nominal compounds as seen in the work of (Resnik, 1993), (Resnik and Hearst, 1993), (Pustejovsky et al., 1993), and (Lauer, 1995). (Lauer, 1995) points out that the existing approaches to resolving the ambiguity of noun phrases fall roughly into two camps: adjacency and dependency", 
    "clean_text": "(Lauer, 1995) points out that the existing approaches to resolving the ambiguity of noun phrases fall roughly into two camps: adjacency and dependency.", 
    "keep_for_gold": 0
  }, 
  {
    "citance_No": 18, 
    "citing_paper_id": "W07-1002", 
    "citing_paper_authority": 1, 
    "citing_paper_authors": "Bridget T., McInnes | Ted, Pedersen | Serguei V., Pakhomov", 
    "raw_text": "(Lauer and Dras, 1994) and (Lauer, 1995) address the issue of structural ambiguity by developing a dependency model where instead of computing the acceptability of A [YZ] one would compute the acceptability of A [XZ]", 
    "clean_text": "(Lauer and Dras, 1994) and (Lauer, 1995) address the issue of structural ambiguity by developing a dependency model where instead of computing the acceptability of A [YZ] one would compute the acceptability of A [XZ].", 
    "keep_for_gold": 0
  }, 
  {
    "citance_No": 19, 
    "citing_paper_id": "W07-1002", 
    "citing_paper_authority": 1, 
    "citing_paper_authors": "Bridget T., McInnes | Ted, Pedersen | Serguei V., Pakhomov", 
    "raw_text": "(Lauer, 1995) argues that the dependency model is not only more intuitive than the adjacency model, but also yields better results", 
    "clean_text": "(Lauer, 1995) argues that the dependency model is not only more intuitive than the adjacency model, but also yields better results.", 
    "keep_for_gold": 0
  }, 
  {
    "citance_No": 20, 
    "citing_paper_id": "W07-1002", 
    "citing_paper_authority": 1, 
    "citing_paper_authors": "Bridget T., McInnes | Ted, Pedersen | Serguei V., Pakhomov", 
    "raw_text": "Thismethodis tested using a set of general English nominal com pounds developed by (Lauer, 1995) as well as a set of nominal compounds extracted from MEDLINE abstracts. The novel contribution of our study is in demonstrating and validating a corpus-based method for determining the syntactic structure of medical terms that relies on using the statistical measure of association, the Log Likelihood Ratio, described in the following section", 
    "clean_text": "This method is tested using a set of general English nominal compounds developed by (Lauer, 1995) as well as a set of nominal compounds extracted from MEDLINE abstracts.", 
    "keep_for_gold": 0
  }
]
