[
  {
    "citance_No": 1, 
    "citing_paper_id": "W08-0312", 
    "citing_paper_authority": 13, 
    "citing_paper_authors": "Abhaya, Agarwal | Alon, Lavie", 
    "raw_text": "(Callison-Burch et al, 2007) reported that the inter coder agreement on the task of assigning ranks to a given set of candidate hypotheses is much better than the intercoder agreement on the task of assigning a score to a hypothesis in isolation", 
    "clean_text": "(Callison-Burch et al, 2007) reported that the inter coder agreement on the task of assigning ranks to a given set of candidate hypotheses is much better than the intercoder agreement on the task of assigning a score to a hypothesis in isolation.", 
    "keep_for_gold": 0
  }, 
  {
    "citance_No": 2, 
    "citing_paper_id": "W12-4204", 
    "citing_paper_authority": 2, 
    "citing_paper_authors": "Ond&#x159;ej, Bojar | Dekai, Wu", 
    "raw_text": "While this single-scale relative ranking is perhaps faster to an notate and reaches a higher interand intra-annotator agreement than the (absolute) fluency and adequacy (Callison-Burch et al, 2007), the technique and its evaluation are still far from satisfactory", 
    "clean_text": "While this single-scale relative ranking is perhaps faster to annotate and reaches a higher inter and intra-annotator agreement than the (absolute) fluency and adequacy (Callison-Burch et al, 2007), the technique and its evaluation are still far from satisfactory.", 
    "keep_for_gold": 0
  }, 
  {
    "citance_No": 3, 
    "citing_paper_id": "W09-2301", 
    "citing_paper_authority": 1, 
    "citing_paper_authors": "Greg, Hanneman | Alon, Lavie", 
    "raw_text": "scores similarly to state-of-the-art systems of this type on the test2007 French? English data (Callison-Burch et al, 2007)", 
    "clean_text": "The Moses system with a 4-gram language model and a distance-6 lexical reordering model (\"lex RO\") scores similarly to state-of-the-art systems of this type on the test 2007 French English data (Callison-Burch et al, 2007).", 
    "keep_for_gold": 0
  }, 
  {
    "citance_No": 4, 
    "citing_paper_id": "W08-0324", 
    "citing_paper_authority": 1, 
    "citing_paper_authors": "Greg, Hanneman | Edmund, Huber | Abhaya, Agarwal | Vamshi, Ambati | Alok, Parlikar | Erik, Peterson | Alon, Lavie", 
    "raw_text": "This behavior appears to be consistent on the test2007 and nc-test2007 data sets across systems (Callison-Burch et al, 2007)", 
    "clean_text": "This behavior appears to be consistent on the test 2007 and nc-test2007 data sets across systems (Callison-Burch et al, 2007).", 
    "keep_for_gold": 0
  }, 
  {
    "citance_No": 5, 
    "citing_paper_id": "W12-0111", 
    "citing_paper_authority": 0, 
    "citing_paper_authors": "Andreas S&Atilde;&cedil;eborg, Kirkedal", 
    "raw_text": "This evaluation was inspired by the sentence ranking evaluation in Callison-Burch et al (2007)", 
    "clean_text": "This evaluation was inspired by the sentence ranking evaluation in Callison-Burch et al (2007).", 
    "keep_for_gold": 0
  }, 
  {
    "citance_No": 6, 
    "citing_paper_id": "W09-0402", 
    "citing_paper_authority": 4, 
    "citing_paper_authors": "Maja, Popovi&#x107; | Hermann, Ney", 
    "raw_text": "The correlations on the document level were computed on the English, French, Spanish and German texts generated by various translation systems in the framework of the first (Koehn and Monz, 2006), second (Callison-Burch et al, 2007) and third shared translation task (Callison-Burchet al, 2008)", 
    "clean_text": "The correlations on the document level were computed on the English, French, Spanish and German texts generated by various translation systems in the framework of the first (Koehn and Monz, 2006), second (Callison-Burch et al, 2007) and third shared translation task (Callison-Burchet al, 2008).", 
    "keep_for_gold": 0
  }, 
  {
    "citance_No": 7, 
    "citing_paper_id": "D08-1021", 
    "citing_paper_authority": 44, 
    "citing_paper_authors": "Chris, Callison-Burch", 
    "raw_text": "(Callison-Burch et al, 2007)", 
    "clean_text": "", 
    "keep_for_gold": 0
  }, 
  {
    "citance_No": 8, 
    "citing_paper_id": "W09-0809", 
    "citing_paper_authority": 5, 
    "citing_paper_authors": "Jakob, Elming | Nizar, Habash", 
    "raw_text": "Callison-Burch et al (2007) show that ranking sentences gives higher inter-annotator agreement than scoring adequacy and fluency", 
    "clean_text": "Callison-Burch et al (2007) show that ranking sentences gives higher inter-annotator agreement than scoring adequacy and fluency.", 
    "keep_for_gold": 1
  }, 
  {
    "citance_No": 9, 
    "citing_paper_id": "I08-2089", 
    "citing_paper_authority": 12, 
    "citing_paper_authors": "Holger, Schwenk | Philipp, Koehn", 
    "raw_text": "In the WMT 2007 shared task evaluation campaign (Callison-Burch et al, 2007) domain adaptation wasa special challenge", 
    "clean_text": "In the WMT 2007 shared task evaluation campaign (Callison-Burch et al, 2007) domain adaptation was a special challenge.", 
    "keep_for_gold": 0
  }, 
  {
    "citance_No": 10, 
    "citing_paper_id": "P08-1007", 
    "citing_paper_authority": 16, 
    "citing_paper_authors": "Yee Seng, Chan | Hwee Tou, Ng", 
    "raw_text": "Although BLEU has played a crucial role in the progress of MT research, it is becoming evident that BLEU does not correlate with human judgementwell enough, and suffers from several other deficiencies such as the lack of an intuitive interpretation of its scores. During the recent ACL-07 workshop on statistical MT (Callison-Burch et al, 2007), a total of11 automatic MT evaluation metrics were evaluated for correlation with human judgement", 
    "clean_text": "Although BLEU has played a crucial role in the progress of MT research, it is becoming evident that BLEU does not correlate with human judgement well enough, and suffers from several other deficiencies such as the lack of an intuitive interpretation of its scores. During the recent ACL-07 workshop on statistical MT (Callison-Burch et al, 2007), a total of automatic MT evaluation metrics were evaluated for correlation with human judgement.", 
    "keep_for_gold": 0
  }, 
  {
    "citance_No": 11, 
    "citing_paper_id": "P08-1007", 
    "citing_paper_authority": 16, 
    "citing_paper_authors": "Yee Seng, Chan | Hwee Tou, Ng", 
    "raw_text": "Finally, when evaluated on the datasets of the recent ACL 07 MT workshop (Callison-Burch et al, 2007), our", 
    "clean_text": "Finally, when evaluated on the datasets of the recent ACL 07 MT workshop (Callison-Burch et al, 2007).", 
    "keep_for_gold": 0
  }, 
  {
    "citance_No": 12, 
    "citing_paper_id": "P08-1007", 
    "citing_paper_authority": 16, 
    "citing_paper_authors": "Yee Seng, Chan | Hwee Tou, Ng", 
    "raw_text": "We gather the correlation results of these metrics from the workshop paper (Callison-Burch et al, 2007), and show in Table 1 the overall correlations of these metrics over the Europarl and News Commentary datasets", 
    "clean_text": "We gather the correlation results of these metrics from the workshop paper (Callison-Burch et al, 2007), and show in Table 1 the overall correlations of these metrics over the Europarl and News Commentary datasets.", 
    "keep_for_gold": 0
  }, 
  {
    "citance_No": 13, 
    "citing_paper_id": "P11-2027", 
    "citing_paper_authority": 0, 
    "citing_paper_authors": "Rafael E., Banches | Haizhou, Li", 
    "raw_text": "A complete description on WMT-07 evaluation campaign and dataset is available in Callison-Burch et al (2007)", 
    "clean_text": "A complete description on WMT-07 evaluation campaign and dataset is available in Callison-Burch et al (2007).", 
    "keep_for_gold": 0
  }, 
  {
    "citance_No": 14, 
    "citing_paper_id": "P11-2027", 
    "citing_paper_authority": 0, 
    "citing_paper_authors": "Rafael E., Banches | Haizhou, Li", 
    "raw_text": "Different from Callison-Burch et al (2007), where Spear man? s correlation coefficients were used, we use here Pearson? s coefficients as, instead of focusing on ranking; this first evaluation exercise focuses on evaluating the significance and noisiness of the association, if any, between the automatic metrics and human-generated scores", 
    "clean_text": "Different from Callison-Burch et al (2007), where Spear man's correlation coefficients were used, we use here Pearson's coefficients as, instead of focusing on ranking; this first evaluation exercise focuses on evaluating the significance and noisiness of the association, if any, between the automatic metrics and human-generated scores.", 
    "keep_for_gold": 0
  }, 
  {
    "citance_No": 15, 
    "citing_paper_id": "P11-2027", 
    "citing_paper_authority": 0, 
    "citing_paper_authors": "Rafael E., Banches | Haizhou, Li", 
    "raw_text": "See Callison-Burch et al (2007) for details on the human evaluation task", 
    "clean_text": "See Callison-Burch et al (2007) for details on the human evaluation task.", 
    "keep_for_gold": 0
  }, 
  {
    "citance_No": 16, 
    "citing_paper_id": "E12-1002", 
    "citing_paper_authority": 0, 
    "citing_paper_authors": "Spyros, Martzoukos | Christof, Monz", 
    "raw_text": "(Callison-Burch et al 2007))", 
    "clean_text": "", 
    "keep_for_gold": 0
  }, 
  {
    "citance_No": 17, 
    "citing_paper_id": "P11-4010", 
    "citing_paper_authority": 4, 
    "citing_paper_authors": "Sara, Stymne", 
    "raw_text": "Human evaluation is also often quantitative, for instance in the form of estimates of values such as adequacy and fluency, or by ranking sentences from different systems (e.g. Callison-Burch et al (2007))", 
    "clean_text": "Human evaluation is also often quantitative, for instance in the form of estimates of values such as adequacy and fluency, or by ranking sentences from different systems (e.g. Callison-Burch et al (2007)).", 
    "keep_for_gold": 0
  }, 
  {
    "citance_No": 18, 
    "citing_paper_id": "P11-4010", 
    "citing_paper_authority": 4, 
    "citing_paper_authors": "Sara, Stymne", 
    "raw_text": "Graphical tools have also successfully been used to aid humans in other MT-related tasks, such as human MT evaluation of adequacy, fluency and 2Though it does, at least in principle, seem possible to mine HTER annotations for more information system comparison (Callison-Burch et al, 2007), and word alignment (Ahrenberg et al, 2003)", 
    "clean_text": "Though it does, at least in principle, seem possible to mine HTER annotations for more information system comparison (Callison-Burch et al, 2007), and word alignment (Ahrenberg et al, 2003).", 
    "keep_for_gold": 0
  }, 
  {
    "citance_No": 19, 
    "citing_paper_id": "P11-2028", 
    "citing_paper_authority": 1, 
    "citing_paper_authors": "Maoxi, Li | Chengqing, Zong | Hwee Tou, Ng", 
    "raw_text": "The method of manually scoring the 11 submitted Chinese system translations of each segment is the same as that used in (Callison-Burch et al, 2007)", 
    "clean_text": "The method of manually scoring the 11 submitted Chinese system translations of each segment is the same as that used in (Callison-Burch et al, 2007).", 
    "keep_for_gold": 0
  }, 
  {
    "citance_No": 20, 
    "citing_paper_id": "N09-2055", 
    "citing_paper_authority": 2, 
    "citing_paper_authors": "Antonio L., Lagarda | Vicent, Alabau | Francisco, Casacuberta | Roberto, Silva | Enrique, D&iacute;az-de-Lia&ntilde;o", 
    "raw_text": "A new human evaluation measure has been proposed to roughly estimate the productivity increase when using each of the systems in a real scenario, grounded on previous works for human evaluation of qualitative factors (Callison-Burch et al, 2007)", 
    "clean_text": "A new human evaluation measure has been proposed to roughly estimate the productivity increase when using each of the systems in a real scenario, grounded on previous works for human evaluation of qualitative factors (Callison-Burch et al, 2007).", 
    "keep_for_gold": 0
  }
]
