[
  {
    "citance_No": 1, 
    "citing_paper_id": "W08-0603", 
    "citing_paper_authority": 2, 
    "citing_paper_authors": "Barry, Haddow", 
    "raw_text": "In the news domain, the best reported results on the ACEdataset1 have been achieved by a composite kernel which depends partially on a full parse, and partially on a collection of shallow syn tactic features (Zhou et al, 2007)", 
    "clean_text": "In the news domain, the best reported results on the ACE dataset have been achieved by a composite kernel which depends partially on a full parse, and partially on a collection of shallow syntactic features (Zhou et al, 2007).", 
    "keep_for_gold": 1
  }, 
  {
    "citance_No": 2, 
    "citing_paper_id": "P14-2011", 
    "citing_paper_authority": 0, 
    "citing_paper_authors": "Le, Sun | Xianpei, Han", 
    "raw_text": "As shown in Zhou et al (2007), the context path from root to the phrase node is an effective context information feature", 
    "clean_text": "As shown in Zhou et al (2007), the context path from root to the phrase node is an effective context information feature.", 
    "keep_for_gold": 0
  }, 
  {
    "citance_No": 3, 
    "citing_paper_id": "P14-2011", 
    "citing_paper_authority": 0, 
    "citing_paper_authors": "Le, Sun | Xianpei, Han", 
    "raw_text": "In this paper, we use the same settings in (Zhou et al, 2007) ,i.e., each phrase node is enriched with its context paths of length 1, 2, 3. 2) Relative position with arguments", 
    "clean_text": "In this paper, we use the same settings in (Zhou et al, 2007), i.e., each phrase node is enriched with its context paths of length 1, 2, 3.", 
    "keep_for_gold": 0
  }, 
  {
    "citance_No": 4, 
    "citing_paper_id": "P14-2011", 
    "citing_paper_authority": 0, 
    "citing_paper_authors": "Le, Sun | Xianpei, Han", 
    "raw_text": "4.2.1 Overall performance We compare our method with the standard convolution tree kernel (CTK) on the state-of-the-art context sensitive shortest path-enclosed tree representation (CSPT, Zhou et al, 2007)", 
    "clean_text": "We compare our method with the standard convolution tree kernel (CTK) on the state-of-the-art context sensitive shortest path-enclosed tree representation (CSPT, Zhou et al, 2007).", 
    "keep_for_gold": 0
  }, 
  {
    "citance_No": 5, 
    "citing_paper_id": "P14-2011", 
    "citing_paper_authority": 0, 
    "citing_paper_authors": "Le, Sun | Xianpei, Han", 
    "raw_text": "System P (%) R (%) F Qian et al, (2008): composite kernel 83.0 72.0 77.1 Zhou et al, (2007): composite kernel 82.2 70.2 75.8 Ours: FTK with CSPT 81.2 67.4 73.7 Zhou et al, (2007): context sensitive CTK with CSPT 81.1 66.7 73.2 Ours: FTK with SPT 81.1 66.2 72.9 Jiang& amp; Zhai (2007): MaxEntclassifier with features 74.6 71.3 72.9 Zhang et al, (2006): composite kernel 76.1 68.4 72.1 Zhao& amp; Grishman, (2005): Composite kernel 69.2 70.5 70.4 Zhang et al, (2006): CTK with SPT 74.1 62.4 67.7 Table 3. Comparison of different systems on the ACE RDC 2004 corpus 4.2.2 Comparison with other systems Finally, Table 3 compares the performance of our method with several other systems", 
    "clean_text": "", 
    "keep_for_gold": 0
  }, 
  {
    "citance_No": 6, 
    "citing_paper_id": "P14-2011", 
    "citing_paper_authority": 0, 
    "citing_paper_authors": "Le, Sun | Xianpei, Han", 
    "raw_text": "To resolve this problem, Zhou et al (2007) took the ancestral information of sub-trees into consideration; Reichartz and Korte (2010) incorporated depend ency type information into a tree kernel; Plank and Moschitti (2013) and Liu et al (2013) embedded semantic information into tree kernel", 
    "clean_text": "To resolve this problem, Zhou et al (2007) took the ancestral information of sub-trees into consideration.", 
    "keep_for_gold": 0
  }, 
  {
    "citance_No": 7, 
    "citing_paper_id": "P09-1113", 
    "citing_paper_authority": 100, 
    "citing_paper_authors": "Mike, Mintz | Steven, Bills | Rion, Snow | Daniel, Jurafsky", 
    "raw_text": "(2005), and work in the ACE paradigm such as Zhou et al (2005) and Zhou et al (2007)", 
    "clean_text": "", 
    "keep_for_gold": 0
  }, 
  {
    "citance_No": 8, 
    "citing_paper_id": "P08-2023", 
    "citing_paper_authority": 4, 
    "citing_paper_authors": "Wenjie, Li | Peng, Zhang | Furu, Wei | Yuexian, Hou | Qin, Lu", 
    "raw_text": "Later, Zhang et al (2006) developed a composite kernel that combined parse tree kernel with entity kernel and Zhou et al (2007) experimented with a context-sensitive kernel by automatically determining context-sensitive tree spans", 
    "clean_text": "Later, Zhang et al (2006) developed a composite kernel that combined parse tree kernel with entity kernel and Zhou et al (2007) experimented with a context-sensitive kernel by automatically determining context-sensitive tree spans.", 
    "keep_for_gold": 0
  }, 
  {
    "citance_No": 9, 
    "citing_paper_id": "D10-1100", 
    "citing_paper_authority": 8, 
    "citing_paper_authors": "Apoorv, Agarwal | Owen, Rambow", 
    "raw_text": "Zhou et al (2007) use a context sensitive kernel in conjunction with features they used in their earlier publication (GuoDong et al., 2005)", 
    "clean_text": "Zhou et al (2007) use a context sensitive kernel in conjunction with features they used in their earlier publication (GuoDong et al., 2005).", 
    "keep_for_gold": 0
  }, 
  {
    "citance_No": 10, 
    "citing_paper_id": "D11-1132", 
    "citing_paper_authority": 6, 
    "citing_paper_authors": "Chang, Wang | James, Fan | Aditya, Kalyanpur | David, Gondek", 
    "raw_text": "To the best of our knowledge, the most recent result was reported by (Zhou and Zhu, 2011), who extended their previous work in (Zhou et al, 2007)", 
    "clean_text": "To the best of our knowledge, the most recent result was reported by (Zhou and Zhu, 2011), who extended their previous work in (Zhou et al, 2007).", 
    "keep_for_gold": 0
  }, 
  {
    "citance_No": 11, 
    "citing_paper_id": "P11-1053", 
    "citing_paper_authority": 8, 
    "citing_paper_authors": "Ang, Sun | Ralph, Grishman | Satoshi, Sekine", 
    "raw_text": "System P (%) R (%) F (%) Zhou et al (2007) 9 78.2 63.4 70.1 Zhao and Grishman (2005) 10 69.2 71.5 70.4 Our Baseline 73.4 67.7 70.4 Jiang and Zhai (2007) 11 72.4 70.2 71.3 Table 5: Performance comparison on the ACE 2004 data over the 7 relation types", 
    "clean_text": "", 
    "keep_for_gold": 0
  }, 
  {
    "citance_No": 12, 
    "citing_paper_id": "P11-1053", 
    "citing_paper_authority": 8, 
    "citing_paper_authors": "Ang, Sun | Ralph, Grishman | Satoshi, Sekine", 
    "raw_text": "Zhou et al (2007) tested their system on the ACE 2004 data", 
    "clean_text": "Zhou et al (2007) tested their system on the ACE 2004 data.", 
    "keep_for_gold": 0
  }, 
  {
    "citance_No": 13, 
    "citing_paper_id": "W11-0216", 
    "citing_paper_authority": 1, 
    "citing_paper_authors": "Md. Faisal Mahbub, Chowdhury | Alberto, Lavelli | Alessandro, Moschitti", 
    "raw_text": "A PET is the smallest common subtree of a PST, which includes the two entities involved in a relation. Zhou et al (2007) proposed the so called context sensitive tree kernel approach based on PST, which expands PET to include necessary contextual in formation", 
    "clean_text": "Zhou et al (2007) proposed the so called context sensitive tree kernel approach based on PST, which expands PET to include necessary contextual in formation.", 
    "keep_for_gold": 0
  }, 
  {
    "citance_No": 14, 
    "citing_paper_id": "C08-1088", 
    "citing_paper_authority": 18, 
    "citing_paper_authors": "Longhua, Qian | Guodong, Zhou | Fang, Kong | Qiao-ming, Zhu | Peide, Qian", 
    "raw_text": "Zhou et al (2007) further extend it to Context-Sensitive Shortest Path-enclosed Tree (CS SPT), which dynamically includes necessary predicate-linked path information", 
    "clean_text": "Zhou et al (2007) further extend it to Context-Sensitive Shortest Path-enclosed Tree (CS SPT), which dynamically includes necessary predicate-linked path information.", 
    "keep_for_gold": 0
  }, 
  {
    "citance_No": 15, 
    "citing_paper_id": "C08-1088", 
    "citing_paper_authority": 18, 
    "citing_paper_authors": "Longhua, Qian | Guodong, Zhou | Fang, Kong | Qiao-ming, Zhu | Peide, Qian", 
    "raw_text": "Zhou et al (2007) point out that both SPT and the convolution tree kernel are context-free", 
    "clean_text": "Zhou et al (2007) point out that both SPT and the convolution tree kernel are context-free.", 
    "keep_for_gold": 0
  }, 
  {
    "citance_No": 16, 
    "citing_paper_id": "C08-1088", 
    "citing_paper_authority": 18, 
    "citing_paper_authors": "Longhua, Qian | Guodong, Zhou | Fang, Kong | Qiao-ming, Zhu | Peide, Qian", 
    "raw_text": "Zhou et al (2007) describe a composite kernel to integrate a context-sensitive CTK and a state-of-the-art linear kernel", 
    "clean_text": "Zhou et al (2007) describe a composite kernel to integrate a context-sensitive CTK and a state-of-the-art linear kernel.", 
    "keep_for_gold": 0
  }, 
  {
    "citance_No": 17, 
    "citing_paper_id": "C08-1088", 
    "citing_paper_authority": 18, 
    "citing_paper_authors": "Longhua, Qian | Guodong, Zhou | Fang, Kong | Qiao-ming, Zhu | Peide, Qian", 
    "raw_text": "Zhou et al (2007) further propose Context-Sensitive SPT (CS-SPT), which can dynamically deter mine the tree span by extending the necessary predicate-linked path information outside SPT", 
    "clean_text": "Zhou et al (2007) further propose Context-Sensitive SPT (CS-SPT), which can dynamically determine the tree span by extending the necessary predicate-linked path information outside SPT.", 
    "keep_for_gold": 0
  }, 
  {
    "citance_No": 18, 
    "citing_paper_id": "C08-1088", 
    "citing_paper_authority": 18, 
    "citing_paper_authors": "Longhua, Qian | Guodong, Zhou | Fang, Kong | Qiao-ming, Zhu | Peide, Qian", 
    "raw_text": "(2) CS-SPT only captures part of context sensitive information relating to predicate-linked structure (Zhou et al, 2007) and still loses much context-sensitive information", 
    "clean_text": "(2) CS-SPT only captures part of context sensitive information relating to predicate-linked structure (Zhou et al, 2007) and still loses much context-sensitive information.", 
    "keep_for_gold": 0
  }, 
  {
    "citance_No": 19, 
    "citing_paper_id": "C08-1088", 
    "citing_paper_authority": 18, 
    "citing_paper_authors": "Longhua, Qian | Guodong, Zhou | Fang, Kong | Qiao-ming, Zhu | Peide, Qian", 
    "raw_text": "In fact, SPT (Zhang et al, 2006) can be arrived at by carrying out part of the above removal operations using a single rule (i.e. all the constituents outside the linking path should be removed) and CS-CSPT (Zhou et al, 2007) further recovers part of necessary context-sensitive information outside SPT, this justifies that SPT performs well, while CS-SPT outperforms SPT", 
    "clean_text": "In fact, SPT (Zhang et al, 2006) can be arrived at by carrying out part of the above removal operations using a single rule (i.e. all the constituents outside the linking path should be removed) and CS-CSPT (Zhou et al, 2007) further recovers part of necessary context-sensitive information outside SPT, this justifies that SPT performs well, while CS-SPT outperforms SPT.", 
    "keep_for_gold": 0
  }, 
  {
    "citance_No": 20, 
    "citing_paper_id": "C08-1088", 
    "citing_paper_authority": 18, 
    "citing_paper_authors": "Longhua, Qian | Guodong, Zhou | Fang, Kong | Qiao-ming, Zhu | Peide, Qian", 
    "raw_text": "Furthermore, when the UPST (FPT) kernel is combined with a linear state-of-the-state feature based kernel (Zhou et al, 2005) into a composite one via polynomial interpolation in a setting similar to Zhou et al (2007) (i.e. polynomial degree d=2 and coefficient? =0.3), we get the so far best performance of 77.1 in F-measure for 7relation types on the ACE RDC 2004 data set", 
    "clean_text": "Furthermore, when the UPST (FPT) kernel is combined with a linear state-of-the-state feature based kernel (Zhou et al, 2005) into a composite one via polynomial interpolation in a setting similar to Zhou et al (2007) (i.e. polynomial degree d=2 and coefficient? =0.3), we get the so far best performance of 77.1 in F-measure for 7relation types on the ACE RDC 2004 data set.", 
    "keep_for_gold": 0
  }
]
