[
  {
    "citance_No": 1, 
    "citing_paper_id": "W98-1106", 
    "citing_paper_authority": 24, 
    "citing_paper_authors": "Ellen, Riloff | Mark, Schmelzenbach", 
    "raw_text": "Our approach builds upon earlier work on corpus-based methods for generating extraction patterns (Riloff, 1996b) and semantic lexicons (Riloff and Shepherd, 1997)", 
    "clean_text": "Our approach builds upon earlier work on corpus-based methods for generating extraction patterns (Riloff, 1996b) and semantic lexicons (Riloff and Shepherd, 1997).", 
    "keep_for_gold": 0
  }, 
  {
    "citance_No": 2, 
    "citing_paper_id": "W98-1106", 
    "citing_paper_authority": 24, 
    "citing_paper_authors": "Ellen, Riloff | Mark, Schmelzenbach", 
    "raw_text": "~ The corpus-based algorithm that we used to build the semantic lexicon (Riloff and Shepherd, 1997) requires five& quot; seed words& quot; as input for each semantic category, and produces a ranked list of words that are statistically associated with each category", 
    "clean_text": "The corpus-based algorithm that we used to build the semantic lexicon (Riloff and Shepherd, 1997) requires five seed words as input for each semantic category, and produces a ranked list of words that are statistically associated with each category.", 
    "keep_for_gold": 0
  }, 
  {
    "citance_No": 3, 
    "citing_paper_id": "W98-1106", 
    "citing_paper_authority": 24, 
    "citing_paper_authors": "Ellen, Riloff | Mark, Schmelzenbach", 
    "raw_text": "For more details of this algorithm, see (Riloff and Shepherd, 1997)", 
    "clean_text": "For more details of this algorithm, see (Riloff and Shepherd, 1997).", 
    "keep_for_gold": 0
  }, 
  {
    "citance_No": 4, 
    "citing_paper_id": "W04-2402", 
    "citing_paper_authority": 2, 
    "citing_paper_authors": "Rie Kubota, Ando", 
    "raw_text": "In addition, we exploit syntactic constructions shown to be useful by other studies? list sand conjunctions (Roark and Charniak, 1998), and adjacent words (Riloff and Shepherd, 1997)", 
    "clean_text": "In addition, we exploit syntactic constructions shown to be useful by other studies - lists and conjunctions (Roark and Charniak, 1998), and adjacent words (Riloff and Shepherd, 1997).", 
    "keep_for_gold": 0
  }, 
  {
    "citance_No": 5, 
    "citing_paper_id": "P12-1065", 
    "citing_paper_authority": 2, 
    "citing_paper_authors": "Max, Whitney | Anoop, Sarkar", 
    "raw_text": "(Hearst, 1992), Snowball (Agichtein and Gravano, 2000), AutoSlog (Riloff and Shepherd, 1997), and Junto (Talukdar, 2010) among others, also have similarities to our approach", 
    "clean_text": "(Hearst, 1992), Snowball (Agichtein and Gravano, 2000), AutoSlog (Riloff and Shepherd, 1997), and Junto (Talukdar, 2010) among others, also have similarities to our approach.", 
    "keep_for_gold": 0
  }, 
  {
    "citance_No": 6, 
    "citing_paper_id": "C04-1111", 
    "citing_paper_authority": 29, 
    "citing_paper_authors": "Patrick, Pantel | Deepak, Ravichandran | Eduard, Hovy", 
    "raw_text": "771Riloff and Shepherd (1997) used a semi automatic method for discovering similar words using a few seed examples by using pattern-based techniques and human supervision", 
    "clean_text": "Riloff and Shepherd (1997) used a semi automatic method for discovering similar words using a few seed examples by using pattern-based techniques and human supervision.", 
    "keep_for_gold": 0
  }, 
  {
    "citance_No": 7, 
    "citing_paper_id": "W02-1017", 
    "citing_paper_authority": 12, 
    "citing_paper_authors": "William, Phillips | Ellen, Riloff", 
    "raw_text": "For ex ample, Riloff and Shepherd (Riloff and Shepherd, 1997) developed a statistical co-occurrence model for semantic lexicon induction that was designed with these structures in mind", 
    "clean_text": "For example, Riloff and Shepherd (Riloff and Shepherd, 1997) developed a statistical co-occurrence model for semantic lexicon induction that was designed with these structures in mind.", 
    "keep_for_gold": 0
  }, 
  {
    "citance_No": 8, 
    "citing_paper_id": "D10-1035", 
    "citing_paper_authority": 3, 
    "citing_paper_authors": "Tara, McIntosh", 
    "raw_text": "Many of the successful methods follow the unsupervised it era tive bootstrapping framework (Riloff and Shepherd,1997)", 
    "clean_text": "Many of the successful methods follow the unsupervised iterative bootstrapping framework (Riloff and Shepherd, 1997).", 
    "keep_for_gold": 0
  }, 
  {
    "citance_No": 9, 
    "citing_paper_id": "P06-1100", 
    "citing_paper_authority": 11, 
    "citing_paper_authors": "Marco, Pennacchiotti | Patrick, Pantel", 
    "raw_text": "NLP researchers have developed many algorithms for mining knowledge from text and the Web, including facts (Etzioni et al 2005) ,semantic lexicons (Riloff and Shepherd 1997), concept lists (Lin and Pantel 2002), and word similarity lists (Hindle 1990)", 
    "clean_text": "NLP researchers have developed many algorithms for mining knowledge from text and the Web, including facts (Etzioni et al 2005), semantic lexicons (Riloff and Shepherd 1997), concept lists (Lin and Pantel 2002), and word similarity lists (Hindle 1990).", 
    "keep_for_gold": 0
  }, 
  {
    "citance_No": 10, 
    "citing_paper_id": "P99-1016", 
    "citing_paper_authority": 68, 
    "citing_paper_authors": "Sharon A., Caraballo", 
    "raw_text": "The idea here is that nouns in conjunctions or appositives tend to be semantically related, as discussed in Riloff and Shepherd (1997) and Roark and Charniak (1998)", 
    "clean_text": "The idea here is that nouns in conjunctions or appositives tend to be semantically related, as discussed in Riloff and Shepherd (1997) and Roark and Charniak (1998).", 
    "keep_for_gold": 1
  }, 
  {
    "citance_No": 11, 
    "citing_paper_id": "P99-1016", 
    "citing_paper_authority": 68, 
    "citing_paper_authors": "Sharon A., Caraballo", 
    "raw_text": "Both Hearst (1992) and Riloff and Shepherd (1997) use unparsed text", 
    "clean_text": "Both Hearst (1992) and Riloff and Shepherd (1997) use unparsed text.", 
    "keep_for_gold": 0
  }, 
  {
    "citance_No": 12, 
    "citing_paper_id": "P99-1016", 
    "citing_paper_authority": 68, 
    "citing_paper_authors": "Sharon A., Caraballo", 
    "raw_text": "Riloff and Shepherd (1997) suggested using conjunction and appositive data to cluster nouns; however, they approximated this data by just looking at the nearest NP on each side of a particular NP", 
    "clean_text": "Riloff and Shepherd (1997) suggested using conjunction and appositive data to cluster nouns; however, they approximated this data by just looking at the nearest NP on each side of a particular NP.", 
    "keep_for_gold": 1
  }, 
  {
    "citance_No": 13, 
    "citing_paper_id": "C02-1114", 
    "citing_paper_authority": 35, 
    "citing_paper_authors": "Dominic, Widdows | Beate, Dorow", 
    "raw_text": "The underlying claim is that words which are semantically similar occur with similar distributions and in similar con texts (Miller and Charles, 1991) .The main results to date in the field of automatic lexical acquisition are concerned with extracting lists of words reckoned to belong together in a particular category, such as vehicles or weapons (Riloff and Shepherd, 1997) (Roarkand Charniak, 1998)", 
    "clean_text": "The main results to date in the field of automatic lexical acquisition are concerned with extracting lists of words reckoned to belong together in a particular category, such as vehicles or weapons (Riloff and Shepherd, 1997) (Roark and Charniak, 1998).", 
    "keep_for_gold": 0
  }, 
  {
    "citance_No": 14, 
    "citing_paper_id": "C02-1114", 
    "citing_paper_authority": 35, 
    "citing_paper_authors": "Dominic, Widdows | Beate, Dorow", 
    "raw_text": "for category membership and output a ranked list Algorithms of this type were used by Riloff and Shepherd (1997) and Roark and Charniak (1998), reporting accuracies of 17% and 35% respectively", 
    "clean_text": "Algorithms of this type were used by Riloff and Shepherd (1997) and Roark and Charniak (1998), reporting accuracies of 17% and 35% respectively.", 
    "keep_for_gold": 0
  }, 
  {
    "citance_No": 15, 
    "citing_paper_id": "C02-1114", 
    "citing_paper_authority": 35, 
    "citing_paper_authors": "Dominic, Widdows | Beate, Dorow", 
    "raw_text": "Since lists are usually comprised of objects which are similar in some way, these relationships have been used to extract lists of nouns with similar properties (Riloff and Shepherd, 1997) (Roarkand Charniak, 1998)", 
    "clean_text": "Since lists are usually comprised of objects which are similar in some way, these relationships have been used to extract lists of nouns with similar properties (Riloff and Shepherd, 1997) (Roarkand Charniak, 1998).", 
    "keep_for_gold": 0
  }, 
  {
    "citance_No": 16, 
    "citing_paper_id": "C02-1114", 
    "citing_paper_authority": 35, 
    "citing_paper_authors": "Dominic, Widdows | Beate, Dorow", 
    "raw_text": "These conditions are at least as stringent as those of previous experiments, particularly those of Riloff and Shepherd (1997) who also give credit for words associated with but not belonging to a particular category", 
    "clean_text": "These conditions are at least as stringent as those of previous experiments, particularly those of Riloff and Shepherd (1997) who also give credit for words associated with but not belonging to a particular category.", 
    "keep_for_gold": 1
  }, 
  {
    "citance_No": 17, 
    "citing_paper_id": "C02-1114", 
    "citing_paper_authority": 35, 
    "citing_paper_authors": "Dominic, Widdows | Beate, Dorow", 
    "raw_text": "Our results are an order of magnitude better than those reported by Riloff and Shepherd (1997) and Roark and Charniak (1998), who report average accuracies of 17% and 35% respectively", 
    "clean_text": "Our results are an order of magnitude better than those reported by Riloff and Shepherd (1997) and Roark and Charniak (1998), who report average accuracies of 17% and 35% respectively.", 
    "keep_for_gold": 0
  }, 
  {
    "citance_No": 18, 
    "citing_paper_id": "C02-1114", 
    "citing_paper_authority": 35, 
    "citing_paper_authors": "Dominic, Widdows | Beate, Dorow", 
    "raw_text": "The experiments in (Riloff and Shepherd, 1997) were performed on the 500,000 word MUC-4 corpus, and those of (Roark and Charniak, 1998) were performed using MUC-4 and the Wall Street Journalcor pus (some 30 million words)", 
    "clean_text": "The experiments in (Riloff and Shepherd, 1997) were performed on the 500,000 word MUC-4 corpus, and those of (Roark and Charniak, 1998) were performed using MUC-4 and the Wall Street Journal corpus (some 30 million words).", 
    "keep_for_gold": 0
  }, 
  {
    "citance_No": 19, 
    "citing_paper_id": "C10-1136", 
    "citing_paper_authority": 1, 
    "citing_paper_authors": "Ge, Xu | Xinfan, Meng | Houfeng, Wang", 
    "raw_text": "Riloff and Shepherd (1997) presented a corpus based method that can be used to build semantic lexicons for specific categories", 
    "clean_text": "Riloff and Shepherd (1997) presented a corpus based method that can be used to build semantic lexicons for specific categories.", 
    "keep_for_gold": 0
  }, 
  {
    "citance_No": 20, 
    "citing_paper_id": "C10-1136", 
    "citing_paper_authority": 1, 
    "citing_paper_authors": "Ge, Xu | Xinfan, Meng | Houfeng, Wang", 
    "raw_text": "Following the work of (Riloff and Shepherd, 1997), we adopted the following evaluation setting", 
    "clean_text": "Following the work of (Riloff and Shepherd, 1997), we adopted the following evaluation setting.", 
    "keep_for_gold": 0
  }
]
