[
  {
    "citance_No": 1, 
    "citing_paper_id": "E12-1039", 
    "citing_paper_authority": 1, 
    "citing_paper_authors": "Tatiana, Vodolazova | Verena, Henrich | Erhard W., Hinrichs", 
    "raw_text": "The selection and annotation of the representative examples in Yarowsky? sap proach is performed completely manually and is therefore limited to the amount of data that can reasonably be annotated by hand. Leacock et al (1998), Agirre and Lopezde Lacalle (2004), and Mihalcea and Moldovan (1999) propose a set of methods for automatic harvesting of web data for the purposes of creating sense annotated corpora", 
    "clean_text": "Leacock et al (1998), Agirre and Lopezde Lacalle (2004), and Mihalcea and Moldovan (1999) propose a set of methods for automatic harvesting of web data for the purposes of creating sense annotated corpora.", 
    "keep_for_gold": 0
  }, 
  {
    "citance_No": 2, 
    "citing_paper_id": "C08-1012", 
    "citing_paper_authority": 1, 
    "citing_paper_authors": "Ekaterina, Buyko | Udo, Hahn", 
    "raw_text": "For our experiments, we used the implementation of WORDNETsimilarity and relatedness measures provided by Ted Pedersen.2 The following similarity measures were considered: two measures based on path lenghts between concepts (path and lch (Leacocket al, 1998)), three measures based on information content ,i.e., corpus-based measures of the specificity of a concept (res (Resnik, 1999) ,lin (Lin, 1998), and jcn (Jiang and Conrath, 1997))", 
    "clean_text": "The following similarity measures were considered: two measures based on path lenghts between concepts (path and lch (Leacocket al, 1998)), three measures based on information content.", 
    "keep_for_gold": 0
  }, 
  {
    "citance_No": 3, 
    "citing_paper_id": "W06-1649", 
    "citing_paper_authority": 0, 
    "citing_paper_authors": "Zhengyu, Niu | Ji, Donghong | Chew Lim, Tan", 
    "raw_text": "Many corpus based methods have been proposed to deal with the sense disambiguation problem when given definition for each possible sense of a target word or a tagged corpus with the instances of each possible sense ,e.g., supervised sense disambiguation (Leacocketal., 1998), and semi-supervised sense disambiguation (Yarowsky, 1995) .Supervised methods usually rely on the information from previously sense tagged corpora to determine the senses of words in unseen texts. Semi-supervised methods for WSD are char ac terized in terms of exploiting unlabeled data inthe learning procedure with the need of predefined sense inventories for target words", 
    "clean_text": "Many corpus based methods have been proposed to deal with the sense disambiguation problem when given definition for each possible sense of a target word or a tagged corpus with the instances of each possible sense, e.g., supervised sense disambiguation (Leacocketal., 1998), and semi-supervised sense disambiguation (Yarowsky, 1995).", 
    "keep_for_gold": 0
  }, 
  {
    "citance_No": 4, 
    "citing_paper_id": "P05-1049", 
    "citing_paper_authority": 16, 
    "citing_paper_authors": "Zhengyu, Niu | Ji, Donghong | Chew Lim, Tan", 
    "raw_text": "Many methods have been proposed to deal with this problem, including supervised learning algorithms (Leacock et al, 1998), semi-supervised learning algorithms (Yarowsky, 1995), and unsupervised learning algorithms (Schu ?tze, 1998)", 
    "clean_text": "Many methods have been proposed to deal with this problem, including supervised learning algorithms (Leacock et al, 1998).", 
    "keep_for_gold": 0
  }, 
  {
    "citance_No": 5, 
    "citing_paper_id": "C08-1021", 
    "citing_paper_authority": 5, 
    "citing_paper_authors": "Montse, Cuadros | German, Rigau", 
    "raw_text": "Inspired by the work of (Leacock et al, 1998), TSWEB was constructed using monosemous relatives from WN (synonyms ,hypernyms, direct and indirect hyponyms, and siblings), querying Google and retrieving up to one thousand snippets per query (that is, a word sense), extracting the salient words with distinctive frequency using TFIDF", 
    "clean_text": "Inspired by the work of (Leacock et al, 1998), TSWEB was constructed using monosemous relatives from WN (synonyms ,hypernyms, direct and indirect hyponyms, and siblings), querying Google and retrieving up to one thousand snippets per query (that is, a word sense), extracting the salient words with distinctive frequency using TFIDF.", 
    "keep_for_gold": 0
  }, 
  {
    "citance_No": 6, 
    "citing_paper_id": "W12-2429", 
    "citing_paper_authority": 1, 
    "citing_paper_authors": "Weiwei, Cheng | Judita, Preiss | Mark, Stevenson", 
    "raw_text": "It was first suggested by Leacock et al (1998)", 
    "clean_text": "It was first suggested by Leacock et al (1998).", 
    "keep_for_gold": 0
  }, 
  {
    "citance_No": 7, 
    "citing_paper_id": "W04-0854", 
    "citing_paper_authority": 0, 
    "citing_paper_authors": "Hee-Cheol, Seo | Hae-Chang, Rim | Soo-Hong, Kim", 
    "raw_text": "Leacock et al (1998) attempted to exclude irrelevant or spurious examples by using only monosemous relatives in WordNet", 
    "clean_text": "Leacock et al (1998) attempted to exclude irrelevant or spurious examples by using only monosemous relatives in WordNet.", 
    "keep_for_gold": 0
  }, 
  {
    "citance_No": 8, 
    "citing_paper_id": "W04-0854", 
    "citing_paper_authority": 0, 
    "citing_paper_authors": "Hee-Cheol, Seo | Hae-Chang, Rim | Soo-Hong, Kim", 
    "raw_text": "In other words, the monosemous relatives in the long distance may provide irrelevant examples for WSD.Our approach is somewhat similar to the Word Net based approach of Leacock et al (1998) in that it acquires relatives of a target word from WordNetand extracts co-occurrence frequencies of the relatives from a raw corpus, but our system uses poly semous as well as monosemous relatives", 
    "clean_text": "Our approach is somewhat similar to the WordNet based approach of Leacock et al (1998) in that it acquires relatives of a target word from WordNetand extracts co-occurrence frequencies of the relatives from a raw corpus, but our system uses poly semous as well as monosemous relatives.", 
    "keep_for_gold": 0
  }, 
  {
    "citance_No": 9, 
    "citing_paper_id": "I08-2108", 
    "citing_paper_authority": 1, 
    "citing_paper_authors": "Timothy, Baldwin | Su Nam, Kim | Francis, Bond | Sanae, Fujita | David, Martinez | Takaaki, Tanaka", 
    "raw_text": "Other notable unsupervised and semi-supervised approaches are those of McCarthy et al (2004), who combine ontological relations and untagged corpora to automatically rank word senses in relation to a corpus, and Leacock et al (1998) who use untagged data to build sense-tagged data automatically based on monosemous words", 
    "clean_text": "Other notable unsupervised and semi-supervised approaches are those of McCarthy et al (2004), who combine ontological relations and untagged corpora to automatically rank word senses in relation to a corpus, and Leacock et al (1998) who use untagged data to build sense-tagged data automatically based on monosemous words.", 
    "keep_for_gold": 0
  }, 
  {
    "citance_No": 10, 
    "citing_paper_id": "W08-2207", 
    "citing_paper_authority": 0, 
    "citing_paper_authors": "Montse, Cuadros | German, Rigau", 
    "raw_text": "Inspired by the work of Leacocket al (1998), TSWEB was constructed using monosemous relatives from WN (synonyms ,hypernyms, direct and indirect hyponyms, and siblings), querying Google and retrieving up to one thousand snippets per query (that is, a word sense), extracting the salient words with distinctive frequency using TFIDF", 
    "clean_text": "Inspired by the work of Leacock et al (1998), TSWEB was constructed using monosemous relatives from WN (synonyms ,hypernyms, direct and indirect hyponyms, and siblings), querying Google and retrieving up to one thousand snippets per query (that is, a word sense), extracting the salient words with distinctive frequency using TFIDF.", 
    "keep_for_gold": 0
  }, 
  {
    "citance_No": 11, 
    "citing_paper_id": "C08-1102", 
    "citing_paper_authority": 1, 
    "citing_paper_authors": "Mark, Stevenson | Yikun, Guo | Robert J., Gaizauskas", 
    "raw_text": "Others, such as Leacock et al (1998) and Agirre and Mart? ?nez (2004b), used information from WordNet to construct queries which were used to retrieve training examples", 
    "clean_text": "Others, such as Leacock et al (1998) and Agirre and Martnez (2004b), used information from WordNet to construct queries which were used to retrieve training examples.", 
    "keep_for_gold": 0
  }, 
  {
    "citance_No": 12, 
    "citing_paper_id": "P04-1080", 
    "citing_paper_authority": 1, 
    "citing_paper_authors": "Zhengyu, Niu | Ji, Donghong | Chew Lim, Tan", 
    "raw_text": "For? serve?, the performance benefitted from large window size and the best accuracy (46.8%) was achieved at window size 15.In (Leacock et al, 1998), they used Bayesianapproach for sense disambiguation of three ambiguous words,? hard?,? line?, and? serve?, based on cues from topical and local context", 
    "clean_text": "In (Leacock et al, 1998), they used Bayesian approach for sense disambiguation of three ambiguous words.", 
    "keep_for_gold": 0
  }, 
  {
    "citance_No": 13, 
    "citing_paper_id": "W08-2114", 
    "citing_paper_authority": 2, 
    "citing_paper_authors": "Hansen A., Schwartz | Fernando, Gomez", 
    "raw_text": "Another method, by (Leacock et al, 1998), normalizes path distance based on the depth of hierarchy", 
    "clean_text": "Another method, by (Leacock et al, 1998), normalizes path distance based on the depth of hierarchy.", 
    "keep_for_gold": 0
  }, 
  {
    "citance_No": 14, 
    "citing_paper_id": "W06-1621", 
    "citing_paper_authority": 7, 
    "citing_paper_authors": "Oren, Glickman | Eyal, Shnarch | Ido, Dagan", 
    "raw_text": "Various word-to-word similarity measures where applied, including distributional similarity (such as (Lin, 1998)), web-based co-occurrence statistics and WordNet based similarity measures (such as (Leacock et al, 1998))", 
    "clean_text": "Various word-to-word similarity measures where applied, including distributional similarity (such as (Lin, 1998)), web-based co-occurrence statistics and WordNet based similarity measures (such as (Leacock et al, 1998)).", 
    "keep_for_gold": 0
  }, 
  {
    "citance_No": 15, 
    "citing_paper_id": "W04-0847", 
    "citing_paper_authority": 3, 
    "citing_paper_authors": "Zhengyu, Niu | Ji, Donghong | Chew Lim, Tan", 
    "raw_text": "Bayesian learning (Leacock et al, 1998), exemplar based learning (Ng and Lee, 1996), decision list (Yarowsky, 2000), neural network (Towel and Voorheest, 1998), maximum entropy method (Dang et al, 2002), etc.", 
    "clean_text": "Many supervised learning algorithms have been applied for WSD, ex. Bayesian learning (Leacock et al., 1998), exemplar based learning (Ng and Lee, 1996), decision list (Yarowsky, 2000), neural network (Towel and Voorheest, 1998), maximum entropy method (Dang et al., 2002), etc.", 
    "keep_for_gold": 0
  }, 
  {
    "citance_No": 16, 
    "citing_paper_id": "N10-1053", 
    "citing_paper_authority": 0, 
    "citing_paper_authors": "Mark, Stevenson | Yikun, Guo", 
    "raw_text": "The simple path measure computes the similarity between a pair of nodes in WordNet as the reciprocal of the number of edge sin the shortest path between them, the LChmea sure (Leacock et al, 1998) also uses information about the length of the shortest path between a pair of nodes and combines this with information about the maximum depth in WordNet and the JCn measure (Jaing and Conrath, 1997) makes use of in formation theory to assign probabilities to each of the nodes in the WordNet hierarchy and computes similarity based on these scores", 
    "clean_text": "The simple path measure computes the similarity between a pair of nodes in WordNet as the reciprocal of the number of edges in the shortest path between them, the LChmea sure (Leacock et al, 1998) also uses information about the length of the shortest path between a pair of nodes.", 
    "keep_for_gold": 0
  }, 
  {
    "citance_No": 17, 
    "citing_paper_id": "S10-1083", 
    "citing_paper_authority": 0, 
    "citing_paper_authors": "Pengyuan, Liu | Shiwen, Yu | Shui, Liu | Tiejun, Zhao", 
    "raw_text": "(2003), extracting by monosemous relative of WordNet like Leacock et al (1998), Mihalcea and Moldovan (1999), Agirre and Mart ?nez (2004), Mart ?nez et al (2006) and PengYuan et al", 
    "clean_text": "To our knowledge, the methods of auto-acquiring sense-labeled instances include using parallel corpora like Gale et al. (1992) and Ng et al. (2003), extracting by monosemous relative of WordNet like Leacock et al. (1998), Mihalcea and Moldovan (1999), Agirre and Mart\u00ednez (2004), Mart\u00ednez et al. (2006) and PengYuan et al. (2008).", 
    "keep_for_gold": 0
  }, 
  {
    "citance_No": 18, 
    "citing_paper_id": "W04-3204", 
    "citing_paper_authority": 15, 
    "citing_paper_authors": "Eneko, Agirre | David, Martinez", 
    "raw_text": "The method we applied is based on the monosemous relatives of the target words (Leacock et al, 1998), and we studied some parameters that affect the quality of the acquired corpus, such as the distribution of the number of training instances per each word sense (bias), and the type of features used for disambiguation (local vs. topical) .Basically, we built three systems, one fully supervised (using examples from both Semcor and automatically acquired examples), one minimally supervised (using the distribution of senses in Semcor and automatically acquired examples) and another fully unsupervised (using an automatically acquired sense rank (McCarthy et al, 2004) and automatically acquired examples)", 
    "clean_text": "The method we applied is based on the monosemous relatives of the target words (Leacock et al, 1998), and we studied some parameters that affect the quality of the acquired corpus, such as the distribution of the number of training instances per each word sense (bias), and the type of features used for disambiguation (local vs. topical).", 
    "keep_for_gold": 0
  }, 
  {
    "citance_No": 19, 
    "citing_paper_id": "W04-3204", 
    "citing_paper_authority": 15, 
    "citing_paper_authors": "Eneko, Agirre | David, Martinez", 
    "raw_text": "In (Leacock et al, 1998), the method to obtain sense-tagged examples using monosemous relatives is presented", 
    "clean_text": "In (Leacock et al, 1998), the method to obtain sense-tagged examples using monosemous relatives is presented.", 
    "keep_for_gold": 1
  }, 
  {
    "citance_No": 20, 
    "citing_paper_id": "W04-3204", 
    "citing_paper_authority": 15, 
    "citing_paper_authors": "Eneko, Agirre | David, Martinez", 
    "raw_text": "This method is inspired in (Leacock et al, 1998), and has shown tobe effective in experiments of topic signature acquisition (Agirre and Lopez, 2004)", 
    "clean_text": "This method is inspired in (Leacock et al, 1998).", 
    "keep_for_gold": 0
  }
]
