[
  {
    "citance_No": 1, 
    "citing_paper_id": "P14-1002", 
    "citing_paper_authority": 1, 
    "citing_paper_authors": "Yangfeng, Ji | Jacob, Eisenstein", 
    "raw_text": "Metrics To evaluate the parsing performance, we use the three standard ways to measure the performance: unlabeled (i.e., hierarchical spans) and labeled (i.e. ,nuclearity and relation) F-score, as defined by Black et al (1991)", 
    "clean_text": "To evaluate the parsing performance, we use the three standard ways to measure the performance: unlabeled (i.e., hierarchical spans) and labeled (i.e., nuclearity and relation) F-score, as defined by Black et al (1991).", 
    "keep_for_gold": 0
  }, 
  {
    "citance_No": 2, 
    "citing_paper_id": "C04-1007", 
    "citing_paper_authority": 3, 
    "citing_paper_authors": "Caroline, Sporleder | Alex, Lascarides", 
    "raw_text": "Precision (P) and recall (R) were defined in accordance with the PARSE VAL measures (Black et al, 1991) ,i.e. precision is random RB TO LB ME ME \u0000 LC ME \u0000 TO ME \u0000 LCTOhuman* P 44.37% 36.76% 49.98% 53.52% 58.06% 55.86% 57.12% 55.26% 64.37% R 46.71% 40.35% 52.42% 56.23% 60.78% 58.29% 59.70% 57.69% 64.60% F 45.05% 37.58% 50.79% 54.27% 59.00% 56.66% 58.00% 56.07% 64.34% Table 1: Results on RST-DT test set (* on doubly annotated set) defined as the number of correct nodes (i.e. matching brackets) divided by the number of nodes in the automatically built tree and recall as the number of correct nodes divided by the number of nodes in the manually built tree", 
    "clean_text": "", 
    "keep_for_gold": 0
  }, 
  {
    "citance_No": 3, 
    "citing_paper_id": "W06-3603", 
    "citing_paper_authority": 1, 
    "citing_paper_authors": "Joseph P., Turian | I. Dan, Melamed", 
    "raw_text": "Charniak and Johnson (2005) use linguistically more sophisticated features, and Bod (2003) and Kudo et al (2005) use sub-tree features, all of which we plan to try in future work. We evaluated our parser using the standard PAR SEVAL measures (Black et al, 1991) :labelled precision ,labelled recall, and labelled F-measure (Prec., Rec., and F1, respectively), which are based on the number of non-terminal items in the parser? s output that match those in the gold-standard parse", 
    "clean_text": "We evaluated our parser using the standard PARSEVAL measures (Black et al, 1991): labelled precision, labelled recall, and labelled F-measure (Prec., Rec., and F1, respectively), which are based on the number of non-terminal items in the parser's output that match those in the gold-standard parse.", 
    "keep_for_gold": 1
  }, 
  {
    "citance_No": 4, 
    "citing_paper_id": "D08-1093", 
    "citing_paper_authority": 10, 
    "citing_paper_authors": "Sujith, Ravi | Kevin, Knight | Radu, Soricut", 
    "raw_text": "The only recipe that is implicitly given in the large literature on parsing to date is to have human annotators build parse trees for a sample set from the domain of interest, and consequently use them to compute a PARSEVAL (Black et al, 1991) score that is indicative of the intrinsic performance of the parser", 
    "clean_text": "The only recipe that is implicitly given in the large literature on parsing to date is to have human annotators build parse trees for a sample set from the domain of interest, and consequently use them to compute a PARSEVAL (Black et al, 1991) score that is indicative of the intrinsic performance of the parser.", 
    "keep_for_gold": 0
  }, 
  {
    "citance_No": 5, 
    "citing_paper_id": "P04-1030", 
    "citing_paper_authority": 2, 
    "citing_paper_authors": "Christopher, Collins | Bob, Carpenter | Gerald, Penn", 
    "raw_text": "3Parse trees are commonly scored with the PARSEVAL set of metrics (Black et al, 1991)", 
    "clean_text": "Parse trees are commonly scored with the PARSEVAL set of metrics (Black et al, 1991).", 
    "keep_for_gold": 0
  }, 
  {
    "citance_No": 6, 
    "citing_paper_id": "P04-1030", 
    "citing_paper_authority": 2, 
    "citing_paper_authors": "Christopher, Collins | Bob, Carpenter | Gerald, Penn", 
    "raw_text": "Final testing was carried out on section 00, and the PARSEVALmeasures (Black et al, 1991) were used to evaluate the performance", 
    "clean_text": "Final testing was carried out on section 00, and the PARSEVAL measures (Black et al, 1991) were used to evaluate the performance.", 
    "keep_for_gold": 0
  }, 
  {
    "citance_No": 7, 
    "citing_paper_id": "N03-1030", 
    "citing_paper_authority": 59, 
    "citing_paper_authors": "Radu, Soricut | Daniel, Marcu", 
    "raw_text": "The performance is assessed using labeled recall and labeled precision as de\u0002ned by the standard Parseval metric (Black et al, 1991)", 
    "clean_text": "The performance is assessed using labeled recall and labeled precision as defined by the standard Parseval metric (Black et al, 1991).", 
    "keep_for_gold": 0
  }, 
  {
    "citance_No": 8, 
    "citing_paper_id": "N06-2019", 
    "citing_paper_authority": 1, 
    "citing_paper_authors": "Matthew, Lease | Mark, Johnson", 
    "raw_text": "Consequently, they relaxed standard PARSEVAL (Black et al, 1991) to treat EDITEDconstituents like punctuation: adjacent EDITED constituents are merged, and the internal structure and attachment of EDITED constituents is not evaluated", 
    "clean_text": "Consequently, they relaxed standard PARSEVAL (Black et al, 1991) to treat EDITED constituents like punctuation: adjacent EDITED constituents are merged, and the internal structure and attachment of EDITED constituents is not evaluated.", 
    "keep_for_gold": 0
  }, 
  {
    "citance_No": 9, 
    "citing_paper_id": "W08-1301", 
    "citing_paper_authority": 71, 
    "citing_paper_authors": "Marie-Catherine, de Marneffe | Christopher D., Manning", 
    "raw_text": "The representation was not designed for the purpose of parser evaluation. Nevertheless, we agree with the widespread sentiment that dependency-based evaluation of parsers avoids many of the problems of the traditional Parseval measures (Black et al, 1991), and to the ex tent that the Stanford dependency representationis an effective representation for the tasks envisioned, it is perhaps closer to an appropriate task based evaluation than some of the alternative dependency representations available", 
    "clean_text": "Nevertheless, we agree with the widespread sentiment that dependency-based evaluation of parsers avoids many of the problems of the traditional Parseval measures (Black et al, 1991), and to the extent that the Stanford dependency representation is an effective representation for the tasks envisioned, it is perhaps closer to an appropriate task based evaluation than some of the alternative dependency representations available.", 
    "keep_for_gold": 0
  }, 
  {
    "citance_No": 10, 
    "citing_paper_id": "C10-1094", 
    "citing_paper_authority": 7, 
    "citing_paper_authors": "Joakim, Nivre | Laura, Rimell | Ryan, McDonald | Carlos, G&oacute;mez-Rodr&iacute;guez", 
    "raw_text": "In particular, metrics like attachment score for dependency parsers (Buchholz and Marsi, 2006) and Parseval for constituency parsers (Black et al, 1991) suffer from being an average over a highly skewed distribution of different grammatical constructions", 
    "clean_text": "In particular, metrics like attachment score for dependency parsers (Buchholz and Marsi, 2006) and Parseval for constituency parsers (Black et al, 1991) suffer from being an average over a highly skewed distribution of different grammatical constructions.", 
    "keep_for_gold": 0
  }, 
  {
    "citance_No": 11, 
    "citing_paper_id": "W03-1711", 
    "citing_paper_authority": 6, 
    "citing_paper_authors": "Guodong, Zhou | Jian, Su", 
    "raw_text": "Table 3 shows the results of 1st-level partial parsing and full parsing, using the PARSEVAL evaluation methodology (Black et al1991) on the UPENN Chinese Tree Bank of 100k words developed by Univ. of Penn. Here, 80% of the corpus is used as formal training data, another 10% as development data and remaining 10% as formal test data", 
    "clean_text": "Table 3 shows the results of 1st-level partial parsing and full parsing, using the PARSEVAL evaluation methodology (Black et al 1991) on the UPENN Chinese Tree Bank of 100k words developed by Univ. of Penn.", 
    "keep_for_gold": 0
  }, 
  {
    "citance_No": 12, 
    "citing_paper_id": "P11-2037", 
    "citing_paper_authority": 9, 
    "citing_paper_authors": "Shu, Cai | David, Chiang | Yoav, Goldberg", 
    "raw_text": "The standard PARSEVAL metric (Black et al., 1991) counts labeled nonempty brackets: items are (X, i, j) for each nonempty nonterminal node, where X is its label and i, j are the start and end positions of its span", 
    "clean_text": "The standard PARSEVAL metric (Black et al., 1991) counts labeled nonempty brackets: items are (X, i, j) for each nonempty nonterminal node, where X is its label and i, j are the start and end positions of its span.", 
    "keep_for_gold": 0
  }, 
  {
    "citance_No": 13, 
    "citing_paper_id": "W10-1401", 
    "citing_paper_authority": 19, 
    "citing_paper_authors": "Reut, Tsarfaty | Djam&eacute;, Seddah | Yoav, Goldberg | Sandra, K&uuml;bler | Yannick, Versley | Marie, Candito | Jennifer, Foster | Ines, Rehbein | Lamia, Tounsi", 
    "raw_text": "At their time, each of these models improved the state-of-the-art, bringing parsing performance on the standard test set of the Wall-Street-Journal to a performance ceiling of 92% F1-score using the PARS EVAL evaluation metrics (Black et al, 1991)", 
    "clean_text": "At their time, each of these models improved the state-of-the-art, bringing parsing performance on the standard test set of the Wall-Street-Journal to a performance ceiling of 92% F1-score using the PARSEVAL evaluation metrics (Black et al, 1991).", 
    "keep_for_gold": 0
  }, 
  {
    "citance_No": 14, 
    "citing_paper_id": "D07-1022", 
    "citing_paper_authority": 16, 
    "citing_paper_authors": "Shay B., Cohen | Noah A., Smith", 
    "raw_text": "measures (Black et al, 1991) are used to evaluate a parser? s phrase-structure trees against a gold standard", 
    "clean_text": "PARSEVAL measures (Black et al, 1991) are used to evaluate a parser's phrase-structure trees against a gold standard.", 
    "keep_for_gold": 0
  }, 
  {
    "citance_No": 15, 
    "citing_paper_id": "W10-4143", 
    "citing_paper_authority": 0, 
    "citing_paper_authors": "Qiang, Zhou | Jingbo, Zhu", 
    "raw_text": "After the release of the Penn Treebank (PTB) (Marcus et al, 1993) and the PARSEVAL metrics (Black et al, 1991), some new corpus based syntactic parsing techniques were explored in the English language", 
    "clean_text": "After the release of the Penn Treebank (PTB) (Marcus et al, 1993) and the PARSEVAL metrics (Black et al, 1991), some new corpus based syntactic parsing techniques were explored in the English language.", 
    "keep_for_gold": 0
  }, 
  {
    "citance_No": 16, 
    "citing_paper_id": "C10-2158", 
    "citing_paper_authority": 11, 
    "citing_paper_authors": "Yaqin, Yang | Nianwen, Xue", 
    "raw_text": "Empty categories were and still are routinely pruned out in parser evaluations (Black et al, 1991)", 
    "clean_text": "Empty categories were and still are routinely pruned out in parser evaluations (Black et al, 1991).", 
    "keep_for_gold": 0
  }, 
  {
    "citance_No": 17, 
    "citing_paper_id": "C10-2158", 
    "citing_paper_authority": 11, 
    "citing_paper_authors": "Yaqin, Yang | Nianwen, Xue", 
    "raw_text": "Measured by the ParsEval metric (Blacketal., 1991), the parser accuracy stands at 80.3% (F score), with a precision of 81.8% and a recall of 78.8% (recall)", 
    "clean_text": "Measured by the ParsEval metric (Blacketal., 1991), the parser accuracy stands at 80.3% (F score), with a precision of 81.8% and a recall of 78.8% (recall).", 
    "keep_for_gold": 0
  }, 
  {
    "citance_No": 18, 
    "citing_paper_id": "P12-2001", 
    "citing_paper_authority": 2, 
    "citing_paper_authors": "Xiao, Chen | Chunyu, Kit", 
    "raw_text": "The parameters? i and? are tuned by the Powell? s method (Powell, 1964) on a development set, using the F1 score of PARSEVAL (Black et al, 1991) as objective", 
    "clean_text": "The parameters lambda i and rho are tuned by the Powell's method (Powell, 1964) on a development set, using the F1 score of PARSEVAL (Black et al, 1991) as objective.", 
    "keep_for_gold": 0
  }, 
  {
    "citance_No": 19, 
    "citing_paper_id": "C00-1011", 
    "citing_paper_authority": 10, 
    "citing_paper_authors": "Rens, Bod", 
    "raw_text": "As accuracy metric we used the standard PAP, SEVAI, scores (Black et al 1991) to compare a proposed parse 1 &apos; with tile corresponding correct tree bank parse 7 &apos; as follows:# correct constituents in Pl.abcled Precision #constilucnts in 1 &apos;# COI &apos; I &apos; CCI", 
    "clean_text": "As accuracy metric we used the standard PAP, SEVAI, scores (Black et al 1991) to compare a proposed parse P with tile corresponding correct tree bank parse T as follows.", 
    "keep_for_gold": 0
  }, 
  {
    "citance_No": 20, 
    "citing_paper_id": "D07-1066", 
    "citing_paper_authority": 15, 
    "citing_paper_authors": "Ines, Rehbein | Josef, van Genabith", 
    "raw_text": "A comparison of unlexicalised PCFG parsing (Ku ?bler, 2005) trained and evaluated on the German NEGRA (Skut et al, 1997) and the Tu? Ba D/Z (Telljohann et al, 2004) tree banks using LoPar (Schmid, 2000) shows a difference in parsing results of about 16%, using the PARSEVAL metric (Black et al, 1991)", 
    "clean_text": "A comparison of unlexicalised PCFG parsing (Ku?bler, 2005) trained and evaluated on the German NEGRA (Skut et al, 1997) and the TuBa D/Z (Telljohann et al, 2004) tree banks using LoPar (Schmid, 2000) shows a difference in parsing results of about 16%, using the PARSEVAL metric (Black et al, 1991).", 
    "keep_for_gold": 0
  }
]
