[
  {
    "citance_No": 1, 
    "citing_paper_id": "P06-1087", 
    "citing_paper_authority": 5, 
    "citing_paper_authors": "Yoav, Goldberg | Meni, Adler | Michael, Elhadad", 
    "raw_text": "Our analyzer provides segmentation and PoS tags with 92.5% accuracy and full morphology with 88.5% accuracy (Adler and Elhadad, 2006)", 
    "clean_text": "Our analyzer provides segmentation and PoS tags with 92.5% accuracy and full morphology with 88.5% accuracy (Adler and Elhadad, 2006).", 
    "keep_for_gold": 0
  }, 
  {
    "citance_No": 2, 
    "citing_paper_id": "P06-1087", 
    "citing_paper_authority": 5, 
    "citing_paper_authors": "Yoav, Goldberg | Meni, Adler | Michael, Elhadad", 
    "raw_text": "Re cent PoS taggers and morphological analyzers for Hebrew (Adler and Elhadad, 2006) address this issue and provide for each word not only the PoS, but also full morphological features, such as Gender, Number, Person, Construct, Tense, and the affixes &apos; properties", 
    "clean_text": "Recent PoS taggers and morphological analyzers for Hebrew (Adler and Elhadad, 2006) address this issue and provide for each word not only the PoS, but also full morphological features, such as Gender, Number, Person, Construct, Tense, and the affixes' properties.", 
    "keep_for_gold": 1
  }, 
  {
    "citance_No": 3, 
    "citing_paper_id": "P13-2103", 
    "citing_paper_authority": 6, 
    "citing_paper_authors": "Reut, Tsarfaty", 
    "raw_text": "Since it can not predict its own segmentation, automatic segments and tags are predicted using the system of Adler and Elhadad (2006)", 
    "clean_text": "Since it cannot predict its own segmentation, automatic segments and tags are predicted using the system of Adler and Elhadad (2006).", 
    "keep_for_gold": 0
  }, 
  {
    "citance_No": 4, 
    "citing_paper_id": "D07-1046", 
    "citing_paper_authority": 5, 
    "citing_paper_authors": "Danny, Shacham | Shuly, Wintner", 
    "raw_text": "Recently, Adler and Elhadad (2006) presented an unsupervised, HMM-based model for Hebrewmorphological disambiguation, using a morphological analyzer as the only resource", 
    "clean_text": "Recently, Adler and Elhadad (2006) presented an unsupervised, HMM-based model for Hebrew morphological disambiguation, using a morphological analyzer as the only resource.", 
    "keep_for_gold": 0
  }, 
  {
    "citance_No": 5, 
    "citing_paper_id": "D07-1046", 
    "citing_paper_authority": 5, 
    "citing_paper_authors": "Danny, Shacham | Shuly, Wintner", 
    "raw_text": "Our best result, 91.44% accuracy, reflects a reduction of 25% in error rate compared to the previous state of the art (Adler and Elhadad, 2006), and almost 40% compared to the baseline", 
    "clean_text": "Our best result, 91.44% accuracy, reflects a reduction of 25% in error rate compared to the previous state of the art (Adler and Elhadad, 2006), and almost 40% compared to the baseline.", 
    "keep_for_gold": 0
  }, 
  {
    "citance_No": 6, 
    "citing_paper_id": "P08-1043", 
    "citing_paper_authority": 26, 
    "citing_paper_authors": "Yoav, Goldberg | Reut, Tsarfaty", 
    "raw_text": "Morphologicaldisambiguators that consider a token in context (an utterance) and propose the most likely morphological analysis of an utterance (including segmentation) were presented by Bar-Haim et al (2005), Adler and Elhadad (2006), Shacham and Wintner (2007), and achieved good results (the best segmentation result so far is around 98%) .The development of the very first Hebrew Tree bank (Sima? an et al, 2001) called for the exploration of general statistical parsing methods, but the application was at first limited", 
    "clean_text": "Morphological disambiguators that consider a token in context (an utterance) and propose the most likely morphological analysis of an utterance (including segmentation) were presented by Bar-Haim et al (2005), Adler and Elhadad (2006), Shacham and Wintner (2007), and achieved good results (the best segmentation result so far is around 98%).", 
    "keep_for_gold": 0
  }, 
  {
    "citance_No": 7, 
    "citing_paper_id": "P08-1043", 
    "citing_paper_authority": 26, 
    "citing_paper_authors": "Yoav, Goldberg | Reut, Tsarfaty", 
    "raw_text": "A possible probabilistic model for assigning probabilities to complex analyses of a surface form may be P (REL, VB|fmnh, context)= P (REL|f) P (VB|mnh, REL) P (REL, VB| context) and indeed recent sequential disambiguation models for Hebrew (Adler and Elhadad, 2006) and Arabic (Smith et al, 2005) present similar models. We suggest that in unlexicalized PCFGs the syn tactic context may be explicitly modeled in the derivation probabilities", 
    "clean_text": "A possible probabilistic model for assigning probabilities to complex analyses of a surface form may be P (REL, VB|fmnh, context)= P (REL|f) P (VB|mnh, REL) P (REL, VB| context) and indeed recent sequential disambiguation models for Hebrew (Adler and Elhadad, 2006) and Arabic (Smith et al, 2005) present similar models.", 
    "keep_for_gold": 0
  }, 
  {
    "citance_No": 8, 
    "citing_paper_id": "P10-1074", 
    "citing_paper_authority": 4, 
    "citing_paper_authors": "Jenny Rose, Finkel | Christopher D., Manning", 
    "raw_text": "Zhang and Clark (2008) built a perceptron-based joint segmenter and part-of-speech (POS) tagger for Chinese, and Toutanova and Cherry (2009) learned a joint model of lemmatization and POS tagging which outperformed a pipelined model. Adler and Elhadad (2006) presented an HMMbased approach for unsupervised joint morphological segmentation and tagging of Hebrew, and Goldberg and Tsarfaty (2008) developed a joint model of segmentation, tagging and parsing of He brew, based on lattice parsing", 
    "clean_text": "Adler and Elhadad (2006) presented an HMM-based approach for unsupervised joint morphological segmentation and tagging of Hebrew, and Goldberg and Tsarfaty (2008) developed a joint model of segmentation, tagging and parsing of He brew, based on lattice parsing.", 
    "keep_for_gold": 0
  }, 
  {
    "citance_No": 9, 
    "citing_paper_id": "P12-2002", 
    "citing_paper_authority": 4, 
    "citing_paper_authors": "Reut, Tsarfaty | Joakim, Nivre | Evelina, Andersson", 
    "raw_text": "Since these parsers can not choose their own tags, automatically predicted segments and tags are provided by Adler and Elhadad (2006) .We use the standard split of the Hebrew tree bank (Sima? an et al, 2001) and its conversion into unlabeled dependencies (Goldberg, 2011a)", 
    "clean_text": "Since these parsers cannot choose their own tags, automatically predicted segments and tags are provided by Adler and Elhadad (2006).", 
    "keep_for_gold": 0
  }, 
  {
    "citance_No": 10, 
    "citing_paper_id": "D10-1071", 
    "citing_paper_authority": 0, 
    "citing_paper_authors": "Rushin, Shah | Paramveer S., Dhillon | Mark Y., Liberman | Dean, Foster | Mohamed, Maamouri | Lyle H., Ungar", 
    "raw_text": "(Adler and Elhadad,2006) perform Hebrew morphological disambiguation using an unsupervised morpheme-based HMM, but they report lower scores than those achieved by our model", 
    "clean_text": "(Adler and Elhadad,2006) perform Hebrew morphological disambiguation using an unsupervised morpheme-based HMM, but they report lower scores than those achieved by our model.", 
    "keep_for_gold": 0
  }, 
  {
    "citance_No": 11, 
    "citing_paper_id": "S12-1009", 
    "citing_paper_authority": 0, 
    "citing_paper_authors": "Jonathan, Schler | Chaya, Liebeskind | Ido, Dagan", 
    "raw_text": "In a preliminary experiment, the POS tagger (Adler and Elhadad, 2006) accuracy on the Responsa Corpus was less than 60%, while the accuracy of the same tagger on modern Hebrew corpora is ~90% (Bar Haim et al, 2007)", 
    "clean_text": "In a preliminary experiment, the POS tagger (Adler and Elhadad, 2006) accuracy on the Responsa Corpus was less than 60%, while the accuracy of the same tagger on modern Hebrew corpora is ~90% (Bar Haim et al, 2007).", 
    "keep_for_gold": 0
  }, 
  {
    "citance_No": 12, 
    "citing_paper_id": "E09-1038", 
    "citing_paper_authority": 9, 
    "citing_paper_authors": "Yoav, Goldberg | Reut, Tsarfaty | Meni, Adler | Michael, Elhadad", 
    "raw_text": "Adler and Elhadad (2006) present a lattice-based modification of the BaumWelch algorithm to handle this segmentation ambiguity", 
    "clean_text": "Adler and Elhadad (2006) present a lattice-based modification of the BaumWelch algorithm to handle this segmentation ambiguity.", 
    "keep_for_gold": 1
  }, 
  {
    "citance_No": 13, 
    "citing_paper_id": "W12-2305", 
    "citing_paper_authority": 0, 
    "citing_paper_authors": "Lynne J., Cahill", 
    "raw_text": "Some are language independent (see e.g. Attia et al (2010), Adler et al (2008)) while others focus on specific languages (see e.g. Habash and Rambow (2005, 2007) and Marsi et al (2005) on Arabic and Adler and Elhadad (2006) on Hebrew, another Semitic language with similar morphological structure)", 
    "clean_text": "Some are language independent (see e.g. Attia et al (2010), Adler et al (2008)) while others focus on specific languages (see e.g. Habash and Rambow (2005, 2007) and Marsi et al (2005) on Arabic and Adler and Elhadad (2006) on Hebrew, another Semitic language with similar morphological structure).", 
    "keep_for_gold": 0
  }
]
