[
  {
    "citance_No": 1, 
    "citing_paper_id": "P14-1040", 
    "citing_paper_authority": 0, 
    "citing_paper_authors": "Bikash, Gyawali | Claire, Gardent", 
    "raw_text": "(Wang, 1980) uses handwritten rules to generate sentences from an extended predicate logic formalism; (Shieber et al., 1990) introduces a head-driven algorithm for generating from logical forms; (Kay, 1996) defines a chart based algorithm which enhances efficiency by minimising the number of semantically incomplete phrases being built; and (Shemtov,1996) presents an extension of the chart based generation algorithm presented in (Kay, 1996) which supports the generation of multiple paraphrases from underspecified semantic input", 
    "clean_text": "(Shieber et al., 1990) introduces a head-driven algorithm for generating from logical forms.", 
    "keep_for_gold": 1
  }, 
  {
    "citance_No": 2, 
    "citing_paper_id": "C96-2111", 
    "citing_paper_authority": 0, 
    "citing_paper_authors": "James, Kilbury", 
    "raw_text": "Whereas Shieber et al (1990) have discussed similar techniques in the context of semantic head-driven generation, we are concerned here with parsing", 
    "clean_text": "Whereas Shieber et al (1990) have discussed similar techniques in the context of semantic head-driven generation, we are concerned here with parsing.", 
    "keep_for_gold": 0
  }, 
  {
    "citance_No": 3, 
    "citing_paper_id": "C96-2111", 
    "citing_paper_authority": 0, 
    "citing_paper_authors": "James, Kilbury", 
    "raw_text": "We view the linking relation not simply as a filter to increase fficiency within the domain of syntactic analysis -this aspect is stressed by Shieber (1985) and other investigators such as Bouma (1991) -but rather as a device for the top-down predictive instantiation of information, as Shieber et al (1990) have shown for semantic-head-driven g eration", 
    "clean_text": "We view the linking relation not simply as a filter to increase efficiency within the domain of syntactic analysis; this aspect is stressed by Shieber (1985) and other investigators such as Bouma (1991), but rather as a device for the top-down predictive instantiation of information, as Shieber et al (1990) have shown for semantic-head-driven generation.", 
    "keep_for_gold": 0
  }, 
  {
    "citance_No": 4, 
    "citing_paper_id": "C94-1078", 
    "citing_paper_authority": 2, 
    "citing_paper_authors": "Esther, Konig", 
    "raw_text": "The previously proposed semanl ic -head-driw &apos; .n Keneration methods run into problems if none of the daughter eonstituents in the syntact.o-semantic rule schemata of a grammar fits the definition of a semantic head given in [Shieber et al, 1990]", 
    "clean_text": "The previously proposed semantic-head-driven methods run into problems if none of the daughter constituents in the syntactic semantic rule schemata of a grammar fits the definition of a semantic head given in [Shieber et al, 1990].", 
    "keep_for_gold": 0
  }, 
  {
    "citance_No": 5, 
    "citing_paper_id": "C94-1078", 
    "citing_paper_authority": 2, 
    "citing_paper_authors": "Esther, Konig", 
    "raw_text": "For the phrase structure tree rooted with s, there is no leaf which would fulfill the definition of a semantic head given in [Shieber et al, 1990] or [van Noord, 1993]", 
    "clean_text": "For the phrase structure tree rooted with, there is no leaf which would fulfill the definition of a semantic head given in [Shieber et al, 1990] or [van Noord, 1993].", 
    "keep_for_gold": 0
  }, 
  {
    "citance_No": 6, 
    "citing_paper_id": "E95-1024", 
    "citing_paper_authority": 1, 
    "citing_paper_authors": "Guido, Minnen | Dale, Gerdemann | Thilo, Gotz", 
    "raw_text": "Shieber et al (1990) show that a top-down evaluation strategy will fail for rules such as vP -*vp x, irrespective of the order of evaluation of the right-hand side categories in the rule", 
    "clean_text": "Shieber et al (1990) show that a top-down evaluation strategy will fail for rules such as vP-*vp x, irrespective of the order of evaluation of the right-hand side categories in the rule.", 
    "keep_for_gold": 0
  }, 
  {
    "citance_No": 7, 
    "citing_paper_id": "W98-1422", 
    "citing_paper_authority": 4, 
    "citing_paper_authors": "Tilman, Becker", 
    "raw_text": "It is important o compare the generation strategy presented here with Semantic-head-driven g eration [Shieber et al 1990, van Noord 1990] which is a direct generation algorithm froni logical form encodings", 
    "clean_text": "It is important to compare the generation strategy presented here with Semantic-head-driven generation [Shieber et al 1990, van Noord 1990] which is a direct generation algorithm from logical form encodings.", 
    "keep_for_gold": 0
  }, 
  {
    "citance_No": 8, 
    "citing_paper_id": "E93-1002", 
    "citing_paper_authority": 1, 
    "citing_paper_authors": "Bernd, Abb | Michael, Herweg | Kai, Lebeth", 
    "raw_text": "Unlike deduction-based approaches to natural language generation i computational linguistics (e.g., Shieber et al 1990), however, the SYNPHONICS approach involves a detailed and transparent process model, with sub-processes being explicitly specified at any point in the overall process", 
    "clean_text": "Unlike deduction-based approaches to natural language generation in computational linguistics (e.g., Shieber et al 1990),.", 
    "keep_for_gold": 0
  }, 
  {
    "citance_No": 9, 
    "citing_paper_id": "W01-0812", 
    "citing_paper_authority": 3, 
    "citing_paper_authors": "Kevin, Humphreys | Mike, Calcagno | David, Weise", 
    "raw_text": "If no substructures exist at the current level (no applicable rules or all discarded), step down one level (apply a null rule) and repeat from 2.a. The algorithm in fact follows a head-driven node expansion, or search through the grammar, (as in Shieber et al, 1990), with the head of the most recently expanded node being selected for the next expansion (in step 2 of the algorithm above), until a leaf node is produced", 
    "clean_text": "The algorithm in fact follows a head-driven node expansion, or search through the grammar, (as in Shieber et al, 1990), with the head of the most recently expanded node being selected for the next expansion (in step 2 of the algorithm above), until a leaf node is produced.", 
    "keep_for_gold": 0
  }, 
  {
    "citance_No": 10, 
    "citing_paper_id": "W07-1806", 
    "citing_paper_authority": 4, 
    "citing_paper_authors": "Pierrette, Bouillon | Glenn, Flores | Marianne, Starlander | Nikos, Chatzichrisafis | Marianne, Santaholma | Nikos, Tsourakis | Manny, Rayner | Beth Ann, Hockey", 
    "raw_text": "Regulusfeature grammars can also be compiled into generators using a version of the Semantic Head Drivenalgorithm (Shieber et al, 1990) .The English (physician) side recogniser is compiled from the large English resource grammar described in Chapter 9 of (Rayner et al, 2006), and was constructed in the same way as the one described in (Rayner et al, 2005a), which was used fora headache examination task", 
    "clean_text": "Regular feature grammars can also be compiled into generators using a version of the Semantic Head Driven algorithm (Shieber et al, 1990).", 
    "keep_for_gold": 0
  }, 
  {
    "citance_No": 11, 
    "citing_paper_id": "P01-1028", 
    "citing_paper_authority": 2, 
    "citing_paper_authors": "Claire, Gardent | Stefan, Thater", 
    "raw_text": "In this sense, it is not unlike (Shieber et al, 1990)? s semantic-head-driven generation", 
    "clean_text": "In this sense, it is not unlike (Shieber et al, 1990)'s semantic-head-driven generation.", 
    "keep_for_gold": 0
  }, 
  {
    "citance_No": 12, 
    "citing_paper_id": "P01-1028", 
    "citing_paper_authority": 2, 
    "citing_paper_authors": "Claire, Gardent | Stefan, Thater", 
    "raw_text": "As shown in detail in (Shieber et al, 1990), top down generators can fail to terminate on certain grammars because they lack the lexical information necessary for their well-foundedness", 
    "clean_text": "As shown in detail in (Shieber et al, 1990), top down generators can fail to terminate on certain grammars because they lack the lexical information necessary for their well-foundedness.", 
    "keep_for_gold": 0
  }, 
  {
    "citance_No": 13, 
    "citing_paper_id": "C08-1090", 
    "citing_paper_authority": 0, 
    "citing_paper_authors": "Manny, Rayner | Pierrette, Bouillon | Beth Ann, Hockey | Yukie, Nakao", 
    "raw_text": "Thetransformation is straightforward to define in its general form, and the transformed grammars can be readily compiled into efficient generators by standard feature grammar generator-compiler algorithms like Semantic Head-Driven Generation (Shieber et al, 1990)", 
    "clean_text": "The transformation is straightforward to define in its general form, and the transformed grammars can be readily compiled into efficient generators by standard feature grammar generator-compiler algorithms like Semantic Head-Driven Generation (Shieber et al, 1990).", 
    "keep_for_gold": 0
  }, 
  {
    "citance_No": 14, 
    "citing_paper_id": "W03-1601", 
    "citing_paper_authority": 9, 
    "citing_paper_authors": "Raymond, Kozlowski | Kathleen F., McCoy | K., Vijay-Shanker", 
    "raw_text": "Theoutput of this process should be a set of grammatical sentences whose meaning matches the original semantic input. One standard approach to sentence generation from predicate/argument structure (like the semantic-head-driven generation in (Shieber et al., 1990)) involves a simple algorithm", 
    "clean_text": "One standard approach to sentence generation from predicate/argument structure (like the semantic-head-driven generation in (Shieber et al., 1990)) involves a simple algorithm.", 
    "keep_for_gold": 0
  }, 
  {
    "citance_No": 15, 
    "citing_paper_id": "W02-0216", 
    "citing_paper_authority": 6, 
    "citing_paper_authors": "Oliver, Lemon | Alexander, Gruenstein | Alexis, Battle | Stanley, Peters", 
    "raw_text": "A further desirable feature is that the system? s generated utterances should be in the cover age of the dialogue system? s speech recognizer, so that system-generated utterances effectively prime the user to speak in-grammar. Consequently we attempted to implement the fol lowing features in message selection and generation: relevance filtering; recency filtering; echoing; variability; aggregation; symmetry; real-time genera tion. Our general method is to take as inputs to the process various communicative goals of the system, ex pressed as logical forms, and use them to construct asingle new logical form to be input to Gemini? s Semantic Head-Driven Generation algorithm (Shieber et al, 1990), which produces strings for Festivalspeech synthesis", 
    "clean_text": "Our general method is to take as inputs to the process various communicative goals of the system, expressed as logical forms, and use them to construct a single new logical form to be input to Gemini's Semantic Head-Driven Generation algorithm (Shieber et al, 1990), which produces strings for Festival speech synthesis.", 
    "keep_for_gold": 0
  }, 
  {
    "citance_No": 16, 
    "citing_paper_id": "W02-0216", 
    "citing_paper_authority": 6, 
    "citing_paper_authors": "Oliver, Lemon | Alexander, Gruenstein | Alexis, Battle | Stanley, Peters", 
    "raw_text": "The end result of our selection and aggregation module (see section 6.2) is a fully specified logical form which is to be sent to the Semantic-Head Driven Generation component of Gemini (Shieber et al, 1990)", 
    "clean_text": "The end result of our selection and aggregation module (see section 6.2) is a fully specified logical form which is to be sent to the Semantic-Head Driven Generation component of Gemini (Shieber et al, 1990).", 
    "keep_for_gold": 0
  }, 
  {
    "citance_No": 17, 
    "citing_paper_id": "P91-1031", 
    "citing_paper_authority": 7, 
    "citing_paper_authors": "Hans, Uszkoreit", 
    "raw_text": "[Shieber et al 1990, Gerdemarm and Hinrichs 1990] The strategies do not allow the grammar writer to attach control information to the constraints in the grammar", 
    "clean_text": "", 
    "keep_for_gold": 0
  }, 
  {
    "citance_No": 18, 
    "citing_paper_id": "P96-1033", 
    "citing_paper_authority": 2, 
    "citing_paper_authors": "Guido, Minnen", 
    "raw_text": "Given an off-line optimization of the order in which the right-hand side categories in the rules of a logic grammar are processed (Minnen et al., 1996) the resulting processing behavior can be considered a generalization f the head corner generation approach (Shieber et al, 1990): Without he need to rely on notions such as semantic head and chain rule, a head corner behavior can be mimicked in a strict bottom-up fashion", 
    "clean_text": "Given an off-line optimization of the order in which the right-hand side categories in the rules of a logic grammar are processed (Minnen et al., 1996) the resulting processing behavior can be considered a generalization of the head corner generation approach (Shieber et al, 1990).", 
    "keep_for_gold": 0
  }, 
  {
    "citance_No": 19, 
    "citing_paper_id": "P96-1033", 
    "citing_paper_authority": 2, 
    "citing_paper_authors": "Guido, Minnen", 
    "raw_text": "In generation, examples of such extended processing strategies are head corner generation with its semantic linking (Shieber et al, 1990) or bottom-up (Earley) generation with a semantic filter (Shieber, 1988)", 
    "clean_text": "In generation, examples of such extended processing strategies are head corner generation with its semantic linking (Shieber et al, 1990) or bottom-up (Earley) generation with a semantic filter (Shieber, 1988).", 
    "keep_for_gold": 0
  }, 
  {
    "citance_No": 20, 
    "citing_paper_id": "P96-1033", 
    "citing_paper_authority": 2, 
    "citing_paper_authors": "Guido, Minnen", 
    "raw_text": "Generation with the resulting grammar can be compared best with head corner generation (Shieber et al, 1990) (see next section)", 
    "clean_text": "Generation with the resulting grammar can be compared best with head corner generation (Shieber et al, 1990).", 
    "keep_for_gold": 0
  }
]
