[
  {
    "citance_No": 1, 
    "citing_paper_id": "P05-1012", 
    "citing_paper_authority": 228, 
    "citing_paper_authors": "Ryan, McDonald | Koby, Crammer | Fernando, Pereira", 
    "raw_text": "Dependency trees capture important aspects of functional relationships between words and have been shown to be useful in many applications including relation extraction (Culotta and Sorensen, 2004), paraphrase acquisition (Shinyama et al, 2002) and machine translation (Ding and Palmer, 2005)", 
    "clean_text": "Dependency trees capture important aspects of functional relationships between words and have been shown to be useful in many applications including relation extraction (Culotta and Sorensen, 2004), paraphrase acquisition (Shinyama et al, 2002) and machine translation (Ding and Palmer, 2005).", 
    "keep_for_gold": 0
  }, 
  {
    "citance_No": 2, 
    "citing_paper_id": "W08-0410", 
    "citing_paper_authority": 0, 
    "citing_paper_authors": "Jonathan H., Clark | Robert E., Frederking | Lori S., Levin", 
    "raw_text": "ment if it produced a target-side dependency tree as in Ding and Palmer (2005)", 
    "clean_text": "A syntax-based system might be able to check this sort of agreement if it produced a target-side dependency tree as in Ding and Palmer (2005).", 
    "keep_for_gold": 0
  }, 
  {
    "citance_No": 3, 
    "citing_paper_id": "W08-0319", 
    "citing_paper_authority": 4, 
    "citing_paper_authors": "Ond&#x159;ej, Bojar | Jan, Haji&#x10D;", 
    "raw_text": "Ding and Palmer (2005) improve over word-based MT baseline with a formalism very similar to STSG.Though not explicitly stated, they seem not to en code frontiers in the treelets and allow for ad junction (adding siblings), like Quirk et al (2005), which significantly reduces data sparseness", 
    "clean_text": "Ding and Palmer (2005) improve over word-based MT baseline with a formalism very similar to STSG.", 
    "keep_for_gold": 0
  }, 
  {
    "citance_No": 4, 
    "citing_paper_id": "W06-1616", 
    "citing_paper_authority": 40, 
    "citing_paper_authors": "Sebastian, Riedel | James, Clarke", 
    "raw_text": "Dependency parsing is useful for applications such as relation extraction (Culotta and Sorensen, 2004) and machine translation (Ding and Palmer, 2005)", 
    "clean_text": "Dependency parsing is useful for applications such as relation extraction (Culotta and Sorensen, 2004) and machine translation (Ding and Palmer, 2005).", 
    "keep_for_gold": 0
  }, 
  {
    "citance_No": 5, 
    "citing_paper_id": "W07-0709", 
    "citing_paper_authority": 0, 
    "citing_paper_authors": "Jiadong, Sun | Tiejun, Zhao | Huashen, Liang", 
    "raw_text": "Ding and Palmer (2005) introduced a version of probabilistic extension of Synchronous Dependency Insertion Grammars (SDIG) to deal with the pervasive structure divergence", 
    "clean_text": "Ding and Palmer (2005) introduced a version of probabilistic extension of Synchronous Dependency Insertion Grammars (SDIG) to deal with the pervasive structure divergence.", 
    "keep_for_gold": 0
  }, 
  {
    "citance_No": 6, 
    "citing_paper_id": "P07-2052", 
    "citing_paper_authority": 1, 
    "citing_paper_authors": "Daisuke, Kawahara | Kiyotaka, Uchimoto", 
    "raw_text": "Dependency trees have been used in a variety ofNLP applications, such as relation extraction (Culotta and Sorensen, 2004) and machine translation (Ding and Palmer, 2005)", 
    "clean_text": "Dependency trees have been used in a variety of NLP applications, such as relation extraction (Culotta and Sorensen, 2004) and machine translation (Ding and Palmer, 2005).", 
    "keep_for_gold": 0
  }, 
  {
    "citance_No": 7, 
    "citing_paper_id": "W10-4146", 
    "citing_paper_authority": 0, 
    "citing_paper_authors": "Xuezhe, Ma | Xiaotian, Zhang | Hai, Zhao | Bao-Liang, Lu", 
    "raw_text": "Recently, it is widely adopted by the popular applications of natural language processing techniques, such as machine translation (Ding and Palmer, 2005), synonym generation (Shinyama et al, 2002), relation extraction (Culotta and Sorensen, 2004) and lexical re source augmentation (Snow et al, 2004)", 
    "clean_text": "Recently, it is widely adopted by the popular applications of natural language processing techniques, such as machine translation (Ding and Palmer, 2005), synonym generation (Shinyama et al, 2002), relation extraction (Culotta and Sorensen, 2004) and lexical resource augmentation (Snow et al, 2004).", 
    "keep_for_gold": 0
  }, 
  {
    "citance_No": 8, 
    "citing_paper_id": "P08-1066", 
    "citing_paper_authority": 79, 
    "citing_paper_authors": "Libin, Shen | Jinxi, Xu | Ralph M., Weischedel", 
    "raw_text": "Ding and Palmer (2005) and Quirk et al (2005) 577itwill find boy the interesting Figure 1: The dependency tree for sentence the boy will find it interesting followed the tree-to-tree approach (Shieber and Schabes, 1990) for translation", 
    "clean_text": "", 
    "keep_for_gold": 0
  }, 
  {
    "citance_No": 9, 
    "citing_paper_id": "P08-1064", 
    "citing_paper_authority": 42, 
    "citing_paper_authors": "Min, Zhang | Hongfei, Jiang | Aiti, Aw | Haizhou, Li | Chew Lim, Tan | Sheng, Li", 
    "raw_text": "Ding and Palmer (2005) propose a syntax-based translation model based on a probabilistic synchronous dependency insertion grammar", 
    "clean_text": "Ding and Palmer (2005) propose a syntax-based translation model based on a probabilistic synchronous dependency insertion grammar.", 
    "keep_for_gold": 0
  }, 
  {
    "citance_No": 10, 
    "citing_paper_id": "W06-2936", 
    "citing_paper_authority": 2, 
    "citing_paper_authors": "Nobuyuki, Shimizu", 
    "raw_text": "It is not rare to see dependency relations used as features, in tasks such as relation ex traction (Bunescu and Mooney, 2005) and machine translation (Ding and Palmer, 2005)", 
    "clean_text": "It is not rare to see dependency relations used as features, in tasks such as relation extraction (Bunescu and Mooney, 2005) and machine translation (Ding and Palmer, 2005).", 
    "keep_for_gold": 0
  }, 
  {
    "citance_No": 11, 
    "citing_paper_id": "P09-1039", 
    "citing_paper_authority": 54, 
    "citing_paper_authors": "Andre, Martins | Noah A., Smith | Eric P., Xing", 
    "raw_text": "Lately, this formalism has been used as an alternative to phrase-based parsing for a variety of tasks, ranging from machine translation (Ding and Palmer, 2005) to relation extraction (Culotta and Sorensen, 2004) and question answering (Wang et al, 2007) .Let us first describe formally the set of legal dependency parse trees", 
    "clean_text": "Lately, this formalism has been used as an alternative to phrase-based parsing for a variety of tasks, ranging from machine translation (Ding and Palmer, 2005) to relation extraction (Culotta and Sorensen, 2004) and question answering (Wang et al, 2007).", 
    "keep_for_gold": 0
  }, 
  {
    "citance_No": 12, 
    "citing_paper_id": "W06-3106", 
    "citing_paper_authority": 0, 
    "citing_paper_authors": "Philippe, Langlais | Fabrizio, Gotti", 
    "raw_text": "As mentioned in (Ding and Palmer, 2005), most of these approaches require some assumptions on the level of isomorphism (lexical and/or structural) between two languages", 
    "clean_text": "As mentioned in (Ding and Palmer, 2005), most of these approaches require some assumptions on the level of isomorphism (lexical and/or structural) between two languages.", 
    "keep_for_gold": 1
  }, 
  {
    "citance_No": 13, 
    "citing_paper_id": "P12-3022", 
    "citing_paper_authority": 1, 
    "citing_paper_authors": "Xianchao, Wu | Takuya, Matsuzaki | Jun'ichi, Tsujii", 
    "raw_text": "127 Source-to-target Examples (partial) Decoding Rules Parser tree-to-tree (Ding and Palmer, 2005) ?dep.-to-dep", 
    "clean_text": "", 
    "keep_for_gold": 0
  }, 
  {
    "citance_No": 14, 
    "citing_paper_id": "D07-1129", 
    "citing_paper_authority": 4, 
    "citing_paper_authors": "Nobuyuki, Shimizu | Hiroshi, Nakagawa", 
    "raw_text": "It is no longer rare to see dependency relations used as features, in tasks such as machine translation (Ding and Palmer, 2005) and relation ex traction (Bunescu and Mooney, 2005)", 
    "clean_text": "It is no longer rare to see dependency relations used as features, in tasks such as machine translation (Ding and Palmer, 2005) and relation extraction (Bunescu and Mooney, 2005).", 
    "keep_for_gold": 0
  }, 
  {
    "citance_No": 15, 
    "citing_paper_id": "D11-1020", 
    "citing_paper_authority": 15, 
    "citing_paper_authors": "Jun, Xie | Haitao, Mi | Qun, Liu", 
    "raw_text": "(Ding and Palmer, 2005) presents a translation model based on SynchronousDependency Insertion Grammar (SDIG), which handles some of the non-isomorphism but requires both source and target dependency structures", 
    "clean_text": "(Ding and Palmer, 2005) presents a translation model based on Synchronous Dependency Insertion Grammar (SDIG), which handles some of the non-isomorphism but requires both source and target dependency structures.", 
    "keep_for_gold": 1
  }, 
  {
    "citance_No": 16, 
    "citing_paper_id": "W06-2932", 
    "citing_paper_authority": 66, 
    "citing_paper_authors": "Ryan, McDonald | Kevin, Lerman | Fernando, Pereira", 
    "raw_text": "This has been shown through their successful use in many standard natural language processing tasks, including machine translation (Ding and Palmer, 2005), sentence compression (McDonald, 2006), and textual inference (Haghighi et al, 2005) .In this paper we describe a two-stage discriminative parsing approach consisting of an unlabeled parser and a subsequent edge labeler", 
    "clean_text": "This has been shown through their successful use in many standard natural language processing tasks, including machine translation (Ding and Palmer, 2005), sentence compression (McDonald, 2006), and textual inference (Haghighi et al, 2005).", 
    "keep_for_gold": 0
  }, 
  {
    "citance_No": 17, 
    "citing_paper_id": "P06-1077", 
    "citing_paper_authority": 122, 
    "citing_paper_authors": "Yang, Liu | Qun, Liu | Shouxun, Lin", 
    "raw_text": "Ding and Palmer (2005) propose a syntax-based translation model base don a probabilistic synchronous dependency insert grammar, a version of synchronous grammars defined on dependency trees", 
    "clean_text": "Ding and Palmer (2005) propose a syntax-based translation model based on a probabilistic synchronous dependency insert grammar, a version of synchronous grammars defined on dependency trees.", 
    "keep_for_gold": 0
  }, 
  {
    "citance_No": 18, 
    "citing_paper_id": "P11-1086", 
    "citing_paper_authority": 9, 
    "citing_paper_authors": "Ashish, Vaswani | Haitao, Mi | Liang, Huang | David, Chiang", 
    "raw_text": "Among them, Ding and Palmer (2005) also use a dependency tree let model similar to Quirk and Menezes (2006), and Liu and Gildea (2008) use atree-to-string model more like ours", 
    "clean_text": "", 
    "keep_for_gold": 0
  }, 
  {
    "citance_No": 19, 
    "citing_paper_id": "H05-1066", 
    "citing_paper_authority": 186, 
    "citing_paper_authors": "Ryan, McDonald | Fernando, Pereira | Kiril, Ribarov | Jan, Haji&#x10D;", 
    "raw_text": "Dependency parsing has seen a surge of interest lately for applications such as relation extraction (Culotta and Sorensen, 2004), machine translation (Ding and Palmer, 2005), synonym generation (Shinyama et al, 2002), and lexical resource augmentation (Snow et al, 2004)", 
    "clean_text": "", 
    "keep_for_gold": 0
  }
]
