[
  {
    "citance_No": 1, 
    "citing_paper_id": "C02-1033", 
    "citing_paper_authority": 5, 
    "citing_paper_authors": "Olivier, Ferret", 
    "raw_text": "CWM is described in (Choi, 2001), U00 in (Utiyama and Isahara, 2001), C99 in (Choi, 2000), DotPlot in (Reynar, 1998) and Segmenter in (Kan et al, 1998)", 
    "clean_text": "CWM is described in (Choi, 2001), U00 in (Utiyama and Isahara, 2001), C99 in (Choi, 2000), DotPlot in (Reynar, 1998) and Segmenter in (Kan et al, 1998).", 
    "keep_for_gold": 0
  }, 
  {
    "citance_No": 2, 
    "citing_paper_id": "N12-1064", 
    "citing_paper_authority": 4, 
    "citing_paper_authors": "Martin, Riedl | Christian, Biemann", 
    "raw_text": "Misra et al (2009) extended the DPalgorithm U00 from Utiyama and Isahara (2001) us 553ing TMs", 
    "clean_text": "Misra et al (2009) extended the DP algorithm U00 from Utiyama and Isahara (2001) using TMs.", 
    "keep_for_gold": 0
  }, 
  {
    "citance_No": 3, 
    "citing_paper_id": "N12-1064", 
    "citing_paper_authority": 4, 
    "citing_paper_authors": "Martin, Riedl | Christian, Biemann", 
    "raw_text": "We can see that all introduced topic-based methods outperform the yet best pub Method Segments provided unprovided TT 44.48 49.51 C99 11.20 12.73 U00 (Utiyama and Isahara, 2001) 9 10 F04 (Fragkou et al, 2004) 5.39 M09 (Misra et al, 2009) 2.73 C99LDA (mode= true) 2.67 3.24 TTLDA (mode=true) 1.04 2.89 TopicTiling (mode=true, filtered) 1.06 1.39 Table 2: List of lowest Pk values for the Choi data set for different algorithms in the literature", 
    "clean_text": "", 
    "keep_for_gold": 0
  }, 
  {
    "citance_No": 4, 
    "citing_paper_id": "W06-2914", 
    "citing_paper_authority": 3, 
    "citing_paper_authors": "Maria, Georgescul | Alexander, Clark | Susan, Armstrong", 
    "raw_text": "(Utiyama and Isahara, 2001) models the problem of TS as a problem of finding the minimum cost path in a graph and therefore adopts a dynamic programming algorithm", 
    "clean_text": "(Utiyama and Isahara, 2001) models the problem of TS as a problem of finding the minimum cost path in a graph and therefore adopts a dynamic programming algorithm.", 
    "keep_for_gold": 1
  }, 
  {
    "citance_No": 5, 
    "citing_paper_id": "W04-0207", 
    "citing_paper_authority": 1, 
    "citing_paper_authors": "Hagen, Langer | Harald, Lungen | Petra Saskia, Bayerl", 
    "raw_text": "The problem of finding thematic boundaries other than sentence boundaries automatically (e.g. Utiyama and Isahara (2001)) is thus not addressed in this work", 
    "clean_text": "The problem of finding thematic boundaries other than sentence boundaries automatically (e.g. Utiyama and Isahara (2001)) is thus not addressed in this work.", 
    "keep_for_gold": 0
  }, 
  {
    "citance_No": 6, 
    "citing_paper_id": "P07-1061", 
    "citing_paper_authority": 1, 
    "citing_paper_authors": "Olivier, Ferret", 
    "raw_text": "U00 is the system described in (Utiyama and Isahara, 2001), C99the one proposed in (Choi, 2000) and LCseg is presented in (Galley et al, 2003)", 
    "clean_text": "U00 is the system described in (Utiyama and Isahara, 2001), C99 the one proposed in (Choi, 2000) and LCseg is presented in (Galley et al, 2003).", 
    "keep_for_gold": 0
  }, 
  {
    "citance_No": 7, 
    "citing_paper_id": "W04-3210", 
    "citing_paper_authority": 2, 
    "citing_paper_authors": "Caroline, Sporleder | Mirella, Lapata", 
    "raw_text": "In more re cent work, Utiyama and Isahara (2001) combine a statistical segmentation model with a graph search algorithm to find the segmentation with the maximum probability", 
    "clean_text": "In more recent work, Utiyama and Isahara (2001) combine a statistical segmentation model with a graph search algorithm to find the segmentation with the maximum probability.", 
    "keep_for_gold": 0
  }, 
  {
    "citance_No": 8, 
    "citing_paper_id": "W04-3210", 
    "citing_paper_authority": 2, 
    "citing_paper_authors": "Caroline, Sporleder | Mirella, Lapata", 
    "raw_text": "2Due to lack of space we do not describe previous work in text segmentation here in detail; we refer the reader to Utiyamaand Isahara (2001) and Pevzener and Hearst (2002) for a comprehensive overview", 
    "clean_text": "Due to lack of space we do not describe previous work in text segmentation here in detail; we refer the reader to Utiyama and Isahara (2001) and Pevzener and Hearst (2002) for a comprehensive overview.", 
    "keep_for_gold": 0
  }, 
  {
    "citance_No": 9, 
    "citing_paper_id": "P06-1004", 
    "citing_paper_authority": 33, 
    "citing_paper_authors": "Igor, Malioutov | Regina, Barzilay", 
    "raw_text": "Thisalgorithm (Utiyama and Isahara, 2001) (UI) computes the optimal segmentation by estimating changes inthe language model predictions over different partitions", 
    "clean_text": "This algorithm (Utiyama and Isahara, 2001) (UI) computes the optimal segmentation by estimating changes in the language model predictions over different partitions.", 
    "keep_for_gold": 0
  }, 
  {
    "citance_No": 10, 
    "citing_paper_id": "D08-1035", 
    "citing_paper_authority": 30, 
    "citing_paper_authors": "Jacob, Eisenstein | Regina, Barzilay", 
    "raw_text": "In addition, we show that the benchmark segmentation system of Utiyama and Isahara (2001) can be viewed as another special case of our Bayesian model", 
    "clean_text": "In addition, we show that the benchmark segmentation system of Utiyama and Isahara (2001) can be viewed as another special case of our Bayesian model.", 
    "keep_for_gold": 0
  }, 
  {
    "citance_No": 11, 
    "citing_paper_id": "D08-1035", 
    "citing_paper_authority": 30, 
    "citing_paper_authors": "Jacob, Eisenstein | Regina, Barzilay", 
    "raw_text": "Most similar to our work is the approach of Utiyama and Isahara (2001), who search for segmentations with compact language models; as shown in Section 3.1.1, this can be viewed as a special case of our model", 
    "clean_text": "Most similar to our work is the approach of Utiyama and Isahara (2001), who search for segmentations with compact language models; as shown in Section 3.1.1, this can be viewed as a special case of our model.", 
    "keep_for_gold": 0
  }, 
  {
    "citance_No": 12, 
    "citing_paper_id": "W12-3307", 
    "citing_paper_authority": 0, 
    "citing_paper_authors": "Martin, Riedl | Christian, Biemann", 
    "raw_text": "Utiyama and Isahara (2001) introduced one of the first probabilistic approaches using Dynamic Programming (DP) called U00", 
    "clean_text": "Utiyama and Isahara (2001) introduced one of the first probabilistic approaches using Dynamic Programming (DP) called U00.", 
    "keep_for_gold": 1
  }, 
  {
    "citance_No": 13, 
    "citing_paper_id": "W12-3307", 
    "citing_paper_authority": 0, 
    "citing_paper_authors": "Martin, Riedl | Christian, Biemann", 
    "raw_text": "Method 3-5 6-8 9-11 3-11 TT (Choi, 2000) 44 43 48 46 C99 (Choi, 2000) 12 9 9 12 U00 (Utiyama and Isahara, 2001) 9 7 5 10 LCseg (Galley et al, 2003) 8.69 F04 (Fragkou et al, 2004) 5.5 3.0 1.3 7.0 M09 (Misra et al, 2009) 2.2 2.3 4.1 2.3 TopicTiling (d=true ,w=2) 1.24 0.76 0.56 0.95Table 3: Lowest Pk values for the Choi data set for various algorithms in the literature with number of segments provided It is obvious that the results are far better than current state-of-the-art results", 
    "clean_text": "", 
    "keep_for_gold": 0
  }, 
  {
    "citance_No": 14, 
    "citing_paper_id": "W12-3307", 
    "citing_paper_authority": 0, 
    "citing_paper_authors": "Martin, Riedl | Christian, Biemann", 
    "raw_text": "Method Pk WD C99 (Choi, 2000) 19.61 26.42 U00 (Utiyama and Isahara, 2001) 15.18 21.54 LCseg (Galley et al, 2003) 12.21 18.25 TopicTiling (d=true ,w=5) 11.89 17.41 Table 6: List of results based on the WSJ dataset", 
    "clean_text": "", 
    "keep_for_gold": 0
  }, 
  {
    "citance_No": 15, 
    "citing_paper_id": "N09-1040", 
    "citing_paper_authority": 7, 
    "citing_paper_authors": "Jacob, Eisenstein", 
    "raw_text": "Lexical cohesion was placed in a probabilistic (though not Bayesian) framework by Utiyama and Isahara (2001)", 
    "clean_text": "Lexical cohesion was placed in a probabilistic (though not Bayesian) framework by Utiyama and Isahara (2001).", 
    "keep_for_gold": 0
  }, 
  {
    "citance_No": 16, 
    "citing_paper_id": "N09-1040", 
    "citing_paper_authority": 7, 
    "citing_paper_authors": "Jacob, Eisenstein", 
    "raw_text": "Two frequently-cited systems are LCSEG (Galley et al, 2003 )andTEXTSEG (Utiyama and Isahara, 2001)", 
    "clean_text": "Two frequently-cited systems are LCSEG (Galley et al, 2003) and TEXTSEG (Utiyama and Isahara, 2001).", 
    "keep_for_gold": 0
  }, 
  {
    "citance_No": 17, 
    "citing_paper_id": "N09-1040", 
    "citing_paper_authority": 7, 
    "citing_paper_authors": "Jacob, Eisenstein", 
    "raw_text": "The #segs columns indicate the average number of segments at each level; the gold standard segmentation granularity is given in the UNIFORM row, which obtains this granularity by construction.list originally employed by several competitive systems (Utiyama and Isahara, 2001)", 
    "clean_text": "A set of stop-words is also removed, using the same list originally employed by several competitive systems (Utiyama and Isahara, 2001).", 
    "keep_for_gold": 0
  }, 
  {
    "citance_No": 18, 
    "citing_paper_id": "P03-1071", 
    "citing_paper_authority": 48, 
    "citing_paper_authors": "Michel, Galley | Kathleen R., McKeown | Eric, Fosler-Lussier | Hongyan, Jing", 
    "raw_text": "It is not clear whether our algorithm is better than (Utiyama and Isahara, 2001) (U00)", 
    "clean_text": "It is not clear whether our algorithm is better than (Utiyama and Isahara, 2001) (U00).", 
    "keep_for_gold": 0
  }, 
  {
    "citance_No": 19, 
    "citing_paper_id": "W06-1320", 
    "citing_paper_authority": 5, 
    "citing_paper_authors": "Maria, Georgescul | Alexander, Clark | Susan, Armstrong", 
    "raw_text": "Inthis paper, we selected for comparison three systems based merely on the lexical reiteration feature: TextTiling (Hearst, 1997), C99 (Choi, 2000) and TextSeg (Utiyama and Isahara, 2001)", 
    "clean_text": "In this paper, we selected for comparison three systems based merely on the lexical reiteration feature: TextTiling (Hearst, 1997), C99 (Choi, 2000) and TextSeg (Utiyama and Isahara, 2001).", 
    "keep_for_gold": 0
  }, 
  {
    "citance_No": 20, 
    "citing_paper_id": "W06-1320", 
    "citing_paper_authority": 5, 
    "citing_paper_authors": "Maria, Georgescul | Alexander, Clark | Susan, Armstrong", 
    "raw_text": "The TextSeg algorithm (Utiyama and Isahara,2001) implements a probabilistic approach to determine the most likely segmentation, as briefly described below", 
    "clean_text": "The TextSeg algorithm (Utiyama and Isahara,2001) implements a probabilistic approach to determine the most likely segmentation, as briefly described below.", 
    "keep_for_gold": 0
  }
]
