[
  {
    "citance_No": 1, 
    "citing_paper_id": "P98-2230", 
    "citing_paper_authority": 17, 
    "citing_paper_authors": "Dekai, Wu | Hongsing, Wong", 
    "raw_text": "As with the pure statistical translation model described by Wu (1996) (in which a bracketing transduction grammar models the channel), alternative hypotheses compete probabilistically, exhaustive search of the translation hypothesis pace can be performed in polynomial time, and robustness heuristics arise naturally from a language-independent inversion transduction model", 
    "clean_text": "As with the pure statistical translation model described by Wu (1996) (in which a bracketing transduction grammar models the channel), alternative hypotheses compete probabilistically, exhaustive search of the translation hypothesis pace can be performed in polynomial time, and robustness heuristics arise naturally from a language-independent inversion transduction model.", 
    "keep_for_gold": 0
  }, 
  {
    "citance_No": 2, 
    "citing_paper_id": "P98-2230", 
    "citing_paper_authority": 17, 
    "citing_paper_authors": "Dekai, Wu | Hongsing, Wong", 
    "raw_text": "A step was taken by Wu (Wu, 1996) who introduced a polynomial-time algorithm for the runtime search for an optimal translation", 
    "clean_text": "A step was taken by Wu (Wu, 1996) who introduced a polynomial-time algorithm for the runtime search for an optimal translation.", 
    "keep_for_gold": 0
  }, 
  {
    "citance_No": 3, 
    "citing_paper_id": "P98-2230", 
    "citing_paper_authority": 17, 
    "citing_paper_authors": "Dekai, Wu | Hongsing, Wong", 
    "raw_text": "Subsequently, a method was developed to use a special case of the ITGRthe aforementioned BTGRfor the translation task itself (Wu, 1996)", 
    "clean_text": "Subsequently, a method was developed to use a special case of the ITGR the aforementioned BTGR for the translation task itself (Wu, 1996).", 
    "keep_for_gold": 0
  }, 
  {
    "citance_No": 4, 
    "citing_paper_id": "P98-2230", 
    "citing_paper_authority": 17, 
    "citing_paper_authors": "Dekai, Wu | Hongsing, Wong", 
    "raw_text": "3Wu (Wu, 1996) experimented with Chinese-English translation, while this paper experiments with English-Chinese translation", 
    "clean_text": "Wu (Wu, 1996) experimented with Chinese-English translation, while this paper experiments with English-Chinese translation.", 
    "keep_for_gold": 1
  }, 
  {
    "citance_No": 5, 
    "citing_paper_id": "W12-3128", 
    "citing_paper_authority": 3, 
    "citing_paper_authors": "Junhui, Li | Zhaopeng, Tu | Guodong, Zhou | Josef, van Genabith", 
    "raw_text": "These limitations prevent traditional HPB systems from even considering some reasonable derivations. To tackle the problem of glue rules, He (2010) extended the HPB model by using bracketing transduction grammar (Wu, 1996) instead of the monotone glue rules, and trained an extra classifier for glue rules to predict reorderings of neighboring phrases. By contrast, our HD-HPB model refines the nonterminal symbol X with syntactic head information and provides flexible reordering rules, including swap, which can mix freely with hierarchical translation rules for better interleaving of translation and reordering in translation derivations", 
    "clean_text": "To tackle the problem of glue rules, He (2010) extended the HPB model by using bracketing transduction grammar (Wu, 1996) instead of the monotone glue rules, and trained an extra classifier for glue rules to predict reorderings of neighboring phrases.", 
    "keep_for_gold": 0
  }, 
  {
    "citance_No": 6, 
    "citing_paper_id": "W05-1507", 
    "citing_paper_authority": 11, 
    "citing_paper_authors": "Liang, Huang | Hao, Zhang | Daniel, Gildea", 
    "raw_text": "Wu (1996) presented a polynomial-time algorithm for decoding ITG combined with an m-gram language model", 
    "clean_text": "Wu (1996) presented a polynomial-time algorithm for decoding ITG combined with an m-gram language model.", 
    "keep_for_gold": 0
  }, 
  {
    "citance_No": 7, 
    "citing_paper_id": "W06-1627", 
    "citing_paper_authority": 3, 
    "citing_paper_authors": "Hao, Zhang | Daniel, Gildea", 
    "raw_text": "The of ITG decoding algorithm of Wu (1996 )canbe viewed as a variant of the Viterbi parsing algorithm for alignment selection", 
    "clean_text": "The of ITG decoding algorithm of Wu (1996) can be viewed as a variant of the Viterbi parsing algorithm for alignment selection.", 
    "keep_for_gold": 0
  }, 
  {
    "citance_No": 8, 
    "citing_paper_id": "N06-1033", 
    "citing_paper_authority": 53, 
    "citing_paper_authors": "Hao, Zhang | Liang, Huang | Daniel, Gildea | Kevin, Knight", 
    "raw_text": "vX i j), following the dynamic program ming algorithm of Wu (1996) .Now the two binarizations have very different effects", 
    "clean_text": "To do bigram-integrated decoding, we need to augment each chart item (X,i, j) with two target-language boundary words u and v to produce a bigram-item like u \u00b7\u00b7\u00b7 v Xi j, following the dynamic programming algorithm of Wu (1996).", 
    "keep_for_gold": 0
  }, 
  {
    "citance_No": 9, 
    "citing_paper_id": "N06-1033", 
    "citing_paper_authority": 53, 
    "citing_paper_authors": "Hao, Zhang | Liang, Huang | Daniel, Gildea | Kevin, Knight", 
    "raw_text": "NP (1) VPP-VP (2), NP (1) VPP-VP (2) VPP-VP? VP (1) PP (2), PP (2) VP (1) In this case m-gram integrated decoding can bedone in O (|w|3+4 (m? 1)) time which is much lower order polynomial and no longer depends on rule size (Wu, 1996), allowing the search to be much faster and more accurate facing pruning, as is evidenced in the Hiero system of Chiang (2005) where he restricts the hierarchical phrases to be a binary SCFG", 
    "clean_text": "NP (1) VPP-VP (2), NP (1) VPP-VP (2) VPP-VP? VP (1) PP (2), PP (2) VP (1) In this case m-gram integrated decoding can bedone in O (|w|3+4 (m? 1)) time which is much lower order polynomial and no longer depends on rule size (Wu, 1996), allowing the search to be much faster and more accurate facing pruning, as is evidenced in the Hiero system of Chiang (2005) where he restricts the hierarchical phrases to be a binary SCFG.", 
    "keep_for_gold": 0
  }, 
  {
    "citance_No": 10, 
    "citing_paper_id": "P03-1019", 
    "citing_paper_authority": 39, 
    "citing_paper_authors": "Richard, Zens | Hermann, Ney", 
    "raw_text": "In (Wu, 1996) the baseline ITG constraints were used for statistical machine translation", 
    "clean_text": "In (Wu, 1996) the baseline ITG constraints were used for statistical machine translation.", 
    "keep_for_gold": 0
  }, 
  {
    "citance_No": 11, 
    "citing_paper_id": "P03-1019", 
    "citing_paper_authority": 39, 
    "citing_paper_authors": "Richard, Zens | Hermann, Ney", 
    "raw_text": "3.1, but here, we use monotone translation hypotheses of the full IBM Model 4 as initialization, whereas in (Wu, 1996) a single-word based lexicon model is used", 
    "clean_text": "3.1, but here, we use monotone translation hypotheses of the full IBM Model 4 as initialization, whereas in (Wu, 1996) a single-word based lexicon model is used.", 
    "keep_for_gold": 0
  }, 
  {
    "citance_No": 12, 
    "citing_paper_id": "N09-1029", 
    "citing_paper_authority": 1, 
    "citing_paper_authors": "Han-Bin, Chen | Jian-Cheng, Wu | Jason S., Chang", 
    "raw_text": "BTG is widely adopted in SMT systems, because of its good trade-off be tween efficiency and expressiveness (Wu, 1996)", 
    "clean_text": "BTG is widely adopted in SMT systems, because of its good trade-off between efficiency and expressiveness (Wu, 1996).", 
    "keep_for_gold": 0
  }, 
  {
    "citance_No": 13, 
    "citing_paper_id": "P06-1066", 
    "citing_paper_authority": 66, 
    "citing_paper_authors": "Deyi, Xiong | Qun, Liu | Shouxun, Lin", 
    "raw_text": "Following the Bracketing Transduction Grammar (BTG) (Wu, 1996), we built a CKY-style decoder for our system, which makes it possible to reorder phrases hierarchically", 
    "clean_text": "Following the Bracketing Transduction Grammar (BTG) (Wu, 1996), we built a CKY-style decoder for our system, which makes it possible to reorder phrases hierarchically.", 
    "keep_for_gold": 0
  }, 
  {
    "citance_No": 14, 
    "citing_paper_id": "D08-1012", 
    "citing_paper_authority": 15, 
    "citing_paper_authors": "Slav, Petrov | Aria, Haghighi | Dan, Klein", 
    "raw_text": "See Wu (1996) or Melamed (2004) for a detailed exposition", 
    "clean_text": "See Wu (1996) or Melamed (2004) for a detailed exposition.", 
    "keep_for_gold": 0
  }, 
  {
    "citance_No": 15, 
    "citing_paper_id": "P06-1067", 
    "citing_paper_authority": 44, 
    "citing_paper_authors": "Yaser, Al-Onaizan | Kishore, Papineni", 
    "raw_text": "Reordering restrictions for word-based SMT decoders were introduced by (Berger et al, 1996) and (Wu, 1996)", 
    "clean_text": "Reordering restrictions for word-based SMT decoders were introduced by (Berger et al, 1996) and (Wu, 1996).", 
    "keep_for_gold": 0
  }, 
  {
    "citance_No": 16, 
    "citing_paper_id": "P06-1067", 
    "citing_paper_authority": 44, 
    "citing_paper_authors": "Yaser, Al-Onaizan | Kishore, Papineni", 
    "raw_text": "(Wu,1996) propose using contiguity restrictions on the reordering", 
    "clean_text": "(Wu,1996) propose using contiguity restrictions on the reordering.", 
    "keep_for_gold": 0
  }, 
  {
    "citance_No": 17, 
    "citing_paper_id": "E09-1061", 
    "citing_paper_authority": 3, 
    "citing_paper_authors": "Adam, Lopez", 
    "raw_text": "It is also relevant since it can form the basis of a decoder for inversion transduction grammar (Wu, 1996)", 
    "clean_text": "It is also relevant since it can form the basis of a decoder for inversion transduction grammar (Wu, 1996).", 
    "keep_for_gold": 0
  }, 
  {
    "citance_No": 18, 
    "citing_paper_id": "P05-3025", 
    "citing_paper_authority": 2, 
    "citing_paper_authors": "Steve, DeNeefe | Kevin, Knight | Hayward H., Chan", 
    "raw_text": "It follows the decoding-as-parsing idea exemplified by Wu (1996) and Yamada and Knight (2002)", 
    "clean_text": "It follows the decoding-as-parsing idea exemplified by Wu (1996) and Yamada and Knight (2002).", 
    "keep_for_gold": 0
  }, 
  {
    "citance_No": 19, 
    "citing_paper_id": "W07-2216", 
    "citing_paper_authority": 22, 
    "citing_paper_authors": "Ryan, McDonald | Giorgio, Satta", 
    "raw_text": "It also ensures the compatibility of projective parsing algorithms with many important natural language processing methods that work within a bottom-up chart parsing framework ,including information extraction (Miller et al, 2000) and syntax-based machine translation (Wu, 1996)", 
    "clean_text": "It also ensures the compatibility of projective parsing algorithms with many important natural language processing methods that work within a bottom-up chart parsing framework ,including information extraction (Miller et al, 2000) and syntax-based machine translation (Wu, 1996).", 
    "keep_for_gold": 0
  }, 
  {
    "citance_No": 20, 
    "citing_paper_id": "P07-1019", 
    "citing_paper_authority": 99, 
    "citing_paper_authors": "Liang, Huang | David, Chiang", 
    "raw_text": "To integrate with a bigram language model, we can use the dynamic-programming algorithms of Och and Ney (2004) and Wu (1996) for phrase-based and SCFG-based systems, respectively, which we may think of as doing a finer-grained version of the deductions above", 
    "clean_text": "To integrate with a bigram language model, we can use the dynamic-programming algorithms of Och and Ney (2004) and Wu (1996) for phrase-based and SCFG-based systems, respectively, which we may think of as doing a finer-grained version of the deductions above.", 
    "keep_for_gold": 0
  }
]
