[
  {
    "citance_No": 1, 
    "citing_paper_id": "P01-1008", 
    "citing_paper_authority": 100, 
    "citing_paper_authors": "Regina, Barzilay | Kathleen R., McKeown", 
    "raw_text": "Thisextension will require using a more selective alignment technique (similar to that of (Hatzivassiloglouetal., 1999))", 
    "clean_text": "This extension will require using a more selective alignment technique (similar to that of (Hatzivassiloglou et al., 1999)).", 
    "keep_for_gold": 0
  }, 
  {
    "citance_No": 2, 
    "citing_paper_id": "E09-1065", 
    "citing_paper_authority": 13, 
    "citing_paper_authors": "Michael, Mohler | Rada, Mihalcea", 
    "raw_text": "Another approach (Hatzivassiloglou et al,1999) has been to use a machine learning algorithm in which features are based on combinations of simple features (e.g., a pair of nouns appear within 5 words from one another in both texts)", 
    "clean_text": "Another approach (Hatzivassiloglou et al,1999) has been to use a machine learning algorithm in which features are based on combinations of simple features (e.g., a pair of nouns appear within 5 words from one another in both texts).", 
    "keep_for_gold": 0
  }, 
  {
    "citance_No": 3, 
    "citing_paper_id": "H05-1005", 
    "citing_paper_authority": 2, 
    "citing_paper_authors": "Advaith, Siddharthan | Kathleen R., McKeown", 
    "raw_text": "We use SimFinder (Hatzivassiloglou et al, 1999) for sentence clustering and the f-measure for word overlap to compare noun phrases", 
    "clean_text": "We use SimFinder (Hatzivassiloglou et al, 1999) for sentence clustering and the f-measure for word overlap to compare noun phrases.", 
    "keep_for_gold": 0
  }, 
  {
    "citance_No": 4, 
    "citing_paper_id": "C04-1129", 
    "citing_paper_authority": 14, 
    "citing_paper_authors": "Advaith, Siddharthan | Ani, Nenkova | Kathleen R., McKeown", 
    "raw_text": "We use SimFinder (Hatzivassiloglou et al, 1999) for sentence clustering and its similarity metric to evaluate cluster quality; SimFinder outputs similarity values (simvals) between 0 and 1 for pairs of sentences, based on word overlap, synonymy andn-gram matches", 
    "clean_text": "We use SimFinder (Hatzivassiloglou et al, 1999) for sentence clustering and its similarity metric to evaluate cluster quality; SimFinder outputs similarity values (simvals) between 0 and 1 for pairs of sentences, based on word overlap, synonymy andn-gram matches.", 
    "keep_for_gold": 0
  }, 
  {
    "citance_No": 5, 
    "citing_paper_id": "C04-1129", 
    "citing_paper_authority": 14, 
    "citing_paper_authors": "Advaith, Siddharthan | Ani, Nenkova | Kathleen R., McKeown", 
    "raw_text": "We then cluster the simplified sentences withSimFinder (Hatzivassiloglou et al, 1999)", 
    "clean_text": "We then cluster the simplified sentences withSimFinder (Hatzivassiloglou et al, 1999).", 
    "keep_for_gold": 0
  }, 
  {
    "citance_No": 6, 
    "citing_paper_id": "P07-1060", 
    "citing_paper_authority": 1, 
    "citing_paper_authors": "John, Lee", 
    "raw_text": "The number on the axes represent chapters. The thick diagonal lines reflect regions of high lexical similarity between the two gospels. At the level of short passages or sentences, (Hatzivassiloglou et al, 1999) goes beyond N -gram, taking advantage of WordNet synonyms, as well as ordering and distance between shared words", 
    "clean_text": "At the level of short passages or sentences, (Hatzivassiloglou et al, 1999) goes beyond N-gram, taking advantage of WordNet synonyms, as well as ordering and distance between shared words.", 
    "keep_for_gold": 1
  }, 
  {
    "citance_No": 7, 
    "citing_paper_id": "W08-0913", 
    "citing_paper_authority": 7, 
    "citing_paper_authors": "Stacey, Bailey | Detmar, Meurers", 
    "raw_text": "For instance, Hatzivassiloglou et al (1999) trained a classifier for para phrase detection, though their performance only reached roughly 37% recall and 61% precision", 
    "clean_text": "For instance, Hatzivassiloglou et al (1999) trained a classifier for paraphrase detection, though their performance only reached roughly 37% recall and 61% precision.", 
    "keep_for_gold": 0
  }, 
  {
    "citance_No": 8, 
    "citing_paper_id": "W03-1004", 
    "citing_paper_authority": 32, 
    "citing_paper_authors": "Regina, Barzilay | No&eacute;mie, Elhadad", 
    "raw_text": "In the context of multi document summarization, SimFinder (Hatzivassiloglou et al, 1999) identifies sentences that convey similar information across in put documents to select the summary content", 
    "clean_text": "In the context of multi document summarization, SimFinder (Hatzivassiloglou et al, 1999) identifies sentences that convey similar information across in put documents to select the summary content.", 
    "keep_for_gold": 0
  }, 
  {
    "citance_No": 9, 
    "citing_paper_id": "W03-1004", 
    "citing_paper_authority": 32, 
    "citing_paper_authors": "Regina, Barzilay | No&eacute;mie, Elhadad", 
    "raw_text": "An obvious choice for a baseline in this task is the following: any two sentences are considered aligned if their cosine similarity exceeds a certain threshold. We also compare our algorithm with two state-of the-art systems, SimFinder (Hatzivassiloglou et al, 1999) and Decomposition (Jing, 2002) .10 Figure 6shows Precision/Recall curves for the different systems", 
    "clean_text": "An obvious choice for a baseline in this task is the following: any two sentences are considered aligned if their cosine similarity exceeds a certain threshold. We also compare our algorithm with two state-of the-art systems, SimFinder (Hatzivassiloglou et al, 1999) and Decomposition (Jing, 2002).", 
    "keep_for_gold": 0
  }, 
  {
    "citance_No": 10, 
    "citing_paper_id": "C04-1166", 
    "citing_paper_authority": 1, 
    "citing_paper_authors": "Aur&eacute;lien, Max", 
    "raw_text": "To this end, we intend to implement a second-pass analysis that would rerank the candidates produced by fuzzy inverted generation by computing text similarities over short passages such as those propose din (Hatzivassiloglou et al, 1999)", 
    "clean_text": "To this end, we intend to implement a second-pass analysis that would rerank the candidates produced by fuzzy inverted generation by computing text similarities over short passages such as those propose din (Hatzivassiloglou et al, 1999).", 
    "keep_for_gold": 0
  }, 
  {
    "citance_No": 11, 
    "citing_paper_id": "S12-1075", 
    "citing_paper_authority": 1, 
    "citing_paper_authors": "Zhengzhong, Liu | Jian, Xu | Qin, Lu", 
    "raw_text": "Hatzivassiloglou et al (1999) proposed to use linguistic features as indicators of text similarity to address the problem of sparse representation of sentences", 
    "clean_text": "Hatzivassiloglou et al (1999) proposed to use linguistic features as indicators of text similarity to address the problem of sparse representation of sentences.", 
    "keep_for_gold": 0
  }
]
