[
  {
    "citance_No": 1, 
    "citing_paper_id": "P03-1040", 
    "citing_paper_authority": 14, 
    "citing_paper_authors": "Philipp, Koehn | Kevin, Knight", 
    "raw_text": "Here, we follow an approach introduced byKoehn and Knight (2003): First, we collect frequency statistics over words in our training corpus", 
    "clean_text": "Here, we follow an approach introduced by Koehn and Knight (2003): First, we collect frequency statistics over words in our training corpus.", 
    "keep_for_gold": 0
  }, 
  {
    "citance_No": 2, 
    "citing_paper_id": "P13-2033", 
    "citing_paper_authority": 0, 
    "citing_paper_authors": "Masato, Hagiwara | Satoshi, Sekine", 
    "raw_text": "Similar approaches are proposed for other languages, such as German (Koehn and Knight, 2003) and UrduHindi (Lehal, 2010)", 
    "clean_text": "Similar approaches are proposed for other languages, such as German (Koehn and Knight, 2003) and UrduHindi (Lehal, 2010).", 
    "keep_for_gold": 0
  }, 
  {
    "citance_No": 3, 
    "citing_paper_id": "P13-2033", 
    "citing_paper_authority": 0, 
    "citing_paper_authors": "Masato, Hagiwara | Satoshi, Sekine", 
    "raw_text": "Correctsplitting of compound nouns has a positive effect on MT (Koehn and Knight, 2003) and IR (Braschler and Ripplinger, 2004)", 
    "clean_text": "Correctsplitting of compound nouns has a positive effect on MT (Koehn and Knight, 2003) and IR (Braschler and Ripplinger, 2004).", 
    "keep_for_gold": 0
  }, 
  {
    "citance_No": 4, 
    "citing_paper_id": "P13-2033", 
    "citing_paper_authority": 0, 
    "citing_paper_authors": "Masato, Hagiwara | Satoshi, Sekine", 
    "raw_text": "Koehn and Knight (2003) tackled the splitting problem in German, by using word statistics in a monolingual corpus", 
    "clean_text": "Koehn and Knight (2003) tackled the splitting problem in German, by using word statistics in a monolingual corpus.", 
    "keep_for_gold": 0
  }, 
  {
    "citance_No": 5, 
    "citing_paper_id": "W10-1715", 
    "citing_paper_authority": 4, 
    "citing_paper_authors": "Philipp, Koehn | Barry, Haddow | Philip, Williams | Hieu, Hoang", 
    "raw_text": "For the German? English language direction, we used two additional processing steps that have shown to be successful in the past, and again resulted in significant gains. We split large words based on word frequencies to tackle the problem of word compounds in German (Koehn and Knight, 2003)", 
    "clean_text": "We split large words based on word frequencies to tackle the problem of word compounds in German (Koehn and Knight, 2003).", 
    "keep_for_gold": 0
  }, 
  {
    "citance_No": 6, 
    "citing_paper_id": "W11-2149", 
    "citing_paper_authority": 2, 
    "citing_paper_authors": "Matthias, Huck | Joern, Wuebker | Christoph, Schmidt | Markus, Freitag | Stephan, Peitz | Daniel, Stein | Arnaud, Dagnelies | Saab, Mansour | Gregor, Leusch | Hermann, Ney", 
    "raw_text": "In order to reduce the source vocabulary size for the German? English translation, the source side was preprocessed by splitting German compound words with the frequency-based method described in (Koehn and Knight, 2003)", 
    "clean_text": "In order to reduce the source vocabulary size for the German-English translation, the source side was preprocessed by splitting German compound words with the frequency-based method described in (Koehn and Knight, 2003).", 
    "keep_for_gold": 0
  }, 
  {
    "citance_No": 7, 
    "citing_paper_id": "W10-1704", 
    "citing_paper_authority": 7, 
    "citing_paper_authors": "Alexandre, Allauzen | Josep M., Crego | Ilknur, Durgar El-Kahlout | Fran&ccedil;ois, Yvon", 
    "raw_text": "We used the frequency-based segmentation algorithm initially introduced in (Koehn and Knight, 2003) to handle compounding", 
    "clean_text": "We used the frequency-based segmentation algorithm initially introduced in (Koehn and Knight, 2003) to handle compounding.", 
    "keep_for_gold": 0
  }, 
  {
    "citance_No": 8, 
    "citing_paper_id": "W09-0426", 
    "citing_paper_authority": 5, 
    "citing_paper_authors": "Chris, Dyer | Hendra, Setiawan | Yuval, Marton | Philip, Resnik", 
    "raw_text": "This is a further development of our general source-lattice approach to decoding (Dyer et al, 2008) .To construct the segmentation lattices, we define a log-linear model of compound word segmentation inspired by Koehn and Knight (2003), making use of features including number of morphemes hypothesized, frequency of the segments as free-standing morphemes in a training corpus, and letters in each segment", 
    "clean_text": "To construct the segmentation lattices, we define a log-linear model of compound word segmentation inspired by Koehn and Knight (2003), making use of features including number of morphemes hypothesized, frequency of the segments as free-standing morphemes in a training corpus, and letters in each segment.", 
    "keep_for_gold": 0
  }, 
  {
    "citance_No": 9, 
    "citing_paper_id": "W10-1734", 
    "citing_paper_authority": 7, 
    "citing_paper_authors": "Fabienne, Fritzinger | Alexander, Fraser", 
    "raw_text": "The empirical approach of Koehn and Knight (2003) splits German compounds into words found in a training corpus", 
    "clean_text": "The empirical approach of Koehn and Knight (2003) splits German compounds into words found in a training corpus.", 
    "keep_for_gold": 0
  }, 
  {
    "citance_No": 10, 
    "citing_paper_id": "W10-1734", 
    "citing_paper_authority": 7, 
    "citing_paper_authors": "Fabienne, Fritzinger | Alexander, Fraser", 
    "raw_text": "et al (2006), compared the approach of Nie? en and Ney (2000) with the corpus-driven splitting of Koehn and Knight (2003) in terms of performance on an SMT task", 
    "clean_text": "Popovic et al. (2006) compared the approach of Nie? en and Ney (2000) with the corpus-driven splitting of Koehn and Knight (2003) in terms of performance on an SMT task.", 
    "keep_for_gold": 0
  }, 
  {
    "citance_No": 11, 
    "citing_paper_id": "W10-1734", 
    "citing_paper_authority": 7, 
    "citing_paper_authors": "Fabienne, Fritzinger | Alexander, Fraser", 
    "raw_text": "amounts of data and scoring metrics. We briefly introduce the computational morphology SMOR (section 3.1) and the corpus driven approach of Koehn and Knight (2003) (section 3.2), before we present our hybrid approach that combines the benefits of both in section 3.3", 
    "clean_text": "We briefly introduce the computational morphology SMOR (section 3.1) and the corpus driven approach of Koehn and Knight (2003) (section 3.2), before we present our hybrid approach that combines the benefits of both in section 3.3.", 
    "keep_for_gold": 0
  }, 
  {
    "citance_No": 12, 
    "citing_paper_id": "W10-1734", 
    "citing_paper_authority": 7, 
    "citing_paper_authors": "Fabienne, Fritzinger | Alexander, Fraser", 
    "raw_text": "Koehn and Knight (2003) describe a method re quiring no linguistically motivated morphological analysis to split compounds", 
    "clean_text": "Koehn and Knight (2003) describe a method requiring no linguistically motivated morphological analysis to split compounds.", 
    "keep_for_gold": 1
  }, 
  {
    "citance_No": 13, 
    "citing_paper_id": "W10-1734", 
    "citing_paper_authority": 7, 
    "citing_paper_authors": "Fabienne, Fritzinger | Alexander, Fraser", 
    "raw_text": "6Taken from (Koehn and Knight, 2003): S= split, pi= part, n= number of parts", 
    "clean_text": "Taken from (Koehn and Knight, 2003): S= split, pi= part, n= number of parts.", 
    "keep_for_gold": 0
  }, 
  {
    "citance_No": 14, 
    "citing_paper_id": "W10-1734", 
    "citing_paper_authority": 7, 
    "citing_paper_authors": "Fabienne, Fritzinger | Alexander, Fraser", 
    "raw_text": "Gold Standard The one-to-one correspondence gold standard (Koehn and Knight, 2003) indicates only com pounds that were translated compositionally by ahuman translator", 
    "clean_text": "The one-to-one correspondence gold standard (Koehn and Knight, 2003) indicates only compounds that were translated compositionally by a human translator.", 
    "keep_for_gold": 0
  }, 
  {
    "citance_No": 15, 
    "citing_paper_id": "W10-1734", 
    "citing_paper_authority": 7, 
    "citing_paper_authors": "Fabienne, Fritzinger | Alexander, Fraser", 
    "raw_text": "(Koehn and Knight, 2003), (Stymne, 2008)): the word class of the rightmost (possible) part of the compound is restricted to match the word class of the whole compound, which is coherent to Ger man compositional morphology", 
    "clean_text": "", 
    "keep_for_gold": 0
  }, 
  {
    "citance_No": 16, 
    "citing_paper_id": "W10-1734", 
    "citing_paper_authority": 7, 
    "citing_paper_authors": "Fabienne, Fritzinger | Alexander, Fraser", 
    "raw_text": "This constraint lead to higher accuracies in gold standard evaluations, but it did not improve translation quality in the experiments of Koehn and Knight (2003) and Stymne (2008), and therefore, we did not re implement the corpus-driven approach with thisPOS-constraint", 
    "clean_text": "", 
    "keep_for_gold": 0
  }, 
  {
    "citance_No": 17, 
    "citing_paper_id": "W11-2145", 
    "citing_paper_authority": 1, 
    "citing_paper_authors": "Teresa, Herrmann | Mohammed, Mediani | Jan, Niehues | Alex, Waibel", 
    "raw_text": "Compound splitting as described in Koehn and Knight (2003) is applied to the German part of the corpus for the German-to-English system to reduce the out-of-vocabulary problem for German com pound words", 
    "clean_text": "Compound splitting as described in Koehn and Knight (2003) is applied to the German part of the corpus for the German-to-English system to reduce the out-of-vocabulary problem for German compound words.", 
    "keep_for_gold": 0
  }, 
  {
    "citance_No": 18, 
    "citing_paper_id": "I08-1053", 
    "citing_paper_authority": 3, 
    "citing_paper_authors": "Nikesh, Garera | David, Yarowsky", 
    "raw_text": "(iron) (path) Figure 1: Illustration of using cross-language evidence using bilingual dictionaries of different languages for compound translation 404 Brown (2002) and Koehn and Knight (2003) 1", 
    "clean_text": "", 
    "keep_for_gold": 0
  }, 
  {
    "citance_No": 19, 
    "citing_paper_id": "I08-1053", 
    "citing_paper_authority": 3, 
    "citing_paper_authors": "Nikesh, Garera | David, Yarowsky", 
    "raw_text": "Koehn and Knight (2003) used a fixed set of two known fillers s and es for handling German compounds", 
    "clean_text": "Koehn and Knight (2003) used a fixed set of two known fillers s and es for handling German compounds.", 
    "keep_for_gold": 0
  }, 
  {
    "citance_No": 20, 
    "citing_paper_id": "W09-0429", 
    "citing_paper_authority": 11, 
    "citing_paper_authors": "Philipp, Koehn | Barry, Haddow", 
    "raw_text": "For German? English, we additionally incorpo rated rule-based reordering? We parse the input using the Collins parser (Collins, 1997) and apply a set of reordering rules to re-arrange the German sentence so that it corresponds more closely English word order (Collins et al, 2005) .compound splitting? We split German com pound words (mostly nouns), based on the frequency of the words in the potential decompositions (Koehn and Knight, 2003a) .part-of-speech language model? We use factored translation models (Koehn and Hoang, 2007) to also output part-of-speech tags with each word in a single phrase mapping and runa second n-gram model over them", 
    "clean_text": "We split German compound words (mostly nouns), based on the frequency of the words in the potential decompositions (Koehn and Knight, 2003a).", 
    "keep_for_gold": 1
  }
]
