[
  {
    "citance_No": 1, 
    "citing_paper_id": "L08-1001", 
    "citing_paper_authority": 2, 
    "citing_paper_authors": "Kathrin, Eichler | Holmer, Hemsen | G&uuml;nter, Neumann", 
    "raw_text": "Our work is related to previous work on domain independent unsupervised relation extraction, in particular Sekine (2006), Shinyama and Sekine (2006) and Banko et al (2007) .Sekine (2006) introduces On-demand information ex traction, which aims at automatically identifying salient patterns and extracting relations based on these patterns", 
    "clean_text": "Our work is related to previous work on domain independent unsupervised relation extraction, in particular Sekine (2006), Shinyama and Sekine (2006) and Banko et al (2007). Sekine (2006) introduces On-demand information extraction, which aims at automatically identifying salient patterns and extracting relations based on these patterns.", 
    "keep_for_gold": 0
  }, 
  {
    "citance_No": 2, 
    "citing_paper_id": "L08-1001", 
    "citing_paper_authority": 2, 
    "citing_paper_authors": "Kathrin, Eichler | Holmer, Hemsen | G&uuml;nter, Neumann", 
    "raw_text": "Shinyama and Sekine (2006) apply NER, co reference resolution and parsing to a corpus of newspaper articles to ex tract two-place relations between NEs", 
    "clean_text": "Shinyama and Sekine (2006) apply NER, coreference resolution and parsing to a corpus of newspaper articles to extract two-place relations between NEs.", 
    "keep_for_gold": 0
  }, 
  {
    "citance_No": 3, 
    "citing_paper_id": "L08-1001", 
    "citing_paper_authority": 2, 
    "citing_paper_authors": "Kathrin, Eichler | Holmer, Hemsen | G&uuml;nter, Neumann", 
    "raw_text": "Like Sekine (2006) and Shinyama and Sekine (2006), we concentrate on relations involving NEs, the assumption being that these relations are the potentially interesting ones", 
    "clean_text": "Like Sekine (2006) and Shinyama and Sekine (2006), we concentrate on relations involving NEs, the assumption being that these relations are the potentially interesting ones.", 
    "keep_for_gold": 0
  }, 
  {
    "citance_No": 4, 
    "citing_paper_id": "P08-1077", 
    "citing_paper_authority": 22, 
    "citing_paper_authors": "Rahul, Bhagat | Deepak, Ravichandran", 
    "raw_text": "Using distributional similarity avoids the problem of obtaining overly general patterns and the pre-computation of paraphrases means that we can obtain the set of patterns for any relation instantaneously. Romano et al (2006) and Sekine (2006) used syn tactic paraphrases to obtain patterns for extracting relations", 
    "clean_text": "Romano et al (2006) and Sekine (2006) used syntactic paraphrases to obtain patterns for extracting relations.", 
    "keep_for_gold": 0
  }, 
  {
    "citance_No": 5, 
    "citing_paper_id": "P09-2015", 
    "citing_paper_authority": 1, 
    "citing_paper_authors": "Dan, Roth | Mark, Sammons | V. G. Vinod, Vydiswaran", 
    "raw_text": "This contrasts with Open Information Extraction (Banko and Etzioni, 2008) and On-Demand Information Extraction (Sekine, 2006), which aim to extract large databases of open-ended facts, and with supervised relation extraction, which requires additional supervised data to learn new relations", 
    "clean_text": "This contrasts with Open Information Extraction (Banko and Etzioni, 2008) and On-Demand Information Extraction (Sekine, 2006), which aim to extract large databases of open-ended facts, and with supervised relation extraction, which requires additional supervised data to learn new relations.", 
    "keep_for_gold": 0
  }, 
  {
    "citance_No": 6, 
    "citing_paper_id": "D11-1075", 
    "citing_paper_authority": 1, 
    "citing_paper_authors": "Cane Wing-ki, Leung | Jing, Jiang | Kian Ming A., Chai | Hai Leong, Chieu | Loo-Nin, Teow", 
    "raw_text": "For instance, Sudo et al (2003) and Sekine (2006) proposed different methods for automatic IE pattern acquisition for a given domain based on frequent subtree discovery in dependency parse trees", 
    "clean_text": "For instance, Sudo et al (2003) and Sekine (2006) proposed different methods for automatic IE pattern acquisition for a given domain based on frequent subtree discovery in dependency parse trees.", 
    "keep_for_gold": 0
  }, 
  {
    "citance_No": 7, 
    "citing_paper_id": "N07-2043", 
    "citing_paper_authority": 1, 
    "citing_paper_authors": "Stephen, Tratz | Antonio, Sanfilippo", 
    "raw_text": "To reduce the knowledge engineering burden on the user in constructing and porting an IE system, unsupervised learning has been utilized ,e.g. Riloff (1996), Yangarber et al (2000), and Sekine (2006)", 
    "clean_text": "To reduce the knowledge engineering burden on the user in constructing and porting an IE system, unsupervised learning has been utilized, e.g. Riloff (1996), Yangarber et al (2000), and Sekine (2006).", 
    "keep_for_gold": 0
  }
]
