[
  {
    "citance_No": 1, 
    "citing_paper_id": "W05-1509", 
    "citing_paper_authority": 4, 
    "citing_paper_authors": "Gabriele, Musillo | Paola, Merlo", 
    "raw_text": "To some extent, function labels overlap with semantic role labels as defined in PropBank (Palmer et al, 2005)", 
    "clean_text": "To some extent, function labels overlap with semantic role labels as defined in PropBank (Palmer et al, 2005).", 
    "keep_for_gold": 0
  }, 
  {
    "citance_No": 2, 
    "citing_paper_id": "W05-1509", 
    "citing_paper_authority": 4, 
    "citing_paper_authors": "Gabriele, Musillo | Paola, Merlo", 
    "raw_text": "Our results confirm the findings in (Palmer et al, 2005)", 
    "clean_text": "Our results confirm the findings in (Palmer et al, 2005).", 
    "keep_for_gold": 0
  }, 
  {
    "citance_No": 3, 
    "citing_paper_id": "D09-1012", 
    "citing_paper_authority": 7, 
    "citing_paper_authors": "Daniele, Pighin | Alessandro, Moschitti", 
    "raw_text": "For our experiments on semantic role labeling we used PropBank annotations (Palmer et al, 2005) 1http: //disi.unitn.it/ ?moschitt/ Tree-Kernel.htm S NP NNP Mary VP VB bought NP D a NN cat (A1) (A0)? VP VB-P bought NP D-B a VP VB-P bought NP-B D a NN cat -1: BC +1: BC, A1 -1: A0, A2, A3, A4, A5 Figure 2: Examples of AST m structured features", 
    "clean_text": "For our experiments on semantic role labeling we used PropBank annotations (Palmer et al, 2005).", 
    "keep_for_gold": 0
  }, 
  {
    "citance_No": 4, 
    "citing_paper_id": "P07-1071", 
    "citing_paper_authority": 2, 
    "citing_paper_authors": "Ronan, Collobert | Jason, Weston", 
    "raw_text": "To achieve the goal of semantic understanding, the current consensus is to divide and conquer the [The company] ARG0 [bought] REL [sugar] ARG1 [on the world market] ARGM-LOC [to meet export commitments] ARGM-PNC Figure 1: Example of Semantic Role Labeling from the PropBank dataset (Palmer et al, 2005)", 
    "clean_text": "Example of Semantic Role Labeling from the PropBank dataset (Palmer et al, 2005).", 
    "keep_for_gold": 0
  }, 
  {
    "citance_No": 5, 
    "citing_paper_id": "P07-1071", 
    "citing_paper_authority": 2, 
    "citing_paper_authors": "Ronan, Collobert | Jason, Weston", 
    "raw_text": "We focus our experimental study on the semantic role labeling problem (Palmer et al,2005): being able to give a semantic role to a syn1Even though some parsers effectively exhibit linear behavior in sentence length (Ratnaparkhi, 1997), fast statistical parsers such as (Henderson, 2004) still take around 1.5 seconds for sentences of length 35 in tests that we made", 
    "clean_text": "We focus our experimental study on the semantic role labeling problem (Palmer et al, 2005): being able to give a semantic role to a syntactic constituent of a sentence, i.e. annotating the predicate argument structure in text.", 
    "keep_for_gold": 0
  }, 
  {
    "citance_No": 6, 
    "citing_paper_id": "P07-1071", 
    "citing_paper_authority": 2, 
    "citing_paper_authors": "Ronan, Collobert | Jason, Weston", 
    "raw_text": "FrameNet (Baker et al, 1998) and the Proposition Bank (Palmer et al, 2005), or PropBank for short, are the two main systems currently developed for semantic role-labeling annotation", 
    "clean_text": "FrameNet (Baker et al, 1998) and the Proposition Bank (Palmer et al, 2005), or PropBank for short, are the two main systems currently developed for semantic role-labeling annotation.", 
    "keep_for_gold": 0
  }, 
  {
    "citance_No": 7, 
    "citing_paper_id": "W06-1617", 
    "citing_paper_authority": 16, 
    "citing_paper_authors": "Zheng Ping, Jiang | Hwee Tou, Ng", 
    "raw_text": "The inter-annotator agreement for PropBank reported in (Palmer et al, 2005) is above 0.9 in terms of the Kappa statistic (Sidney and Castellan Jr., 1988) .While the two agreement measures are not directly comparable, the current NomBank.0.8 re lease documentation indicates that only 32 of the most frequently occurring nouns in PTB II have been adjudicated", 
    "clean_text": "The inter-annotator agreement for PropBank reported in (Palmer et al, 2005) is above 0.9 in terms of the Kappa statistic (Sidney and Castellan Jr., 1988).", 
    "keep_for_gold": 0
  }, 
  {
    "citance_No": 8, 
    "citing_paper_id": "W11-0209", 
    "citing_paper_authority": 0, 
    "citing_paper_authors": "He, Tan | Rajaram, Kaliyaperumal | Nirupama, Benis", 
    "raw_text": "Recently, large corpora have been manually annotated with semantic roles in FrameNet (Fill more et al, 2001) and PropBank (Palmer et al,2005)", 
    "clean_text": "Recently, large corpora have been manually annotated with semantic roles in FrameNet (Fillmore et al, 2001) and PropBank (Palmer et al, 2005).", 
    "keep_for_gold": 0
  }, 
  {
    "citance_No": 9, 
    "citing_paper_id": "P11-2051", 
    "citing_paper_authority": 5, 
    "citing_paper_authors": "Qin, Gao | Stephan, Vogel", 
    "raw_text": "Instead, we resort to Semantic Role Labeling (Palmer et al, 2005) to provide more lexicalized and semantic constraints to select the candidates", 
    "clean_text": "Instead, we resort to Semantic Role Labeling (Palmer et al, 2005) to provide more lexicalized and semantic constraints to select the candidates.", 
    "keep_for_gold": 0
  }, 
  {
    "citance_No": 10, 
    "citing_paper_id": "W06-3308", 
    "citing_paper_authority": 4, 
    "citing_paper_authors": "Richard Tzong-Han, Tsai | Wen-Chi, Chou | Yu-Chun, Lin | Cheng-Lung, Sung | Wei, Ku | Ying-Shan, Su | Ting-Yi, Sung | Wen-Lian, Hsu", 
    "raw_text": "In the first step, we adopt the definitions found in PropBank (Palmer et al, 2005), defining our own frame sets for verbs not in Prop Bank, such as ?phosphorylate?", 
    "clean_text": "In the first step, we adopt the definitions found in PropBank (Palmer et al, 2005), defining our own frame sets for verbs not in Prop Bank, such as phosphorylate.", 
    "keep_for_gold": 0
  }, 
  {
    "citance_No": 11, 
    "citing_paper_id": "W06-3308", 
    "citing_paper_authority": 4, 
    "citing_paper_authors": "Richard Tzong-Han, Tsai | Wen-Chi, Chou | Yu-Chun, Lin | Cheng-Lung, Sung | Wei, Ku | Ying-Shan, Su | Ting-Yi, Sung | Wen-Lian, Hsu", 
    "raw_text": "As proposition banks are semantically annotated versions of a Penn-style tree bank, they provide consistent semantic role labels across different syn tactic realizations of the same verb (Palmer et al, 2005)", 
    "clean_text": "As proposition banks are semantically annotated versions of a Penn-style tree bank, they provide consistent semantic role labels across different syntactic realizations of the same verb (Palmer et al, 2005).", 
    "keep_for_gold": 1
  }, 
  {
    "citance_No": 12, 
    "citing_paper_id": "W06-3308", 
    "citing_paper_authority": 4, 
    "citing_paper_authors": "Richard Tzong-Han, Tsai | Wen-Chi, Chou | Yu-Chun, Lin | Cheng-Lung, Sung | Wei, Ku | Ying-Shan, Su | Ting-Yi, Sung | Wen-Lian, Hsu", 
    "raw_text": "In addition to these syntactic structures, it was also annotated with predicate-argument structures (WSJproposition bank) by Palmer et al (2005)", 
    "clean_text": "In addition to these syntactic structures, it was also annotated with predicate-argument structures (WSJ proposition bank) by Palmer et al (2005).", 
    "keep_for_gold": 0
  }, 
  {
    "citance_No": 13, 
    "citing_paper_id": "W10-4237", 
    "citing_paper_authority": 2, 
    "citing_paper_authors": "Anja, Belz | Mike, White | Josef, van Genabith | Deirdre, Hogan | Amanda J., Stent", 
    "raw_text": "Propbank (Palmer et al, 2005): This is a se-", 
    "clean_text": "Propbank (Palmer et al., 2005): This is a semantic annotation of the Wall Street Journal section of Penn Treebank-2.", 
    "keep_for_gold": 0
  }, 
  {
    "citance_No": 14, 
    "citing_paper_id": "E12-1085", 
    "citing_paper_authority": 3, 
    "citing_paper_authors": "Vincent, Kr&Atilde;&shy;&Aring;&frac34; | Silvie, Cinkova | Martin, Holub", 
    "raw_text": "Also, the annotators are less confident in their decisions, when they have many options to choose from (Fellbaum et al (1998) reported a drop in subjective annotators confidence in words with 8+ senses) .Despite all the known issues in semantic tagging, the major lexical resources (WordNet (Fellbaum, 1998), FrameNet (Ruppenhofer et al 2010), PropBank (Palmer et al 2005) and the word-sense part of OntoNotes (Weischedel et al 2011)) are still maintained and their annotation schemes are adopted for creating new manually annotated data (e.g. MASC, the Manually An notated Subcorpus (Ide et al 2008))", 
    "clean_text": "Despite all the known issues in semantic tagging, the major lexical resources (WordNet (Fellbaum, 1998), FrameNet (Ruppenhofer et al 2010), PropBank (Palmer et al 2005) and the word-sense part of OntoNotes (Weischedel et al 2011)) are still maintained and their annotation schemes are adopted for creating new manually annotated data (e.g. MASC, the Manually Annotated Subcorpus (Ide et al 2008)).", 
    "keep_for_gold": 0
  }, 
  {
    "citance_No": 15, 
    "citing_paper_id": "E12-1085", 
    "citing_paper_authority": 3, 
    "citing_paper_authors": "Vincent, Kr&Atilde;&shy;&Aring;&frac34; | Silvie, Cinkova | Martin, Holub", 
    "raw_text": "More recent lexical resources have been built as semantic concordances from the very beginning (PropBank (Palmer et al 2005), OntoNotes word senses (Weischedel et al 2011))", 
    "clean_text": "More recent lexical resources have been built as semantic concordances from the very beginning (PropBank (Palmer et al 2005), OntoNotes word senses (Weischedel et al 2011)).", 
    "keep_for_gold": 0
  }, 
  {
    "citance_No": 16, 
    "citing_paper_id": "E12-1085", 
    "citing_paper_authority": 3, 
    "citing_paper_authors": "Vincent, Kr&Atilde;&shy;&Aring;&frac34; | Silvie, Cinkova | Martin, Holub", 
    "raw_text": "have been, for the purpose of the annotated linguistic resource, defined by the IAA score, which is? in OntoNotes? calculated as the percentage of agreements be tween two annotators. Two other, somewhat different, lexical resources have to be mentioned to complete the picture: FrameNet (Ruppenhofer et al 2010 )andPropBank (Palmer et al 2005)", 
    "clean_text": "Two other, somewhat different, lexical resources have to be mentioned to complete the picture: FrameNet (Ruppenhofer et al 2010) and PropBank (Palmer et al 2005).", 
    "keep_for_gold": 0
  }, 
  {
    "citance_No": 17, 
    "citing_paper_id": "E12-1085", 
    "citing_paper_authority": 3, 
    "citing_paper_authors": "Vincent, Kr&Atilde;&shy;&Aring;&frac34; | Silvie, Cinkova | Martin, Holub", 
    "raw_text": "The overall IAA measured on verbs was 94% (Palmer et al 2005)", 
    "clean_text": "The overall IAA measured on verbs was 94% (Palmer et al 2005).", 
    "keep_for_gold": 0
  }, 
  {
    "citance_No": 18, 
    "citing_paper_id": "C10-2119", 
    "citing_paper_authority": 2, 
    "citing_paper_authors": "Rajakrishnan, Rajkumar | Michael, White", 
    "raw_text": "In HLDS, each semantic head (corresponding to a node in the graph) is associated with a nominal that identifies its discourse referent, and relations between heads and their dependents are modeled as modal relations. For our experiments, we use an enhanced version of the CCGbank (Hockenmaier and Steed man, 2007)? a corpus of CCG derivations derived from the Penn Treebank? with Propbank (Palmer et al, 2005) roles projected onto it (Boxwell and White, 2008)", 
    "clean_text": "For our experiments, we use an enhanced version of the CCGbank (Hockenmaier and Steedman, 2007) - a corpus of CCG derivations derived from the Penn Treebank - with Propbank (Palmer et al, 2005) roles projected onto it (Boxwell and White, 2008).", 
    "keep_for_gold": 0
  }, 
  {
    "citance_No": 19, 
    "citing_paper_id": "P14-1136", 
    "citing_paper_authority": 5, 
    "citing_paper_authors": "Karl Moritz, Hermann | Dipanjan, Das | Jason, Weston | Kuzman, Ganchev", 
    "raw_text": "PropBank The PropBank project (Palmer et al,2005) is another popular resource related to semantic role labeling", 
    "clean_text": "The PropBank project (Palmer et al,2005) is another popular resource related to semantic role labeling.", 
    "keep_for_gold": 0
  }, 
  {
    "citance_No": 20, 
    "citing_paper_id": "W08-1810", 
    "citing_paper_authority": 0, 
    "citing_paper_authors": "Luiz Augusto, Pizzato | Diego, Molla Aliod", 
    "raw_text": "Thus, Narayanan and Harabagiu (2004) apply the argument-predicate relationship from PropBank (Palmer et al, 2005) together with the semantic frames from FrameNet (Baker et al, 1998) to create an inference mechanism to improve QA", 
    "clean_text": "Thus, Narayanan and Harabagiu (2004) apply the argument-predicate relationship from PropBank (Palmer et al, 2005) together with the semantic frames from FrameNet (Baker et al, 1998) to create an inference mechanism to improve QA.", 
    "keep_for_gold": 0
  }
]
