[
  {
    "citance_No": 1, 
    "citing_paper_id": "D12-1091", 
    "citing_paper_authority": 11, 
    "citing_paper_authors": "Taylor, Berg-Kirkpatrick | David, Burkett | Dan, Klein", 
    "raw_text": "3.2.2 Dependency Parsing We use three base models for dependency parsing: MST parser (McDonald et al 2005), Maltparser (Nivre et al 2006), and the ensemble parser of Surdeanu and Manning (2010)", 
    "clean_text": "We use three base models for dependency parsing: MST parser (McDonald et al 2005), Maltparser (Nivre et al 2006), and the ensemble parser of Surdeanu and Manning (2010).", 
    "keep_for_gold": 0
  }, 
  {
    "citance_No": 2, 
    "citing_paper_id": "P14-1126", 
    "citing_paper_authority": 0, 
    "citing_paper_authors": "Xuezhe, Ma | Fei, Xia", 
    "raw_text": "In addition to their original results, we also report results by re implementing the direct transfer parser base don the first-order projective dependency parsing model (McDonald et al, 2005a) (DTP?) .PTP The projected transfer parser (PTP )de scribed in McDonald et al (2011)", 
    "clean_text": "", 
    "keep_for_gold": 0
  }, 
  {
    "citance_No": 3, 
    "citing_paper_id": "P14-1126", 
    "citing_paper_authority": 0, 
    "citing_paper_authors": "Xuezhe, Ma | Fei, Xia", 
    "raw_text": "The parallel data sets are the ones contains 20,000sentences.OR: the supervised first-order projective dependency parsing model (McDonald et al, 2005a), trained on the original tree banks with maximum likelihood estimation (equation 6)", 
    "clean_text": "", 
    "keep_for_gold": 0
  }, 
  {
    "citance_No": 4, 
    "citing_paper_id": "D12-1029", 
    "citing_paper_authority": 1, 
    "citing_paper_authors": "Daniel, Fern&Atilde;&iexcl;ndez-Gonz&Atilde;&iexcl;lez | Carlos, G&oacute;mez-Rodr&iacute;guez", 
    "raw_text": "This has led to the development of various data-driven dependency parsers, such as those by Yamada and Matsumoto (2003), Nivre et al2004), McDonald et al2005), Martins et al2009), Huang and Sagae (2010) or Tratz and Hovy (2011), which can betrained directly from annotated data and produce ac curate analyses very efficiently", 
    "clean_text": "", 
    "keep_for_gold": 0
  }, 
  {
    "citance_No": 5, 
    "citing_paper_id": "P14-1117", 
    "citing_paper_authority": 0, 
    "citing_paper_authors": "Kapil, Thadani", 
    "raw_text": "but, as mentioned previously, may contain more nodes than R due to fractional values in x?; we therefore repeatedly prune leaves 5A detailed description of the ChuLiu Edmondsalgorithm for MSTs is available in McDonald et al (2005) .with the lowest incoming edge weight in the current tree until exactly R nodes remain", 
    "clean_text": "A detailed description of the Chu Liu Edmonds algorithm for MSTs is available in McDonald et al (2005).", 
    "keep_for_gold": 0
  }, 
  {
    "citance_No": 6, 
    "citing_paper_id": "W12-4205", 
    "citing_paper_authority": 2, 
    "citing_paper_authors": "Ond&Aring;\u2122ej, Du&Aring;&iexcl;ek | David, Mare&#x10D;ek | Rudolf, Rosa | Martin, Popel", 
    "raw_text": "We test these two techniques on English-Czech MT outputs using our own reimplementation of the MST parser (McDonald et al, 2005) named RUR1 parser", 
    "clean_text": "We test these two techniques on English-Czech MT outputs using our own reimplementation of the MST parser (McDonald et al, 2005) named RUR1 parser.", 
    "keep_for_gold": 0
  }, 
  {
    "citance_No": 7, 
    "citing_paper_id": "W12-4205", 
    "citing_paper_authority": 2, 
    "citing_paper_authors": "Ond&Aring;\u2122ej, Du&Aring;&iexcl;ek | David, Mare&#x10D;ek | Rudolf, Rosa | Martin, Popel", 
    "raw_text": "We have reimplemented the MST parser (McDonald et al, 2005) in order to provide for a simple insertion of the parallel features into the models", 
    "clean_text": "We have reimplemented the MST parser (McDonald et al, 2005) in order to provide for a simple insertion of the parallel features into the models.", 
    "keep_for_gold": 0
  }, 
  {
    "citance_No": 8, 
    "citing_paper_id": "W12-4205", 
    "citing_paper_authority": 2, 
    "citing_paper_authors": "Ond&Aring;\u2122ej, Du&Aring;&iexcl;ek | David, Mare&#x10D;ek | Rudolf, Rosa | Martin, Popel", 
    "raw_text": "The set of monolingual features used in RUR parser follows those described by McDonald et al (2005)", 
    "clean_text": "The set of monolingual features used in RUR parser follows those described by McDonald et al (2005).", 
    "keep_for_gold": 0
  }, 
  {
    "citance_No": 9, 
    "citing_paper_id": "D12-1125", 
    "citing_paper_authority": 3, 
    "citing_paper_authors": "Yuan, Zhang | Roi, Reichart | Regina, Barzilay | Amir, Globerson", 
    "raw_text": "The first parser is a non-lexicalized version of the MST parser (McDonald et al 2005) successfully used in the multilingual context (McDonald et al 2011)", 
    "clean_text": "The first parser is a non-lexicalized version of the MST parser (McDonald et al 2005) successfully used in the multilingual context (McDonald et al 2011).", 
    "keep_for_gold": 0
  }, 
  {
    "citance_No": 10, 
    "citing_paper_id": "E12-1008", 
    "citing_paper_authority": 0, 
    "citing_paper_authors": "Daniel, Fern&Atilde;&iexcl;ndez-Gonz&Atilde;&iexcl;lez | Carlos, G&oacute;mez-Rodr&iacute;guez", 
    "raw_text": "Data driven dependency parsers such as those by Nivre et al (2004), McDonald et al (2005), Titov and Henderson (2007), Martins et al (2009) or Huang and Sagae (2010) are accurate and efficient, they can be trained from annotated data without the need for a grammar, and they provide a simple representation of syntax that maps to predicate argument structure in a straightforward way", 
    "clean_text": "", 
    "keep_for_gold": 0
  }, 
  {
    "citance_No": 11, 
    "citing_paper_id": "P13-2104", 
    "citing_paper_authority": 0, 
    "citing_paper_authors": "Xuezhe, Ma | Fei, Xia", 
    "raw_text": "The dependency parsing models we used in this study are the graph-based first-order and second order sibling parsing models (McDonald et al, 2005a; McDonald and Pereira, 2006)", 
    "clean_text": "", 
    "keep_for_gold": 0
  }, 
  {
    "citance_No": 12, 
    "citing_paper_id": "P14-1098", 
    "citing_paper_authority": 0, 
    "citing_paper_authors": "Mohit, Bansal | David, Burkett | Gerard de, Melo | Dan, Klein", 
    "raw_text": "While spanning trees are familiar from non projective dependency parsing, features based onthe linear order of the words or on lexical identi 4 See Georgiadis (2003) for a detailed algorithmic proof, and McDonald et al (2005) for an illustrative example", 
    "clean_text": "See Georgiadis (2003) for a detailed algorithmic proof, and McDonald et al (2005) for an illustrative example.", 
    "keep_for_gold": 0
  }, 
  {
    "citance_No": 13, 
    "citing_paper_id": "P13-1001", 
    "citing_paper_authority": 1, 
    "citing_paper_authors": "Yang, Liu", 
    "raw_text": "They introduce maximum spanning tree (MST) parsing (McDonald et al, 2005) into phrase-based translation", 
    "clean_text": "They introduce maximum spanning tree (MST) parsing (McDonald et al, 2005) into phrase-based translation.", 
    "keep_for_gold": 0
  }, 
  {
    "citance_No": 14, 
    "citing_paper_id": "D12-1131", 
    "citing_paper_authority": 5, 
    "citing_paper_authors": "Alexander M., Rush | Michael John, Collins | Roi, Reichart | Amir, Globerson", 
    "raw_text": "For domain adaptation, we show an error reduction of up to 7.7% when adapting the second-order projective MST parser (McDonald et al 2005) from newswire to the QuestionBank domain", 
    "clean_text": "For domain adaptation, we show an error reduction of up to 7.7% when adapting the second-order projective MST parser (McDonald et al 2005) from newswire to the QuestionBank domain.", 
    "keep_for_gold": 0
  }, 
  {
    "citance_No": 15, 
    "citing_paper_id": "D12-1131", 
    "citing_paper_authority": 5, 
    "citing_paper_authors": "Alexander M., Rush | Michael John, Collins | Roi, Reichart | Amir, Globerson", 
    "raw_text": "Sentence-Level Models For dependency parsing we utilize the second-order projective MST parser (McDonald et al 2005) 1 with the gold-standard POS tags of the corpus", 
    "clean_text": "For dependency parsing we utilize the second-order projective MST parser (McDonald et al 2005) with the gold-standard POS tags of the corpus.", 
    "keep_for_gold": 0
  }, 
  {
    "citance_No": 16, 
    "citing_paper_id": "D12-1131", 
    "citing_paper_authority": 5, 
    "citing_paper_authors": "Alexander M., Rush | Michael John, Collins | Roi, Reichart | Amir, Globerson", 
    "raw_text": "Base is the second-order, projective dependency parser of McDonald et al (2005)", 
    "clean_text": "Base is the second-order, projective dependency parser of McDonald et al (2005).", 
    "keep_for_gold": 0
  }, 
  {
    "citance_No": 17, 
    "citing_paper_id": "P12-1010", 
    "citing_paper_authority": 4, 
    "citing_paper_authors": "Oleksandr, Kolomiyets | Steven, Bethard | Marie-Francine, Moens", 
    "raw_text": "We consider two different approaches to learning a temporal dependency parser: a shift-reduce model (Nivre, 2008) and a graph-based model (McDonald et al, 2005)", 
    "clean_text": "We consider two different approaches to learning a temporal dependency parser: a shift-reduce model (Nivre, 2008) and a graph-based model (McDonald et al, 2005).", 
    "keep_for_gold": 0
  }, 
  {
    "citance_No": 18, 
    "citing_paper_id": "S12-1058", 
    "citing_paper_authority": 0, 
    "citing_paper_authors": "Zhijun, Wu | Xuan, Wang | Xinxin, Li", 
    "raw_text": "Dependency tree parsing as the search for the maximum spanning tree in a directed graph was pro posed by McDonald et al (2005c)", 
    "clean_text": "Dependency tree parsing as the search for the maximum spanning tree in a directed graph was proposed by McDonald et al (2005c).", 
    "keep_for_gold": 0
  }, 
  {
    "citance_No": 19, 
    "citing_paper_id": "S12-1058", 
    "citing_paper_authority": 0, 
    "citing_paper_authors": "Zhijun, Wu | Xuan, Wang | Xinxin, Li", 
    "raw_text": "The formulation works by defining in McDonald et al (2005a)", 
    "clean_text": "The formulation works by defining in McDonald et al (2005a).", 
    "keep_for_gold": 0
  }, 
  {
    "citance_No": 20, 
    "citing_paper_id": "D12-1102", 
    "citing_paper_authority": 2, 
    "citing_paper_authors": "Vivek, Srikumar | Gourab, Kundu | Dan, Roth", 
    "raw_text": "The standard approach to framing dependency parsing as an integer linear program was introduced by (Riedel and Clarke, 2006), who converted the MST parser of (McDonald et al 2005) to use ILP for inference. The key idea is to build a complete graph consisting of tokens of the sentence where each edge is weighted by a learned scoring function", 
    "clean_text": "The standard approach to framing dependency parsing as an integer linear program was introduced by (Riedel and Clarke, 2006), who converted the MST parser of (McDonald et al 2005) to use ILP for inference. The key idea is to build a complete graph consisting of tokens of the sentence where each edge is weighted by a learned scoring function.", 
    "keep_for_gold": 1
  }
]
