[
  {
    "citance_No": 1, 
    "citing_paper_id": "P11-1081", 
    "citing_paper_authority": 5, 
    "citing_paper_authors": "Ryu, Iida | Massimo, Poesio", 
    "raw_text": "They adopted the BACT learning algorithm (Kudo and Matsumoto, 2004) to effectively learn subtrees useful for both antecedent identification and zero pronoun detection", 
    "clean_text": "They adopted the BACT learning algorithm (Kudo and Matsumoto, 2004) to effectively learn subtrees useful for both antecedent identification and zero pronoun detection.", 
    "keep_for_gold": 1
  }, 
  {
    "citance_No": 2, 
    "citing_paper_id": "W10-2927", 
    "citing_paper_authority": 1, 
    "citing_paper_authors": "Yoav, Goldberg | Michael, Elhadad", 
    "raw_text": "The details of the algorithm and its efficient implementation are given in (Kudo and Matsumoto, 2004)", 
    "clean_text": "The details of the algorithm and its efficient implementation are given in (Kudo and Matsumoto, 2004).", 
    "keep_for_gold": 0
  }, 
  {
    "citance_No": 3, 
    "citing_paper_id": "W08-2103", 
    "citing_paper_authority": 2, 
    "citing_paper_authors": "Tomoya, Iwakura | Seishi, Okamoto", 
    "raw_text": "In contrast, this boosting-based rule learner learns a final hypothesis that is a subset of candidate rules (Kudo and Matsumoto, 2004)", 
    "clean_text": "In contrast, this boosting-based rule learner learns a final hypothesis that is a subset of candidate rules (Kudo and Matsumoto, 2004).", 
    "keep_for_gold": 0
  }, 
  {
    "citance_No": 4, 
    "citing_paper_id": "P06-2080", 
    "citing_paper_authority": 6, 
    "citing_paper_authors": "Minh Le, Nguyen | Akira, Shimazu | Xuan-Hieu, Phan", 
    "raw_text": "We need to define a learning function for classifying a tree structure to two labels +1 and -1.For this problem, we can apply a boosting technique presented in (Kudo and Matsumoto, 2004)", 
    "clean_text": "For this problem, we can apply a boosting technique presented in (Kudo and Matsumoto, 2004).", 
    "keep_for_gold": 0
  }, 
  {
    "citance_No": 5, 
    "citing_paper_id": "P09-1073", 
    "citing_paper_authority": 2, 
    "citing_paper_authors": "Ryu, Iida | Kentaro, Inui | Yuji, Matsumoto", 
    "raw_text": "Note that for simplicity we use bag-of-functional words and their part-of-speech intervening between a zero-pronoun and its candidate antecedent as features instead of learning syntactic patterns with the Bactalgorithm (Kudo and Matsumoto, 2004)", 
    "clean_text": "Note that for simplicity we use bag-of-functional words and their part-of-speech intervening between a zero-pronoun and its candidate antecedent as features instead of learning syntactic patterns with the Bact algorithm (Kudo and Matsumoto, 2004).", 
    "keep_for_gold": 0
  }, 
  {
    "citance_No": 6, 
    "citing_paper_id": "P06-1079", 
    "citing_paper_authority": 9, 
    "citing_paper_authors": "Ryu, Iida | Kentaro, Inui | Yuji, Matsumoto", 
    "raw_text": "posed by Kudo and Matsumoto (2004) is designed to learn subtrees useful for classification. Leaving the question of selecting learning algorithms open, in our experiments, we have sofar examined Kudo and Matsumoto (2004)? s algorithm, which is implemented as the BACT sys tem6", 
    "clean_text": "posed by Kudo and Matsumoto (2004) is designed to learn subtrees useful for classification.", 
    "keep_for_gold": 0
  }, 
  {
    "citance_No": 7, 
    "citing_paper_id": "P09-1093", 
    "citing_paper_authority": 0, 
    "citing_paper_authors": "Tsutomu, Hirao | Jun, Suzuki | Hideki, Isozaki", 
    "raw_text": "Therefore, in order to identify word dependencies, we followed Kudo? s rule (Kudo and Matsumoto, 2004) the original sentence", 
    "clean_text": "Therefore, in order to identify word dependencies, we followed Kudo' s rule (Kudo and Matsumoto, 2004) the original sentence.", 
    "keep_for_gold": 0
  }, 
  {
    "citance_No": 8, 
    "citing_paper_id": "W05-1513", 
    "citing_paper_authority": 24, 
    "citing_paper_authors": "Kenji, Sagae | Alon, Lavie", 
    "raw_text": "This may be accomplished with SVMs 131 using a tree kernel, or the tree boosting classifier BACT described in (Kudo and Matsumoto, 2004)", 
    "clean_text": "This may be accomplished with SVMs 131 using a tree kernel, or the tree boosting classifier BACT described in (Kudo and Matsumoto, 2004).", 
    "keep_for_gold": 0
  }, 
  {
    "citance_No": 9, 
    "citing_paper_id": "D09-1130", 
    "citing_paper_authority": 9, 
    "citing_paper_authors": "Minwoo, Jeong | Chin-Yew, Lin | Gary Geunbae, Lee", 
    "raw_text": "To exploit subtree features in our model, we use a subtree pattern mining method proposed byKudo and Matsumoto (2004)", 
    "clean_text": "To exploit subtree features in our model, we use a subtree pattern mining method proposed by Kudo and Matsumoto (2004).", 
    "keep_for_gold": 0
  }, 
  {
    "citance_No": 10, 
    "citing_paper_id": "D09-1130", 
    "citing_paper_authority": 9, 
    "citing_paper_authors": "Minwoo, Jeong | Chin-Yew, Lin | Gary Geunbae, Lee", 
    "raw_text": "Even though the approach in Kudo and Matsumoto (2004) and ours are simiar, there are two clear distinctions", 
    "clean_text": "Even though the approach in Kudo and Matsumoto (2004) and ours are similar, there are two clear distinctions.", 
    "keep_for_gold": 0
  }, 
  {
    "citance_No": 11, 
    "citing_paper_id": "D09-1130", 
    "citing_paper_authority": 9, 
    "citing_paper_authors": "Minwoo, Jeong | Chin-Yew, Lin | Gary Geunbae, Lee", 
    "raw_text": "To learn subtree features, Kudo and Matsumoto (2004) assumed supervised data{ (x i, y i)}", 
    "clean_text": "To learn subtree features, Kudo and Matsumoto (2004) assumed supervised data{ (x i, y i)}.", 
    "keep_for_gold": 0
  }, 
  {
    "citance_No": 12, 
    "citing_paper_id": "D09-1130", 
    "citing_paper_authority": 9, 
    "citing_paper_authors": "Minwoo, Jeong | Chin-Yew, Lin | Gary Geunbae, Lee", 
    "raw_text": "Model SWBD MRDA MAXENT 92.76 (63.54) 82.48 (57.19) BOW 91.32 (54.47) 82.17 (55.42) NGRAM 92.60 (58.43) 83.30 (57.53) +POSTAG 92.69 (60.07) 83.60 (58.46) +DEPTREE 92.67 (61.75)? 83.57 (57.45) +SPEAKER? 92.86 (63.13) 83.40 (58.20) ALL? 92.87 (63.77) 83.49 (59.04) The subtree set is efficiently enumerated using a branch-and-bound procedure based on? (t) (Kudo and Matsumoto, 2004)", 
    "clean_text": "", 
    "keep_for_gold": 0
  }, 
  {
    "citance_No": 13, 
    "citing_paper_id": "C08-1111", 
    "citing_paper_authority": 8, 
    "citing_paper_authors": "Ryoko, Tokuhisa | Kentaro, Inui | Yuji, Matsumoto", 
    "raw_text": "80 8.0% Positive child education Positive cost Negative SUBJECT increase Figure 3: An example of a word-polarity lattice Various methods have already been proposed for sentiment polarity classification, ranging from theuse of co-occurrence with typical positive and negative words (Turney, 2002) to bag of words (Pang et al, 2002) and dependency structure (Kudo and Matsumoto, 2004)", 
    "clean_text": "An example of a word-polarity lattice Various methods have already been proposed for sentiment polarity classification, ranging from the use of co-occurrence with typical positive and negative words (Turney, 2002) to bag of words (Pang et al, 2002) and dependency structure (Kudo and Matsumoto, 2004).", 
    "keep_for_gold": 0
  }, 
  {
    "citance_No": 14, 
    "citing_paper_id": "P05-1024", 
    "citing_paper_authority": 21, 
    "citing_paper_authors": "Taku, Kudo | Jun, Suzuki | Hideki, Isozaki", 
    "raw_text": "To solve the problem efficiently, we now adopt a variant of the branch-and-bound algorithm, similar to that described in (Kudo and Matsumoto, 2004) 4.1 Efficient Enumeration of Trees", 
    "clean_text": "To solve the problem efficiently, we now adopt a variant of the branch-and-bound algorithm, similar to that described in (Kudo and Matsumoto, 2004).", 
    "keep_for_gold": 0
  }, 
  {
    "citance_No": 15, 
    "citing_paper_id": "D07-1114", 
    "citing_paper_authority": 31, 
    "citing_paper_authors": "Nozomi, Kobayashi | Kentaro, Inui | Yuji, Matsumoto", 
    "raw_text": "Among various classifier induction algorithms for tree-structured data, in our experiments, we have sofar examined Kudo and Matsumoto (2004)? s algorithm, packaged as a free software named BACT.Given a set of training examples represented as ordered trees labeled either positive or negative class, this algorithm learns a list of weighted decision stumps as a discrimination function with the Boosting algorithm", 
    "clean_text": "Among various classifier induction algorithms for tree-structured data, in our experiments, we have so far examined Kudo and Matsumoto (2004)'s algorithm, packaged as a free software named BACT.", 
    "keep_for_gold": 0
  }, 
  {
    "citance_No": 16, 
    "citing_paper_id": "C10-2047", 
    "citing_paper_authority": 0, 
    "citing_paper_authors": "Toru, Hirano | Hisako, Asano | Yoshihiro, Matsuo | Genichiro, Kikui", 
    "raw_text": "These features are organized as a tree structure and are fed into a boosting-based classification algorithm (Kudo and Matsumoto, 2004)", 
    "clean_text": "These features are organized as a tree structure and are fed into a boosting-based classification algorithm (Kudo and Matsumoto, 2004).", 
    "keep_for_gold": 0
  }
]
