[
  {
    "citance_No": 1, 
    "citing_paper_id": "N10-1062", 
    "citing_paper_authority": 9, 
    "citing_paper_authors": "Abby, Levenberg | Chris, Callison-Burch | Miles, Osborne", 
    "raw_text": "We used Joshua (Li et al., 2009), a syntax-based decoder with a suffix array implementation, and rule induction via the standard Hiero grammar extraction heuristics (Chiang, 2007) for the TMs", 
    "clean_text": "We used Joshua (Li et al., 2009), a syntax-based decoder with a suffix array implementation, and rule induction via the standard Hiero grammar extraction heuristics (Chiang, 2007) for the TMs.", 
    "keep_for_gold": 0
  }, 
  {
    "citance_No": 2, 
    "citing_paper_id": "P12-1107", 
    "citing_paper_authority": 11, 
    "citing_paper_authors": "Sander, Wubben | Antal, van den Bosch | Emiel, Krahmer", 
    "raw_text": "Although the comparison against the Zhu system, which uses syntax-driven machine translation, shows no clear benefit for syntax-based machine translation, it may still be the case that approaches such as Hiero (Chiang et al, 2005) and Joshua (Li et al, 2009), enhanced by dissimilarity based re-ranking, would improve over our current system", 
    "clean_text": "Although the comparison against the Zhu system, which uses syntax-driven machine translation, shows no clear benefit for syntax-based machine translation, it may still be the case that approaches such as Hiero (Chiang et al, 2005) and Joshua (Li et al, 2009), enhanced by dissimilarity based re-ranking, would improve over our current system.", 
    "keep_for_gold": 0
  }, 
  {
    "citance_No": 3, 
    "citing_paper_id": "C10-2075", 
    "citing_paper_authority": 2, 
    "citing_paper_authors": "Zhifei, Li | Ziyuan, Wang | Sanjeev P., Khudanpur | Jason M., Eisner", 
    "raw_text": "We see promising improvements over an n-gram LM for a solid Joshua-based baseline system (Li et al, 2009)", 
    "clean_text": "We see promising improvements over an n-gram LM for a solid Joshua-based baseline system (Li et al, 2009).", 
    "keep_for_gold": 0
  }, 
  {
    "citance_No": 4, 
    "citing_paper_id": "P10-1086", 
    "citing_paper_authority": 3, 
    "citing_paper_authors": "Boxing, Chen | George, Foster | Roland, Kuhn", 
    "raw_text": "We use the Joshua implementation of the method for decoding (Li et al, 2009)", 
    "clean_text": "We use the Joshua implementation of the method for decoding (Li et al, 2009).", 
    "keep_for_gold": 0
  }, 
  {
    "citance_No": 5, 
    "citing_paper_id": "W12-0115", 
    "citing_paper_authority": 0, 
    "citing_paper_authors": "Christian, Federmann", 
    "raw_text": "Our hybrid machine translation system combines translation output from: a) the Lucy RBMT system, described in more detail in (Alonso and Thurmair, 2003), and b) one or several other MT systems ,e.g. Moses (Koehn et al, 2007), or Joshua (Li et al., 2009)", 
    "clean_text": "Our hybrid machine translation system combines translation output from: a) the Lucy RBMT system, described in more detail in (Alonso and Thurmair, 2003), and b) one or several other MT systems, e.g. Moses (Koehn et al, 2007), or Joshua (Li et al., 2009).", 
    "keep_for_gold": 0
  }, 
  {
    "citance_No": 6, 
    "citing_paper_id": "W11-1011", 
    "citing_paper_authority": 2, 
    "citing_paper_authors": "Greg, Hanneman | Alon, Lavie", 
    "raw_text": "Decoding is carried out with Joshua (Li et al, 2009), an open-source platform for SCFG-based MT. Due to engineering limitations in decoding witha large grammar, we apply three additional error correction and filtering steps to every system", 
    "clean_text": "Decoding is carried out with Joshua (Li et al, 2009), an open-source platform for SCFG-based MT. Due to engineering limitations in decoding with a large grammar, we apply three additional error correction and filtering steps to every system.", 
    "keep_for_gold": 0
  }, 
  {
    "citance_No": 7, 
    "citing_paper_id": "W10-3813", 
    "citing_paper_authority": 0, 
    "citing_paper_authors": "Yanjun, Ma | Andy, Way", 
    "raw_text": "A Hiero-style decoder Joshua (Li et al, 2009) is also used in our experiments", 
    "clean_text": "A Hiero-style decoder Joshua (Li et al, 2009) is also used in our experiments.", 
    "keep_for_gold": 0
  }, 
  {
    "citance_No": 8, 
    "citing_paper_id": "P10-1088", 
    "citing_paper_authority": 8, 
    "citing_paper_authors": "Michael, Bloodgood | Chris, Callison-Burch", 
    "raw_text": "However, it would be artificial to ignore dictionary resources when they exist. We experiment with two translation models: hierarchical phrase-based translation (Chiang, 2007) and syntax augmented translation (Zollmann and Venugopal, 2006), both of which are implemented in the Joshua decoder (Li et al, 2009)", 
    "clean_text": "However, it would be artificial to ignore dictionary resources when they exist. We experiment with two translation models: hierarchical phrase-based translation (Chiang, 2007) and syntax augmented translation (Zollmann and Venugopal, 2006), both of which are implemented in the Joshua decoder (Li et al, 2009).", 
    "keep_for_gold": 0
  }, 
  {
    "citance_No": 9, 
    "citing_paper_id": "W10-2915", 
    "citing_paper_authority": 3, 
    "citing_paper_authors": "Markos, Mylonakis | Khalil, Sima'an", 
    "raw_text": "Yet, our best system exhibits Hiero-levelperformance on French-English Europarl data using an SCFG-based decoder (Li et al, 2009)", 
    "clean_text": "Yet, our best system exhibits Hiero-level performance on French-English Europarl data using an SCFG-based decoder (Li et al, 2009).", 
    "keep_for_gold": 0
  }, 
  {
    "citance_No": 10, 
    "citing_paper_id": "W10-2915", 
    "citing_paper_authority": 3, 
    "citing_paper_authors": "Markos, Mylonakis | Khalil, Sima'an", 
    "raw_text": "We use our learned stochastic SCFG grammar with the decoding component of the Joshua SCFG toolkit (Liet al, 2009)", 
    "clean_text": "We use our learned stochastic SCFG grammar with the decoding component of the Joshua SCFG toolkit (Liet al, 2009).", 
    "keep_for_gold": 0
  }, 
  {
    "citance_No": 11, 
    "citing_paper_id": "W10-1738", 
    "citing_paper_authority": 18, 
    "citing_paper_authors": "David, Vilar | Daniel, Stein | Matthias, Huck | Hermann, Ney", 
    "raw_text": "Joshua (Li et al, 2009): A decoder written in Java by the John Hopkins University", 
    "clean_text": "Joshua (Li et al, 2009): A decoder written in Java by the John Hopkins University.", 
    "keep_for_gold": 0
  }, 
  {
    "citance_No": 12, 
    "citing_paper_id": "W11-2107", 
    "citing_paper_authority": 56, 
    "citing_paper_authors": "Michael, Denkowski | Alon, Lavie", 
    "raw_text": "The 2011 WMT Tunable Metrics task consists of using Z-MERT (Zaidan, 2009) to tune a pre-built Urdu-English Joshua (Li et al, 2009) system to anew evaluation metric on a tuning set with 4 reference translations and decoding a test set using the resulting parameter set", 
    "clean_text": "The 2011 WMT Tunable Metrics task consists of using Z-MERT (Zaidan, 2009) to tune a pre-built Urdu-English Joshua (Li et al, 2009) system to a new evaluation metric on a tuning set with 4 reference translations and decoding a test set using the resulting parameter set.", 
    "keep_for_gold": 0
  }, 
  {
    "citance_No": 13, 
    "citing_paper_id": "W11-2143", 
    "citing_paper_authority": 0, 
    "citing_paper_authors": "Greg, Hanneman | Alon, Lavie", 
    "raw_text": "Decoding was carried out in Joshua (Li et al, 2009), an open-source framework for parsing-based MT. We managed our experiments with LoonyBin (ClarkandLavie, 2010), an open-source tool for defining, modifying, and running complex experimental pipelines", 
    "clean_text": "Decoding was carried out in Joshua (Li et al, 2009), an open-source framework for parsing-based MT. We managed our experiments with LoonyBin (ClarkandLavie, 2010), an open-source tool for defining, modifying, and running complex experimental pipelines.", 
    "keep_for_gold": 0
  }, 
  {
    "citance_No": 14, 
    "citing_paper_id": "N10-1014", 
    "citing_paper_authority": 7, 
    "citing_paper_authors": "Adam, Pauls | Dan, Klein | David, Chiang | Kevin, Knight", 
    "raw_text": "The unlabeled data was subsampled (Li et al, 2009) from a larger corpus by selecting sentences which have good tune and test set coverage, and limited to sentences of length atmost 40", 
    "clean_text": "The unlabeled data was subsampled (Li et al, 2009) from a larger corpus by selecting sentences which have good tune and test set coverage, and limited to sentences of length at most 40.", 
    "keep_for_gold": 0
  }, 
  {
    "citance_No": 15, 
    "citing_paper_id": "D11-1085", 
    "citing_paper_authority": 0, 
    "citing_paper_authors": "Zhifei, Li | Ziyuan, Wang | Jason M., Eisner | Sanjeev P., Khudanpur | Brian, Roark", 
    "raw_text": "We perform experiments using the open-source MT toolkit Joshua (Li et al, 2009a), and show that adding unsupervised data to the traditional super vised training setup improves performance", 
    "clean_text": "We perform experiments using the open-source MT toolkit Joshua (Li et al, 2009a), and show that adding unsupervised data to the traditional supervised training setup improves performance.", 
    "keep_for_gold": 0
  }, 
  {
    "citance_No": 16, 
    "citing_paper_id": "D11-1085", 
    "citing_paper_authority": 0, 
    "citing_paper_authors": "Zhifei, Li | Ziyuan, Wang | Jason M., Eisner | Sanjeev P., Khudanpur | Brian, Roark", 
    "raw_text": "Weperform experiments with the syntax-based MT system Joshua (Li et al, 2009a), which implements dynamic programming algorithms for second-order expectation semi rings (Li and Eisner, 2009) to efficiently compute the gradients needed for optimizing (8)", 
    "clean_text": "We perform experiments with the syntax-based MT system Joshua (Li et al, 2009a), which implements dynamic programming algorithms for second-order expectation semi rings (Li and Eisner, 2009) to efficiently compute the gradients needed for optimizing (8).", 
    "keep_for_gold": 1
  }, 
  {
    "citance_No": 17, 
    "citing_paper_id": "D11-1085", 
    "citing_paper_authority": 0, 
    "citing_paper_authors": "Zhifei, Li | Ziyuan, Wang | Jason M., Eisner | Sanjeev P., Khudanpur | Brian, Roark", 
    "raw_text": "While (a) is not true in our setting because Xi is a hyper graph (which is ambiguous), Li et al (2009b) show how to approximate a hyper graph representation of p? (x |yi) by an unambiguous WFSA", 
    "clean_text": "While (a) is not true in our setting because Xi is a hyper graph (which is ambiguous), Li et al (2009b) show how to approximate a hyper graph representation of p (x |yi) by an unambiguous WFSA.", 
    "keep_for_gold": 0
  }, 
  {
    "citance_No": 18, 
    "citing_paper_id": "D11-1085", 
    "citing_paper_authority": 0, 
    "citing_paper_authors": "Zhifei, Li | Ziyuan, Wang | Jason M., Eisner | Sanjeev P., Khudanpur | Brian, Roark", 
    "raw_text": "We report results on Chinese-to-English translation tasks using Joshua (Li et al, 2009a), an open-source implementation of Hiero (Chiang, 2007)", 
    "clean_text": "We report results on Chinese-to-English translation tasks using Joshua (Li et al, 2009a), an open-source implementation of Hiero (Chiang, 2007).", 
    "keep_for_gold": 0
  }, 
  {
    "citance_No": 19, 
    "citing_paper_id": "W10-1732", 
    "citing_paper_authority": 0, 
    "citing_paper_authors": "Daniel, Zeman", 
    "raw_text": "We use Joshua, a Java-based open source implementation of the hierarchical decoder (Li et al, 2009), release 1.1.1 Word alignment was computed using the first three steps of the train-factored-phrase model.perl script packed with Moses2 (Koehn et al., 2007)", 
    "clean_text": "We use Joshua, a Java-based open source implementation of the hierarchical decoder (Li et al, 2009), release 1.1.1 Word alignment was computed using the first three steps of the train-factored-phrase model.perl script packed with Moses2 (Koehn et al., 2007).", 
    "keep_for_gold": 0
  }, 
  {
    "citance_No": 20, 
    "citing_paper_id": "W11-2160", 
    "citing_paper_authority": 10, 
    "citing_paper_authors": "Jonathan, Weese | Juri, Ganitkevitch | Chris, Callison-Burch | Matt, Post | Adam, Lopez", 
    "raw_text": "In modern machine translation systems such as Joshua (Li et al, 2009) and cdec (Dyer et al, 2010), a translation model is represented as a synchronous context-free grammar (SCFG)", 
    "clean_text": "In modern machine translation systems such as Joshua (Li et al, 2009) and cdec (Dyer et al, 2010), a translation model is represented as a synchronous context-free grammar (SCFG).", 
    "keep_for_gold": 0
  }
]
