[
  {
    "citance_No": 1, 
    "citing_paper_id": "P07-1053", 
    "citing_paper_authority": 5, 
    "citing_paper_authors": "Anindya, Ghose | Panagiotis, Ipeirotis | Arun, Sundararajan", 
    "raw_text": "Similarly, Snyder and Barzilay (2007) decompose an opinion across several dimensions and capture the sentiment across each dimension", 
    "clean_text": "Similarly, Snyder and Barzilay (2007) decompose an opinion across several dimensions and capture the sentiment across each dimension.", 
    "keep_for_gold": 0
  }, 
  {
    "citance_No": 2, 
    "citing_paper_id": "P08-1036", 
    "citing_paper_authority": 40, 
    "citing_paper_authors": "Ivan, Titov | Ryan, McDonald", 
    "raw_text": "However, it has been observed that ratings for different aspects can be correlated (Snyder and Barzilay, 2007) ,e.g., very negative opinion about room cleanliness is likely to result not only in a low rating for the aspect rooms, but also is very predictive of low ratings for the aspects service and dining", 
    "clean_text": "However, it has been observed that ratings for different aspects can be correlated (Snyder and Barzilay, 2007), e.g., very negative opinion about room cleanliness is likely to result not only in a low rating for the aspect rooms, but also is very predictive of low ratings for the aspects service and dining.", 
    "keep_for_gold": 0
  }, 
  {
    "citance_No": 3, 
    "citing_paper_id": "W08-0122", 
    "citing_paper_authority": 2, 
    "citing_paper_authors": "Swapna, Somasundaran | Josef, Ruppenhofer | Janyce, Wiebe", 
    "raw_text": "Polanyi and Zaenen (2006), in their discussion on contextual valence shifters, have also observed the phenomena described in this work namely that a central topic may be divided into subtopics in order to perform evaluations, and that discourse structure can influence the overall interpretation of valence. Snyder and Barzilay (2007) combine an agreement model based on contrastive RST relations witha local aspect (or target) model to make a more in formed overall decision for sentiment classification. The contrastive cue indicates a change in the sentiment polarity", 
    "clean_text": "Snyder and Barzilay (2007) combine an agreement model based on contrastive RST relations with a local aspect (or target) model to make a more informed overall decision for sentiment classification.", 
    "keep_for_gold": 1
  }, 
  {
    "citance_No": 4, 
    "citing_paper_id": "N10-1122", 
    "citing_paper_authority": 27, 
    "citing_paper_authors": "Samuel, Brody | No&eacute;mie, Elhadad", 
    "raw_text": "Also, it would be interesting to take a closer look at the interactions between aspect and sentiment, especially at a multiple-sentence level (see Snyder and Barzilay 2007)", 
    "clean_text": "Also, it would be interesting to take a closer look at the interactions between aspect and sentiment, especially at a multiple-sentence level (see Snyder and Barzilay 2007).", 
    "keep_for_gold": 0
  }, 
  {
    "citance_No": 5, 
    "citing_paper_id": "D10-1037", 
    "citing_paper_authority": 4, 
    "citing_paper_authors": "Christina, Sauper | Aria, Haghighi | Regina, Barzilay", 
    "raw_text": "In a multi-aspect setting, however, information about the sentence topic is required to determine the aspect to whicha sentiment-bearing word relates (Snyder and Barzilay, 2007)", 
    "clean_text": "In a multi-aspect setting, however, information about the sentence topic is required to determine the aspect to which a sentiment-bearing word relates (Snyder and Barzilay, 2007).", 
    "keep_for_gold": 0
  }, 
  {
    "citance_No": 6, 
    "citing_paper_id": "D10-1037", 
    "citing_paper_authority": 4, 
    "citing_paper_authors": "Christina, Sauper | Aria, Haghighi | Regina, Barzilay", 
    "raw_text": "Our first task is a multi-aspect sentiment analysis task, where a system predicts the aspect-specific sentiment ratings (Snyder and Barzilay, 2007)", 
    "clean_text": "Our first task is a multi-aspect sentiment analysis task, where a system predicts the aspect-specific sentiment ratings (Snyder and Barzilay, 2007).", 
    "keep_for_gold": 0
  }, 
  {
    "citance_No": 7, 
    "citing_paper_id": "D10-1037", 
    "citing_paper_authority": 4, 
    "citing_paper_authors": "Christina, Sauper | Aria, Haghighi | Regina, Barzilay", 
    "raw_text": "Multi-Aspect Sentiment Ranking The goal of multi-aspect sentiment classification is to predict a set of numeric ranks that reflects the user satisfaction for each aspect (Snyder and Barzilay, 2007)", 
    "clean_text": "The goal of multi-aspect sentiment classification is to predict a set of numeric ranks that reflects the user satisfaction for each aspect (Snyder and Barzilay, 2007).", 
    "keep_for_gold": 0
  }, 
  {
    "citance_No": 8, 
    "citing_paper_id": "D11-1014", 
    "citing_paper_authority": 57, 
    "citing_paper_authors": "Richard, Socher | Jeffrey, Pennington | Eric H., Huang | Andrew Y., Ng | Christopher D., Manning", 
    "raw_text": "Examples are movie reviews (Pang and Lee, 2005), opinions (Wiebe et al., 2005), customer reviews (Ding et al, 2008) or multiple aspects of restaurants (Snyder and Barzilay,2007)", 
    "clean_text": "Examples are movie reviews (Pang and Lee, 2005), opinions (Wiebe et al., 2005), customer reviews (Ding et al, 2008) or multiple aspects of restaurants (Snyder and Barzilay, 2007).", 
    "keep_for_gold": 0
  }, 
  {
    "citance_No": 9, 
    "citing_paper_id": "D11-1014", 
    "citing_paper_authority": 57, 
    "citing_paper_authors": "Richard, Socher | Jeffrey, Pennington | Eric H., Huang | Andrew Y., Ng | Christopher D., Manning", 
    "raw_text": "In multi-aspect rating (Snyder and Barzilay, 2007) one finds several distinct aspects such as food or service in a restaurant and then rates them on a fixed linear scale such as 1-5 stars, where all aspects could obtain just 1 star or all aspects could obtain 5 stars independently", 
    "clean_text": "In multi-aspect rating (Snyder and Barzilay, 2007) one finds several distinct aspects such as food or service in a restaurant and then rates them on a fixed linear scale such as 1-5 stars, where all aspects could obtain just 1 star or all aspects could obtain 5 stars independently.", 
    "keep_for_gold": 0
  }, 
  {
    "citance_No": 10, 
    "citing_paper_id": "C10-1008", 
    "citing_paper_authority": 1, 
    "citing_paper_authors": "Adrian, Bickerstaffe | Ingrid, Zukerman", 
    "raw_text": "We also propose to consider aspects of reviews (Snyder and Barzilay,2007), and investigate other methods that measure class similarity, such as selecting typical in stances (Zhang, 1992)", 
    "clean_text": "We also propose to consider aspects of reviews (Snyder and Barzilay, 2007), and investigate other methods that measure class similarity, such as selecting typical in stances (Zhang, 1992).", 
    "keep_for_gold": 0
  }, 
  {
    "citance_No": 11, 
    "citing_paper_id": "C10-1039", 
    "citing_paper_authority": 10, 
    "citing_paper_authors": "Kavita, Ganesan | ChengXiang, Zhai | Jiawei, Han", 
    "raw_text": "Most existing work in Opin ion Summarization focus on predicting sentiment orientation on an entity (Pang et al, 2002) (Pang and Lee, 2004) or attempt to generate aspect-based ratings for that entity (Snyder and Barzilay, 2007) (Lu et al, 2009) (Lerman et al, 2009) (TitovandMcdonald, 2008)", 
    "clean_text": "", 
    "keep_for_gold": 0
  }, 
  {
    "citance_No": 12, 
    "citing_paper_id": "C08-1101", 
    "citing_paper_authority": 14, 
    "citing_paper_authors": "Swapna, Somasundaran | Janyce, Wiebe | Josef, Ruppenhofer", 
    "raw_text": "Snyder and Barzilay (2007) combine an agreement model based on contrastive RSTrelations with a local aspect model to make a more informed overall decision for sentiment classification", 
    "clean_text": "", 
    "keep_for_gold": 0
  }
]
