[
  {
    "citance_No": 1, 
    "citing_paper_id": "C04-1080", 
    "citing_paper_authority": 26, 
    "citing_paper_authors": "Michele, Banko | Robert C., Moore", 
    "raw_text": "Recently, Toutanova et al (2003) presented a supervised conditional Markov Model part-of-speech tagger (CMM) which exploited information coming from both left and right contexts", 
    "clean_text": "Recently, Toutanova et al (2003) presented a supervised conditional Markov Model part-of-speech tagger (CMM) which exploited information coming from both left and right contexts.", 
    "keep_for_gold": 1
  }, 
  {
    "citance_No": 2, 
    "citing_paper_id": "C04-1080", 
    "citing_paper_authority": 26, 
    "citing_paper_authors": "Michele, Banko | Robert C., Moore", 
    "raw_text": "The algorithms were trained and tested using version 3 of the Penn Treebank, using the training, development, and test split described in Collins (2002) and also employed by Toutanova et al (2003) in testing their supervised tagging algorithm", 
    "clean_text": "The algorithms were trained and tested using version 3 of the Penn Treebank, using the training, development, and test split described in Collins (2002) and also employed by Toutanova et al (2003) in testing their supervised tagging algorithm.", 
    "keep_for_gold": 0
  }, 
  {
    "citance_No": 3, 
    "citing_paper_id": "C04-1080", 
    "citing_paper_authority": 26, 
    "citing_paper_authors": "Michele, Banko | Robert C., Moore", 
    "raw_text": "In the future, we will consider making an increase the context-size, which helped Toutanova et al (2003)", 
    "clean_text": "In the future, we will consider making an increase the context-size, which helped Toutanova et al (2003).", 
    "keep_for_gold": 0
  }, 
  {
    "citance_No": 4, 
    "citing_paper_id": "P14-2090", 
    "citing_paper_authority": 0, 
    "citing_paper_authors": "Yusuke, Oda | Graham, Neubig | Sakriani, Sakti | Tomoki, Toda | Satoshi, Nakamura", 
    "raw_text": "We use the Stanford POS Tagger (Toutanova et al, 2003) to tokenize and POS tag English and German sentences, and KyTea (Neubig et al,2011) to tokenize Japanese sentences", 
    "clean_text": "We use the Stanford POS Tagger (Toutanova et al, 2003) to tokenize and POS tag English and German sentences.", 
    "keep_for_gold": 0
  }, 
  {
    "citance_No": 5, 
    "citing_paper_id": "E12-1038", 
    "citing_paper_authority": 1, 
    "citing_paper_authors": "Hyeju, Jang | Jack, Mostow", 
    "raw_text": "We then obtain their POS N-grams from the Stanford POS tagger (Toutanova et al 2003), and count how many of them have the POS N-gram p. 3.4 Reducing POS N-gram sparseness", 
    "clean_text": "We then obtain their POS N-grams from the Stanford POS tagger (Toutanova et al 2003), and count how many of them have the POS N-gram.", 
    "keep_for_gold": 0
  }, 
  {
    "citance_No": 6, 
    "citing_paper_id": "P12-2003", 
    "citing_paper_authority": 3, 
    "citing_paper_authors": "Valentin I., Spitkovsky | Wanxiang, Che | Ting, Liu", 
    "raw_text": "We used the Stanford tagger (Toutanova et al, 2003 )v3.1, with the MEMMmodel,4 in combination with 10-wayjackknifing.5 Word lemmas? which are generalizations of words? are another feature known to be useful for dependency parsing", 
    "clean_text": "We used the Stanford tagger (Toutanova et al, 2003 ) v3.1, with the MEMM model.", 
    "keep_for_gold": 0
  }, 
  {
    "citance_No": 7, 
    "citing_paper_id": "N10-1129", 
    "citing_paper_authority": 12, 
    "citing_paper_authors": "Spence, Green | Michel, Galley | Christopher D., Manning", 
    "raw_text": "For the discriminative distortion models, we tag the pre-processed input using the log-linear POS tagger of Toutanova et al (2003)", 
    "clean_text": "For the discriminative distortion models, we tag the pre-processed input using the log-linear POS tagger of Toutanova et al (2003).", 
    "keep_for_gold": 0
  }, 
  {
    "citance_No": 8, 
    "citing_paper_id": "C10-1045", 
    "citing_paper_authority": 16, 
    "citing_paper_authors": "Spence, Green | Christopher D., Manning", 
    "raw_text": "We use the log-linear tagger of Toutanova et al (2003), which gives 96.8% accuracy on the test set", 
    "clean_text": "We use the log-linear tagger of Toutanova et al (2003), which gives 96.8% accuracy on the test set.", 
    "keep_for_gold": 0
  }, 
  {
    "citance_No": 9, 
    "citing_paper_id": "P08-2012", 
    "citing_paper_authority": 24, 
    "citing_paper_authors": "Jenny Rose, Finkel | Christopher D., Manning", 
    "raw_text": "We also added part of speech (POS) tags to the data using the tagger of Toutanova et al (2003), and used the tags to decide if mentions were plural or singular", 
    "clean_text": "We also added part of speech (POS) tags to the data using the tagger of Toutanova et al (2003), and used the tags to decide if mentions were plural or singular.", 
    "keep_for_gold": 0
  }, 
  {
    "citance_No": 10, 
    "citing_paper_id": "W11-1515", 
    "citing_paper_authority": 3, 
    "citing_paper_authors": "Dong, Nguyen | Noah A., Smith | Carolyn Penstein, Ros&eacute;", 
    "raw_text": "Text is tagged using the Stanford POS tagger (Toutanova et al, 2003)", 
    "clean_text": "Text is tagged using the Stanford POS tagger (Toutanova et al, 2003).", 
    "keep_for_gold": 0
  }, 
  {
    "citance_No": 11, 
    "citing_paper_id": "D10-1080", 
    "citing_paper_authority": 0, 
    "citing_paper_authors": "Vladimir, Eidelman | Zhongqiang, Huang | Mary P., Harper", 
    "raw_text": "Decoding is per formed with the Viterbi algorithm. We also evaluate state-of-the-art Maximum Entropy taggers: the Stanford Left5 tagger (Toutanova and Manning, 2000) and the Stanford bidirectional tagger (Toutanova et al, 2003), with the former using only left context and the latter bidirectional de pendencies. Table 1 summarizes the major differences between the models along several dimensions: (1) generative versus discriminative, (2) directionality of decoding, (3) the presence or absence of latent annotations, (4) the availability of n-best extraction, and (5) the model order", 
    "clean_text": "Decoding is performed with the Viterbi algorithm. We also evaluate state-of-the-art Maximum Entropy taggers: the Stanford Left tagger (Toutanova and Manning, 2000).", 
    "keep_for_gold": 0
  }, 
  {
    "citance_No": 12, 
    "citing_paper_id": "P08-1052", 
    "citing_paper_authority": 13, 
    "citing_paper_authors": "Preslav, Nakov | Marti A., Hearst", 
    "raw_text": "We then perform POS tagging using the Stanford POS tagger (Toutanova et al, 2003) 1JWNL :http: //jwordnet.sourceforge.net Freq", 
    "clean_text": "We then perform POS tagging using the Stanford POS tagger (Toutanova et al, 2003).", 
    "keep_for_gold": 0
  }, 
  {
    "citance_No": 13, 
    "citing_paper_id": "P13-2112", 
    "citing_paper_authority": 0, 
    "citing_paper_authors": "Long, Duong | Paul, Cook | Steven, Bird | Pavel, Pecina", 
    "raw_text": "We tag the source language with the Stanford POS tagger (Toutanova et al, 2003)", 
    "clean_text": "We tag the source language with the Stanford POS tagger (Toutanova et al, 2003).", 
    "keep_for_gold": 0
  }, 
  {
    "citance_No": 14, 
    "citing_paper_id": "W07-1516", 
    "citing_paper_authority": 16, 
    "citing_paper_authors": "Eric K., Ringger | Peter, McClanahan | Robbie, Haertel | George, Busby | Marc, Carmen | James, Carroll | Kevin, Seppi | Deryle, Lonsdale", 
    "raw_text": "Theysur passed their earlier work in 2003 with a? cyclic dependency network tagger?, achieving 97.2% /89.05% (seen/unseen) (Toutanova et al, 2003)", 
    "clean_text": "They surpassed their earlier work in 2003 with acyclic dependency network tagger, achieving 97.2% /89.05% (seen/unseen) (Toutanova et al, 2003).", 
    "keep_for_gold": 0
  }, 
  {
    "citance_No": 15, 
    "citing_paper_id": "W11-0710", 
    "citing_paper_authority": 1, 
    "citing_paper_authors": "Dong, Nguyen | Carolyn Penstein, Ros&eacute;", 
    "raw_text": "Text was tagged using the Stanford POS tagger (Toutanova et al., 2003)", 
    "clean_text": "Text was tagged using the Stanford POS tagger (Toutanova et al., 2003).", 
    "keep_for_gold": 0
  }, 
  {
    "citance_No": 16, 
    "citing_paper_id": "P12-2028", 
    "citing_paper_authority": 5, 
    "citing_paper_authors": "Weiwei, Guo | Mona, Diab", 
    "raw_text": "All data is tokenized, POS tagged (Toutanova et al, 2003) and lemmatized, resulting in 341,557 sense definitions and 3,563,649 words", 
    "clean_text": "All data is tokenized, POS tagged (Toutanova et al, 2003) and lemmatized, resulting in 341,557 sense definitions and 3,563,649 words.", 
    "keep_for_gold": 0
  }, 
  {
    "citance_No": 17, 
    "citing_paper_id": "P07-1096", 
    "citing_paper_authority": 39, 
    "citing_paper_authors": "Libin, Shen | Giorgio, Satta | Aravind K., Joshi", 
    "raw_text": "Our system reports an error rate of 2.67% on the standard PTB test set, a relative 3.3% error reduction of the previous best system (Toutanova et al, 2003) by using fewer features", 
    "clean_text": "Our system reports an error rate of 2.67% on the standard PTB test set, a relative 3.3% error reduction of the previous best system (Toutanova et al, 2003) by using fewer features.", 
    "keep_for_gold": 0
  }, 
  {
    "citance_No": 18, 
    "citing_paper_id": "P07-1096", 
    "citing_paper_authority": 39, 
    "citing_paper_authors": "Libin, Shen | Giorgio, Satta | Aravind K., Joshi", 
    "raw_text": "Toutanova et al (2003) reported a POS tagger based on cyclic dependency network", 
    "clean_text": "Toutanova et al (2003) reported a POS tagger based on cyclic dependency network.", 
    "keep_for_gold": 0
  }, 
  {
    "citance_No": 19, 
    "citing_paper_id": "P07-1096", 
    "citing_paper_authority": 39, 
    "citing_paper_authors": "Libin, Shen | Giorgio, Satta | Aravind K., Joshi", 
    "raw_text": "766 System Beam Error% (Ratnaparkhi, 1996) 5 3.37 (Tsuruoka and Tsujii, 2005) 1 2.90 (Collins, 2002) 2.89 Guided Learning, feature B 3 2.85 (Tsuruoka and Tsujii, 2005) all 2.85 (Gime ?nez and Ma`rquez, 2004) 2.84 (Toutanova et al, 2003) 2.76 Guided Learning, feature E 1 2.73 Guided Learning, feature E 3 2.67 Table 4: Comparison with the previous works According to the experiments shown above, we build our best system by using feature set E with beam width B= 3", 
    "clean_text": "", 
    "keep_for_gold": 0
  }, 
  {
    "citance_No": 20, 
    "citing_paper_id": "P07-1096", 
    "citing_paper_authority": 39, 
    "citing_paper_authors": "Libin, Shen | Giorgio, Satta | Aravind K., Joshi", 
    "raw_text": "Compared to previous best result on the same dataset, 2.76% by (Toutanova et al, 2003), our best result shows a relative error reduction of 3.3%", 
    "clean_text": "Compared to previous best result on the same dataset, 2.76% by (Toutanova et al, 2003), our best result shows a relative error reduction of 3.3%.", 
    "keep_for_gold": 0
  }
]
