[
  {
    "citance_No": 1, 
    "citing_paper_id": "P04-3017", 
    "citing_paper_authority": 0, 
    "citing_paper_authors": "Akane, Yakushiji | Yuka, Tateisi | Yusuke, Miyao | Jun'ichi, Tsujii", 
    "raw_text": "Sudo et al (2003) acquired subtrees derived from dependency trees as extraction rules for IE in general domains", 
    "clean_text": "Sudo et al (2003) acquired subtrees derived from dependency trees as extraction rules for IE in general domains.", 
    "keep_for_gold": 0
  }, 
  {
    "citance_No": 2, 
    "citing_paper_id": "D11-1075", 
    "citing_paper_authority": 1, 
    "citing_paper_authors": "Cane Wing-ki, Leung | Jing, Jiang | Kian Ming A., Chai | Hai Leong, Chieu | Loo-Nin, Teow", 
    "raw_text": "For instance, Sudo et al (2003) and Sekine (2006) proposed different methods for automatic IE pattern acquisition for a given domain based on frequent subtree discovery in dependency parse trees", 
    "clean_text": "", 
    "keep_for_gold": 0
  }, 
  {
    "citance_No": 3, 
    "citing_paper_id": "C04-1127", 
    "citing_paper_authority": 2, 
    "citing_paper_authors": "Kiyoshi, Sudo | Satoshi, Sekine | Ralph, Grishman", 
    "raw_text": "The idea of a self-customizing IE system emerged recently with the improvement of pattern acquisition techniques (Sudo et al, 2003b), where the IE system customizes itself across domains given by the user? s query. Furthermore, there are demands for access to in formation in languages different from the user? s own", 
    "clean_text": "The idea of a self-customizing IE system emerged recently with the improvement of pattern acquisition techniques (Sudo et al, 2003b), where the IE system customizes itself across domains given by the user's query.", 
    "keep_for_gold": 0
  }, 
  {
    "citance_No": 4, 
    "citing_paper_id": "C04-1127", 
    "citing_paper_authority": 2, 
    "citing_paper_authors": "Kiyoshi, Sudo | Satoshi, Sekine | Ralph, Grishman", 
    "raw_text": "(Sudo et al, 2003a)) consists of three phases to learn extraction patterns from the source documents for a scenario specified by the user. First, it applies morphological analysis ,dependency parsing and Named Entity (NE) tagging to the entire source document set, and converts all the sentences in the source document set into dependency trees", 
    "clean_text": "(Sudo et al, 2003a) consists of three phases to learn extraction patterns from the source documents for a scenario specified by the user.", 
    "keep_for_gold": 1
  }, 
  {
    "citance_No": 5, 
    "citing_paper_id": "P06-2027", 
    "citing_paper_authority": 11, 
    "citing_paper_authors": "Elena, Filatova | Vasileios, Hatzivassiloglou | Kathleen R., McKeown", 
    "raw_text": "In other closely related work, Sudo et al (2003) use frequent dependency subtrees as measured by TF*IDF to identify named entities and IE patterns important for a given domain", 
    "clean_text": "In other closely related work, Sudo et al (2003) use frequent dependency subtrees as measured by TF*IDF to identify named entities and IE patterns important for a given domain.", 
    "keep_for_gold": 1
  }, 
  {
    "citance_No": 6, 
    "citing_paper_id": "P06-2027", 
    "citing_paper_authority": 11, 
    "citing_paper_authors": "Elena, Filatova | Vasileios, Hatzivassiloglou | Kathleen R., McKeown", 
    "raw_text": "Following (Sudo et al, 2003) we are interested only in the lexemes which are near neighbors of the most frequent verbs", 
    "clean_text": "Following (Sudo et al, 2003) we are interested only in the lexemes which are near neighbors of the most frequent verbs.", 
    "keep_for_gold": 0
  }, 
  {
    "citance_No": 7, 
    "citing_paper_id": "P06-2027", 
    "citing_paper_authority": 11, 
    "citing_paper_authors": "Elena, Filatova | Vasileios, Hatzivassiloglou | Kathleen R., McKeown", 
    "raw_text": "Sudo et al (2003) evaluated how well their IE patterns captured named entities of three predefined types", 
    "clean_text": "Sudo et al (2003) evaluated how well their IE patterns captured named entities of three predefined types.", 
    "keep_for_gold": 0
  }, 
  {
    "citance_No": 8, 
    "citing_paper_id": "P05-1047", 
    "citing_paper_authority": 25, 
    "citing_paper_authors": "Mark, Stevenson | Mark A., Greenwood", 
    "raw_text": "In addition, Sudoet al (2003) proposed representations for IE pat terns which extends the SVO representation used here and, while they did not appear to significantly improve IE, it is expected that it will be straightforward to extend the vector space model to those pat 385 tern representations", 
    "clean_text": "In addition, Sudo et al (2003) proposed representations for IE patterns which extends the SVO representation used here and, while they did not appear to significantly improve IE, it is expected that it will be straightforward to extend the vector space model to those pattern representations.", 
    "keep_for_gold": 1
  }, 
  {
    "citance_No": 9, 
    "citing_paper_id": "W06-0202", 
    "citing_paper_authority": 6, 
    "citing_paper_authors": "Mark, Stevenson | Mark A., Greenwood", 
    "raw_text": "For example, Yangarber (2003) uses just subject-verb-object tuples while Sudo et al (2003) allow any subpart of the tree toact as an extraction pattern", 
    "clean_text": "For example, Yangarber (2003) uses just subject-verb-object tuples while Sudo et al (2003) allow any subpart of the tree to act as an extraction pattern.", 
    "keep_for_gold": 0
  }, 
  {
    "citance_No": 10, 
    "citing_paper_id": "W06-0202", 
    "citing_paper_authority": 6, 
    "citing_paper_authors": "Mark, Stevenson | Mark A., Greenwood", 
    "raw_text": "Sudo et al (2003) compared three models in terms of their ability to identify event participants", 
    "clean_text": "Sudo et al (2003) compared three models in terms of their ability to identify event participants.", 
    "keep_for_gold": 0
  }, 
  {
    "citance_No": 11, 
    "citing_paper_id": "W06-0202", 
    "citing_paper_authority": 6, 
    "citing_paper_authors": "Mark, Stevenson | Mark A., Greenwood", 
    "raw_text": "Figure 2 shows the two SVOpatterns2 which are produced for the dependency tree shown in Figure 1.This model may be motivated by the assumption that many IE scenarios involve the extraction 1Yangarber et al (2000) and Sudo et al (2003) used a slightly extended version of this model in which the pattern also included certain phrases which referred to either the subject or object.2The formalism used for representing dependency pat terns is similar to the one introduced by Sudo et al (2003)", 
    "clean_text": "", 
    "keep_for_gold": 0
  }, 
  {
    "citance_No": 12, 
    "citing_paper_id": "W06-0202", 
    "citing_paper_authority": 6, 
    "citing_paper_authors": "Mark, Stevenson | Mark A., Greenwood", 
    "raw_text": "Subtrees: The final model to be considered is the subtree model (Sudo et al, 2003)", 
    "clean_text": "Subtrees: The final model to be considered is the subtree model (Sudo et al, 2003).", 
    "keep_for_gold": 0
  }, 
  {
    "citance_No": 13, 
    "citing_paper_id": "E06-1052", 
    "citing_paper_authority": 16, 
    "citing_paper_authors": "Lorenza, Romano | Milen, Kouylekov | Idan, Szpektor | Ido, Dagan | Alberto, Lavelli", 
    "raw_text": "Sudo et al (2003) extract dependency subtrees within relevant documents as IE patterns", 
    "clean_text": "Sudo et al (2003) extract dependency subtrees within relevant documents as IE patterns.", 
    "keep_for_gold": 0
  }, 
  {
    "citance_No": 14, 
    "citing_paper_id": "N09-2043", 
    "citing_paper_authority": 1, 
    "citing_paper_authors": "Seokhwan, Kim | Minwoo, Jeong | Gary Geunbae, Lee", 
    "raw_text": "A number of pattern induction approaches have recently been researched based on the dependency analysis (Yangarber, 2003) (Sudo et al, 2001) (Greenwood and Stevenson, 2006) (Sudo et al,2003)", 
    "clean_text": "", 
    "keep_for_gold": 0
  }, 
  {
    "citance_No": 15, 
    "citing_paper_id": "N09-2043", 
    "citing_paper_authority": 1, 
    "citing_paper_authors": "Seokhwan, Kim | Minwoo, Jeong | Gary Geunbae, Lee", 
    "raw_text": "The subtree model considers all subtrees as pattern candidates (Sudo et al, 2003)", 
    "clean_text": "The subtree model considers all subtrees as pattern candidates (Sudo et al, 2003).", 
    "keep_for_gold": 0
  }, 
  {
    "citance_No": 16, 
    "citing_paper_id": "W06-1634", 
    "citing_paper_authority": 4, 
    "citing_paper_authors": "Akane, Yakushiji | Yusuke, Miyao | Tomoko, Ohta | Yuka, Tateisi | Jun'ichi, Tsujii", 
    "raw_text": "Sudo et al (2003), Culotta and Sorensen (2004) and Bunescu and Mooney (2005) acquired substructures derived from dependency trees as ex traction patterns for IE in general domains", 
    "clean_text": "", 
    "keep_for_gold": 0
  }, 
  {
    "citance_No": 17, 
    "citing_paper_id": "W06-0204", 
    "citing_paper_authority": 5, 
    "citing_paper_authors": "Mark A., Greenwood | Mark, Stevenson", 
    "raw_text": "For example, Sudo et al (2003) used pat terns consisting of a path from a verb to any of its descendents (direct or indirect) while Bunescuand Mooney (2005) suggest the shortest path be tween the items being related", 
    "clean_text": "For example, Sudo et al (2003) used patterns consisting of a path from a verb to any of its descendents (direct or indirect) while Bunescuand Mooney (2005) suggest the shortest path between the items being related.", 
    "keep_for_gold": 0
  }, 
  {
    "citance_No": 18, 
    "citing_paper_id": "W06-0204", 
    "citing_paper_authority": 5, 
    "citing_paper_authors": "Mark A., Greenwood | Mark, Stevenson", 
    "raw_text": "An additional advantage of linked chain patterns is that they do not cause an unwieldy number of candidate patterns to begenerated unlike some other approaches for representing extraction patterns, such as the one pro posed by Sudo et al (2003) where any subtree of the dependency tree can act as a potential pattern. When used within IE systems these pat terns are generalised by replacing terms which refer to specific entities with a general semantic class", 
    "clean_text": "An additional advantage of linked chain patterns is that they do not cause an unwieldy number of candidate patterns to be generated unlike some other approaches for representing extraction patterns, such as the one proposed by Sudo et al (2003) where any subtree of the dependency tree can act as a potential pattern.", 
    "keep_for_gold": 0
  }, 
  {
    "citance_No": 19, 
    "citing_paper_id": "C08-1107", 
    "citing_paper_authority": 30, 
    "citing_paper_authors": "Idan, Szpektor | Ido, Dagan", 
    "raw_text": "Given a dependency parse tree, any sub-tree can be a candidate template, setting some of its nodes as variables (Sudo et al, 2003)", 
    "clean_text": "Given a dependency parse tree, any sub-tree can be a candidate template, setting some of its nodes as variables (Sudo et al, 2003).", 
    "keep_for_gold": 0
  }, 
  {
    "citance_No": 20, 
    "citing_paper_id": "W04-3206", 
    "citing_paper_authority": 54, 
    "citing_paper_authors": "Idan, Szpektor | Hristo, Tanev | Ido, Dagan | Bonaventura, Coppola", 
    "raw_text": "Three classes of syntactic template learning approaches are presented in the literature: learning of predicate argument templates (Yangarber et al, 2000), learning of syntactic chains (Lin and Pantel, 2001) and learning of sub-trees (Sudo et al, 2003)", 
    "clean_text": "Three classes of syntactic template learning approaches are presented in the literature: learning of predicate argument templates (Yangarber et al, 2000), learning of syntactic chains (Lin and Pantel, 2001) and learning of sub-trees (Sudo et al, 2003).", 
    "keep_for_gold": 0
  }
]
