[
  {
    "citance_No": 1, 
    "citing_paper_id": "W11-1828", 
    "citing_paper_authority": 15, 
    "citing_paper_authors": "Jari, Bj&ouml;rne | Tapio, Salakoski", 
    "raw_text": "In the current BioNLP? 11 Shared Task1 (Kim et al, 2011), we demonstrate its generalizability to different event extraction tasks by applying what is, to a large extent, the same system to every single task and subtask", 
    "clean_text": "In the current BioNLP 11 Shared Task1 (Kim et al, 2011), we demonstrate its generalizability to different event extraction tasks by applying what is, to a large extent, the same system to every single task and subtask.", 
    "keep_for_gold": 0
  }, 
  {
    "citance_No": 2, 
    "citing_paper_id": "W11-1812", 
    "citing_paper_authority": 6, 
    "citing_paper_authors": "Sampo, Pyysalo | Tomoko, Ohta | Jun'ichi, Tsujii", 
    "raw_text": "The BioNLP Shared Task 2011 (BioNLP ST? 11) (Kim et al, 2011a), the follow-up event to the BioNLP? 09 Shared Task (Kim et al, 2009), was organized from August 2010 (sample data release) to March 2011", 
    "clean_text": "The BioNLP Shared Task 2011 (BioNLP ST 11) (Kim et al, 2011a), the follow-up event to the BioNLP 09 Shared Task (Kim et al, 2009), was organized from August 2010 (sample data release) to March 2011.", 
    "keep_for_gold": 0
  }, 
  {
    "citance_No": 3, 
    "citing_paper_id": "W11-1812", 
    "citing_paper_authority": 6, 
    "citing_paper_authors": "Sampo, Pyysalo | Tomoko, Ohta | Jun'ichi, Tsujii", 
    "raw_text": "For compatibility with the BioNLP ST? 09 and its repeat as the GE task in 2011 (Kim et al, 2011b), the REL task training/development/test set division of the GENIA corpus abstracts matches that of the BioNLP ST? 09 data", 
    "clean_text": "For compatibility with the BioNLP ST 09 and its repeat as the GE task in 2011 (Kim et al, 2011b), the REL task training/development/test set division of the GENIA corpus abstracts matches that of the BioNLP ST? 09 data.", 
    "keep_for_gold": 0
  }, 
  {
    "citance_No": 4, 
    "citing_paper_id": "W11-1808", 
    "citing_paper_authority": 11, 
    "citing_paper_authors": "Sebastian, Riedel | David, McClosky | Mihai, Surdeanu | Andrew, McCallum | Christopher D., Manning", 
    "raw_text": "To date, most approaches to the BioNLP event ex traction task (Kim et al, 2011a) use a single model to produce their output", 
    "clean_text": "To date, most approaches to the BioNLP event extraction task (Kim et al, 2011a) use a single model to produce their output.", 
    "keep_for_gold": 0
  }, 
  {
    "citance_No": 5, 
    "citing_paper_id": "W11-1806", 
    "citing_paper_authority": 9, 
    "citing_paper_authors": "David, McClosky | Mihai, Surdeanu | Christopher D., Manning", 
    "raw_text": "We describe the Stanford entry to the BioNLP2011 shared task on biomolecular event ex traction (Kim et al, 2011a)", 
    "clean_text": "We describe the Stanford entry to the BioNLP2011 shared task on biomolecular event extraction (Kim et al, 2011a).", 
    "keep_for_gold": 0
  }, 
  {
    "citance_No": 6, 
    "citing_paper_id": "W11-1804", 
    "citing_paper_authority": 14, 
    "citing_paper_authors": "Sampo, Pyysalo | Tomoko, Ohta | Rafal, Rak | Dan, Sullivan | Chunhong, Mao | Chunxia, Wang | Bruno, Sobral | Jun'ichi, Tsujii | Sophia, Ananiadou", 
    "raw_text": "The Infectious Diseases (ID) task of the BioNLPShared Task 2011 (Kim et al, 2011a) is an information extraction task focusing on the biomolecu lar mechanisms of infectious diseases", 
    "clean_text": "The Infectious Diseases (ID) task of the BioNLPShared Task 2011 (Kim et al, 2011a) is an information extraction task focusing on the biomolecular mechanisms of infectious diseases.", 
    "keep_for_gold": 0
  }, 
  {
    "citance_No": 7, 
    "citing_paper_id": "W11-1804", 
    "citing_paper_authority": 14, 
    "citing_paper_authors": "Sampo, Pyysalo | Tomoko, Ohta | Rafal, Rak | Dan, Sullivan | Chunhong, Mao | Chunxia, Wang | Bruno, Sobral | Jun'ichi, Tsujii | Sophia, Ananiadou", 
    "raw_text": "These are a superset of those targeted in the BioNLP ST? 09 and its repeat, the 2011 GE task (Kim et al, 2011b)", 
    "clean_text": "These are a superset of those targeted in the BioNLP ST 09 and its repeat, the 2011 GE task (Kim et al, 2011b).", 
    "keep_for_gold": 0
  }, 
  {
    "citance_No": 8, 
    "citing_paper_id": "W11-1804", 
    "citing_paper_authority": 14, 
    "citing_paper_authors": "Sampo, Pyysalo | Tomoko, Ohta | Rafal, Rak | Dan, Sullivan | Chunhong, Mao | Chunxia, Wang | Bruno, Sobral | Jun'ichi, Tsujii | Sophia, Ananiadou", 
    "raw_text": "Nevertheless, extraction performance for the top systems is comparable to the state-of-the-art results for the established BioNLP ST? 09 task (Miwa et al, 2010) as well as its repetition as the 2011 GE task (Kim et al, 2011b), where the highest overall result for the primary evaluation criteria was also 56% F score for the FAUST system (Riedel et al, 2011)", 
    "clean_text": "Nevertheless, extraction performance for the top systems is comparable to the state-of-the-art results for the established BioNLP ST 09 task (Miwa et al, 2010) as well as its repetition as the 2011 GE task (Kim et al, 2011b), where the highest overall result for the primary evaluation criteria was also 56% F score for the FAUST system (Riedel et al, 2011).", 
    "keep_for_gold": 0
  }, 
  {
    "citance_No": 9, 
    "citing_paper_id": "W11-1804", 
    "citing_paper_authority": 14, 
    "citing_paper_authors": "Sampo, Pyysalo | Tomoko, Ohta | Rafal, Rak | Dan, Sullivan | Chunhong, Mao | Chunxia, Wang | Bruno, Sobral | Jun'ichi, Tsujii | Sophia, Ananiadou", 
    "raw_text": "The five top-ranking systems participated also in the GE task (Kim et al, 2011b), which involves asubset of the ID extraction targets", 
    "clean_text": "The five top-ranking systems participated also in the GE task (Kim et al, 2011b), which involves asubset of the ID extraction targets.", 
    "keep_for_gold": 0
  }, 
  {
    "citance_No": 10, 
    "citing_paper_id": "W11-1826", 
    "citing_paper_authority": 6, 
    "citing_paper_authors": "Haibin, Liu | Ravikumar, Komandur | Karin, Verspoor", 
    "raw_text": "We participated in the BioNLP-ST 2011 (Kim et al, 2011a), and applied a graph matching-based approach (Liu et al, 2010) to tackling the Task 1 of the GE NIA event extraction (GE) task (Kim et al, 2011b), and the core task of the Epigenetics and Post-translational Modifications (EPI) task (Ohta et al, 2011), two main tasks of the BioNLP-ST 2011", 
    "clean_text": "We participated in the BioNLP-ST 2011 (Kim et al, 2011a), and applied a graph matching-based approach (Liu et al, 2010) to tackling the Task 1 of the GE NIA event extraction (GE) task (Kim et al, 2011b), and the core task of the Epigenetics and Post-translational Modifications (EPI) task (Ohta et al, 2011), two main tasks of the BioNLP-ST 2011.", 
    "keep_for_gold": 0
  }, 
  {
    "citance_No": 11, 
    "citing_paper_id": "W11-1826", 
    "citing_paper_authority": 6, 
    "citing_paper_authors": "Haibin, Liu | Ravikumar, Komandur | Karin, Verspoor", 
    "raw_text": "This section presents our results on the GE and the EPI tasks (Kim et al, 2011b; Ohta et al, 2011) respectively. Different experimental methods in processing the obtained event rules are described for the purpose of improving the precision of both tasks and increasing the recall of the EPI task", 
    "clean_text": "This section presents our results on the GE and the EPI tasks (Kim et al, 2011b; Ohta et al, 2011) respectively. Different experimental methods in processing the obtained event rules are described for the purpose of improving the precision of both tasks and increasing the recall of the EPI task.", 
    "keep_for_gold": 0
  }, 
  {
    "citance_No": 12, 
    "citing_paper_id": "W11-1803", 
    "citing_paper_authority": 16, 
    "citing_paper_authors": "Tomoko, Ohta | Sampo, Pyysalo | Jun'ichi, Tsujii", 
    "raw_text": "The Epigenetics and Post-translational Modifications (EPI) task is a shared task on event extraction from biomedical domain scientific publications, first introduced as a main task in the BioNLP Shared Task 2011 (Kim et al, 2011a) .The EPI task focuses on events relating to epigenetic change, including DNAmethylation and hi stone methylation and acetylation (see e.g", 
    "clean_text": "The Epigenetics and Post-translational Modifications (EPI) task is a shared task on event extraction from biomedical domain scientific publications, first introduced as a main task in the BioNLP Shared Task 2011 (Kim et al, 2011a). The EPI task focuses on events relating to epigenetic change, including DNA methylation and hi stone methylation and acetylation (see e.g.", 
    "keep_for_gold": 0
  }, 
  {
    "citance_No": 13, 
    "citing_paper_id": "W11-1803", 
    "citing_paper_authority": 16, 
    "citing_paper_authors": "Tomoko, Ohta | Sampo, Pyysalo | Jun'ichi, Tsujii", 
    "raw_text": "Basic modification events are defined similarly to the PHOSPHORYLATION event type targeted in the? 09 and the 2011 GE and ID tasks (Kim et al, 2011b; Pyysalo et al, 2011b), with the full task extending previously defined arguments with two additional ones, Sidechain and Contextgene", 
    "clean_text": "Basic modification events are defined similarly to the PHOSPHORYLATION event type targeted in the 09 and the 2011 GE and ID tasks (Kim et al, 2011b; Pyysalo et al, 2011b), with the full task extending previously defined arguments with two additional ones, Sidechain and Contextgene.", 
    "keep_for_gold": 0
  }, 
  {
    "citance_No": 14, 
    "citing_paper_id": "W11-1803", 
    "citing_paper_authority": 16, 
    "citing_paper_authors": "Tomoko, Ohta | Sampo, Pyysalo | Jun'ichi, Tsujii", 
    "raw_text": "These choices may be motivated in part by the success of systems using the tools in the previous shared task and the availability of the analyses as supporting resources (Stenetorp et al., 2011) .Despite the availability of PTM and DNAmethylation resources other than those specifically introduced for the task and the PHOSPHORYLATION annotations in the GE task (Kim et al, 2011b), no participant chose to apply other corpora for training", 
    "clean_text": "These choices may be motivated in part by the success of systems using the tools in the previous shared task and the availability of the analyses as supporting resources (Stenetorp et al., 2011). Despite the availability of PTM and DNAmethylation resources other than those specifically introduced for the task and the PHOSPHORYLATION annotations in the GE task (Kim et al, 2011b), no participant chose to apply other corpora for training.", 
    "keep_for_gold": 0
  }, 
  {
    "citance_No": 15, 
    "citing_paper_id": "W11-1818", 
    "citing_paper_authority": 2, 
    "citing_paper_authors": "Liam, R. McGrath | Kelly, Domico | Courtney D., Corley | Bobbie-Jo, Webb-Robertson", 
    "raw_text": "The BioNLP 2011 Shared Task ((Kim et al, 2011)) series generalized this defining a series of tasks involving more text types, domains and target event types", 
    "clean_text": "The BioNLP 2011 Shared Task ((Kim et al, 2011)) series generalized this defining a series of tasks involving more text types, domains and target event types.", 
    "keep_for_gold": 1
  }, 
  {
    "citance_No": 16, 
    "citing_paper_id": "W11-1802", 
    "citing_paper_authority": 26, 
    "citing_paper_authors": "Jin-Dong, Kim | Yue, Wang | Toshihisa, Takagi | Akinori, Yonezawa", 
    "raw_text": "For example, Miwa et al (Miwa et al, 2010b) reported a significant improvement with binding events, achieving 50% of performance level. The task introduced in BioNLP-ST 2009 was re named to Genia event (GE) task, and was hosted again in BioNLP-ST 2011, which also hosted four other IE tasks and three supporting tasks (Kim et al, 2011)", 
    "clean_text": "For example, Miwa et al (Miwa et al, 2010b) reported a significant improvement with binding events, achieving 50% of performance level. The task introduced in BioNLP-ST 2009 was re named to Genia event (GE) task, and was hosted again in BioNLP-ST 2011, which also hosted four other IE tasks and three supporting tasks (Kim et al, 2011).", 
    "keep_for_gold": 0
  }, 
  {
    "citance_No": 17, 
    "citing_paper_id": "W11-1827", 
    "citing_paper_authority": 9, 
    "citing_paper_authors": "Halil, Kilicoglu | Sabine, Bergler", 
    "raw_text": "Y Y Y N N Table 1: An overview of BioNLP-ST? 11 tracks In the follow-up event to BioNLP? 09 Shared Task on Event Extraction, organizers of the secondBioNLP Shared Task on Event Extraction (BioNLP ST? 11) (Kim et al, 2011a) address this challenge tosome extent", 
    "clean_text": "", 
    "keep_for_gold": 0
  }, 
  {
    "citance_No": 18, 
    "citing_paper_id": "W11-1827", 
    "citing_paper_authority": 9, 
    "citing_paper_authors": "Halil, Kilicoglu | Sabine, Bergler", 
    "raw_text": "Thereare 4 event extraction tracks: in addition to the GENIA track that again focuses on transcription factors (Kim et al, 2011b), the epigenetics and post translational modification track (EPI) focuses on events relating to epigenetic change, such as DNAmethylation and hi stone modification, as well asother common post-translational protein modifications (Ohta et al, 2011), whereas the infectious diseases track (ID) focuses on bio-molecular mechanisms of infectious diseases (Pyysalo et al, 2011a)", 
    "clean_text": "There are 4 event extraction tracks: in addition to the GENIA track that again focuses on transcription factors (Kim et al, 2011b), the epigenetics and post translational modification track (EPI) focuses on events relating to epigenetic change, such as DNAmethylation and hi stone modification, as well asother common post-translational protein modifications (Ohta et al, 2011), whereas the infectious diseases track (ID) focuses on bio-molecular mechanisms of infectious diseases (Pyysalo et al, 2011a).", 
    "keep_for_gold": 0
  }, 
  {
    "citance_No": 19, 
    "citing_paper_id": "W11-1807", 
    "citing_paper_authority": 11, 
    "citing_paper_authors": "Sebastian, Riedel | Andrew, McCallum", 
    "raw_text": "This paper presents the UMass entry to the BioNLP 2011 shared task (Kim et al, 2011a)", 
    "clean_text": "This paper presents the UMass entry to the BioNLP 2011 shared task (Kim et al, 2011a).", 
    "keep_for_gold": 0
  }, 
  {
    "citance_No": 20, 
    "citing_paper_id": "W11-1807", 
    "citing_paper_authority": 11, 
    "citing_paper_authors": "Sebastian, Riedel | Andrew, McCallum", 
    "raw_text": "For Genia (GE) Task 1 (Kim et al, 2011b) we achieve the second best results", 
    "clean_text": "For Genia (GE) Task 1 (Kim et al, 2011b) we achieve the second best results.", 
    "keep_for_gold": 0
  }
]
