[
  {
    "citance_No": 1, 
    "citing_paper_id": "W03-1013", 
    "citing_paper_authority": 15, 
    "citing_paper_authors": "Stephen, Clark | James R., Curran", 
    "raw_text": "Implementations of GIS typically use a? correction feature?, but following Curran and Clark (2003) we donot use such a feature, which simplifies the algorithm", 
    "clean_text": "Implementations of GIS typically use a correction feature, but following Curran and Clark (2003) we do not use such a feature, which simplifies the algorithm.", 
    "keep_for_gold": 0
  }, 
  {
    "citance_No": 2, 
    "citing_paper_id": "P04-1014", 
    "citing_paper_authority": 67, 
    "citing_paper_authors": "Stephen, Clark | James R., Curran", 
    "raw_text": "Table 3 also gives the results if automatically assigned POS tags are used in the training and testing phases, using the C& amp; CPOS tagger (Curran and Clark, 2003)", 
    "clean_text": "Table 3 also gives the results if automatically assigned POS tags are used in the training and testing phases, using the C & C POS tagger (Curran and Clark, 2003).", 
    "keep_for_gold": 0
  }, 
  {
    "citance_No": 3, 
    "citing_paper_id": "W06-1619", 
    "citing_paper_authority": 9, 
    "citing_paper_authors": "Takashi, Ninomiya | Takuya, Matsuzaki | Yoshimasa, Tsuruoka | Yusuke, Miyao | Jun'ichi, Tsujii", 
    "raw_text": "Results of other super taggers for automatically ex test data accuracy (%) HPSG super tagger 22 87.51 (this paper) CCG super tagger 00/23 91.70/ 91.45 (Curran and Clark, 2003) LTAG super tagger 22/23 86.01/ 86.27 (Shen and Joshi, 2003) Table 5: Accuracy of single-tag super taggers", 
    "clean_text": "", 
    "keep_for_gold": 0
  }, 
  {
    "citance_No": 4, 
    "citing_paper_id": "W06-1619", 
    "citing_paper_authority": 9, 
    "citing_paper_authors": "Takashi, Ninomiya | Takuya, Matsuzaki | Yoshimasa, Tsuruoka | Yusuke, Miyao | Jun'ichi, Tsujii", 
    "raw_text": "tracted lexicalized grammars are listed in Table 5.Table 6 gives the average number of super tags as signed to a word, the per-word accuracy, and the sentence accuracy for several values of?, which is a parameter to determine how many lexical entries are assigned. When compared with other super tag sets of automatically extracted lexicalized grammars, the (effective) size of our super tag set, 1,361 lexical entries, is between the CCG super tag set (398 categories) used by Curran and Clark (2003) and the LTAG super tag set (2920 elementary trees) used by Shen and Joshi (2003)", 
    "clean_text": "When compared with other supertag sets of automatically extracted lexicalized grammars, the (effective) size of our supertag set, 1,361 lexical entries, is between the CCG supertag set (398 categories) used by Curran and Clark (2003) and the LTAG supertag set (2920 elementary trees) used by Shen and Joshi (2003).", 
    "keep_for_gold": 0
  }, 
  {
    "citance_No": 5, 
    "citing_paper_id": "P05-1004", 
    "citing_paper_authority": 14, 
    "citing_paper_authors": "James R., Curran", 
    "raw_text": "Our implementation of SEXTANT uses a maximum entropy POS tagger designed to be very efficient, tagging at around 100 000 words per second (Curran and Clark, 2003), trained on the entire Penn Treebank (Marcus et al, 1994)", 
    "clean_text": "Our implementation of SEXTANT uses a maximum entropy POS tagger designed to be very efficient, tagging at around 100 000 words per second (Curran and Clark, 2003), trained on the entire Penn Treebank (Marcus et al, 1994).", 
    "keep_for_gold": 0
  }, 
  {
    "citance_No": 6, 
    "citing_paper_id": "W03-0424", 
    "citing_paper_authority": 25, 
    "citing_paper_authors": "James R., Curran | Stephen, Clark", 
    "raw_text": "Table 1 lists the contextual predicates used in our base line system, which are based on those used in the Curran and Clark (2003) CCG super tagger", 
    "clean_text": "Table 1 lists the contextual predicates used in our baseline system, which are based on those used in the Curran and Clark (2003) CCG supertagger.", 
    "keep_for_gold": 0
  }, 
  {
    "citance_No": 7, 
    "citing_paper_id": "W07-2206", 
    "citing_paper_authority": 4, 
    "citing_paper_authors": "Bojan, Djordjevic | James R., Curran | Stephen, Clark", 
    "raw_text": "The tagger is very similar to the Maximum Entropy POS tagger described in Curranand Clark (2003)", 
    "clean_text": "The tagger is very similar to the Maximum Entropy POS tagger described in Curran and Clark (2003).", 
    "keep_for_gold": 0
  }, 
  {
    "citance_No": 8, 
    "citing_paper_id": "C04-1041", 
    "citing_paper_authority": 39, 
    "citing_paper_authors": "Stephen, Clark | James R., Curran", 
    "raw_text": "Here we use the Maximum Entropy models described in Curran and Clark (2003)", 
    "clean_text": "Here we use the Maximum Entropy models described in Curran and Clark (2003).", 
    "keep_for_gold": 0
  }, 
  {
    "citance_No": 9, 
    "citing_paper_id": "C04-1041", 
    "citing_paper_authority": 39, 
    "citing_paper_authors": "Stephen, Clark | James R., Curran", 
    "raw_text": "Curran and Clark (2003) describes the model and explains how Generalised Iterative Scaling, together with a Gaussian prior for smoothing, can be used to set the weights", 
    "clean_text": "Curran and Clark (2003) describes the model and explains how Generalised Iterative Scaling, together with a Gaussian prior for smoothing, can be used to set the weights.", 
    "keep_for_gold": 0
  }, 
  {
    "citance_No": 10, 
    "citing_paper_id": "C04-1041", 
    "citing_paper_authority": 39, 
    "citing_paper_authors": "Stephen, Clark | James R., Curran", 
    "raw_text": "The super tagger in Curran and Clark (2003) finds the single most probable category sequence given the sentence, and uses additional features defined in terms of the previously assigned categories", 
    "clean_text": "The supertagger in Curran and Clark (2003) finds the single most probable category sequence given the sentence, and uses additional features defined in terms of the previously assigned categories.", 
    "keep_for_gold": 1
  }, 
  {
    "citance_No": 11, 
    "citing_paper_id": "C04-1041", 
    "citing_paper_authority": 39, 
    "citing_paper_authors": "Stephen, Clark | James R., Curran", 
    "raw_text": "The table gives results for gold standard POS tags and, in the final 2 columns, for POS tags automatically assigned by the Curran and Clark (2003) tagger", 
    "clean_text": "The table gives results for gold standard POS tags and, in the final 2 columns, for POS tags automatically assigned by the Curran and Clark (2003) tagger.", 
    "keep_for_gold": 0
  }, 
  {
    "citance_No": 12, 
    "citing_paper_id": "P07-1032", 
    "citing_paper_authority": 22, 
    "citing_paper_authors": "Stephen, Clark | James R., Curran", 
    "raw_text": "# GRs is the number of GRs in DepBank.The CCG parser results are based on automatically assigned POS tags, using the Curran and Clark (2003) tagger", 
    "clean_text": "The CCG parser results are based on automatically assigned POS tags, using the Curran and Clark (2003) tagger.", 
    "keep_for_gold": 0
  }, 
  {
    "citance_No": 13, 
    "citing_paper_id": "W03-0407", 
    "citing_paper_authority": 25, 
    "citing_paper_authors": "Stephen, Clark | James R., Curran | Miles, Osborne", 
    "raw_text": "agreement on unlabelled data. We investigate whether co-training based upon directly maximising agreement can be successfully applied to a pair of part-of-speech (POS) taggers: the Markov model TNT tagger (Brants, 2000) and the maximum entropy C& amp; C tagger (Curran and Clark, 2003) .There has been some previous work on boostrap ping POS taggers (e.g., Zavrel and Daelemans (2000) and Cucerzan and Yarowsky (2002)), but to our knowledge no previous work on co-training POS taggers", 
    "clean_text": "We investigate whether co-training based upon directly maximising agreement can be successfully applied to a pair of part-of-speech (POS) taggers: the Markov model TNT tagger (Brants, 2000) and the maximum entropy C & C tagger (Curran and Clark, 2003).", 
    "keep_for_gold": 0
  }, 
  {
    "citance_No": 14, 
    "citing_paper_id": "D07-1041", 
    "citing_paper_authority": 1, 
    "citing_paper_authors": "Taesun, Moon | Jason, Baldridge", 
    "raw_text": "The modern Bible is tagged using the C& amp; C maximum entropy tagger (Curran and Clark, 2003), and these tags are transferred from source to target through high-confidence alignments aquired from two alignment approaches", 
    "clean_text": "The modern Bible is tagged using the C & C maximum entropy tagger (Curran and Clark, 2003), and these tags are transferred from source to target through high-confidence alignments aquired from two alignment approaches.", 
    "keep_for_gold": 0
  }, 
  {
    "citance_No": 15, 
    "citing_paper_id": "D07-1041", 
    "citing_paper_authority": 1, 
    "citing_paper_authors": "Taesun, Moon | Jason, Baldridge", 
    "raw_text": "The C& amp; C tagger (Curran and Clark, 2003) was trained on the Wall Street Journal texts in the Penn Treebank and then used to tag the NET Bible (the source text)", 
    "clean_text": "The C & C tagger (Curran and Clark, 2003) was trained on the Wall Street Journal texts in the Penn Treebank and then used to tag the NET Bible (the source text).", 
    "keep_for_gold": 0
  }, 
  {
    "citance_No": 16, 
    "citing_paper_id": "P06-1088", 
    "citing_paper_authority": 10, 
    "citing_paper_authors": "James R., Curran | Stephen, Clark | David, Vadas", 
    "raw_text": "However, it is unclear whether multi-POS tagging will be useful in this context, since our single-tagger POS tagger is highly accurate: over 97% for WSJ text (Curran and Clark,2003)", 
    "clean_text": "However, it is unclear whether multi-POS tagging will be useful in this context, since our single-tagger POS tagger is highly accurate: over 97% for WSJ text (Curran and Clark,2003).", 
    "keep_for_gold": 0
  }, 
  {
    "citance_No": 17, 
    "citing_paper_id": "S10-1074", 
    "citing_paper_authority": 2, 
    "citing_paper_authors": "Claire, Grover | Richard, Tobin | Beatrice, Alex | Kate, Byrne", 
    "raw_text": "Part-of-speech (POS) tagging is done using the C& amp; C tagger (Curran and Clark, 2003a) and lemmatisation is done using morpha (Minnen et al, 2000)", 
    "clean_text": "Part-of-speech (POS) tagging is done using the C & C tagger (Curran and Clark, 2003a) and lemmatisation is done using morpha (Minnen et al, 2000).", 
    "keep_for_gold": 0
  }, 
  {
    "citance_No": 18, 
    "citing_paper_id": "S10-1074", 
    "citing_paper_authority": 2, 
    "citing_paper_authors": "Claire, Grover | Richard, Tobin | Beatrice, Alex | Kate, Byrne", 
    "raw_text": "We use both rule-based and machine-learning named entity recognition (NER) components, the former implemented using LT-TTT2 and the latter using the C& amp; C maximum entropy NER tagger (Curran and Clark, 2003b)", 
    "clean_text": "We use both rule-based and machine-learning named entity recognition (NER) components, the former implemented using LT-TTT2 and the latter using the C & C maximum entropy NER tagger (Curran and Clark, 2003b).", 
    "keep_for_gold": 0
  }, 
  {
    "citance_No": 19, 
    "citing_paper_id": "P03-1055", 
    "citing_paper_authority": 17, 
    "citing_paper_authors": "Peter, Dienes | Amit, Dubey", 
    "raw_text": "We determine weights for the features with a modified version of the Generative Iterative Scaling algorithm (Curran and Clark, 2003)", 
    "clean_text": "We determine weights for the features with a modified version of the Generative Iterative Scaling algorithm (Curran and Clark, 2003).", 
    "keep_for_gold": 0
  }, 
  {
    "citance_No": 20, 
    "citing_paper_id": "W06-3328", 
    "citing_paper_authority": 8, 
    "citing_paper_authors": "Andreas, Vlachos | Caroline, Gasperin", 
    "raw_text": "It is straightforward to apply this in tasks with token-based evaluation, such as part-of-speech tagging (Curran and Clark, 2003)", 
    "clean_text": "It is straightforward to apply this in tasks with token-based evaluation, such as part-of-speech tagging (Curran and Clark, 2003).", 
    "keep_for_gold": 0
  }
]
