[
  {
    "citance_No": 1, 
    "citing_paper_id": "W06-1517", 
    "citing_paper_authority": 2, 
    "citing_paper_authors": "Marco, Kuhlmann | Mathias, Mohl", 
    "raw_text": "et al, 2001) are non-projective, only 0.11% are not well-nested (Kuhlmann and Nivre, 2006) .Second ,well-nestedness is interesting for processing", 
    "clean_text": "First, well-nestedness is interesting as a generalization of projectivity (Marcus, 1967) while more than 23% of the 73088 dependency structures in the Prague Dependency Treebank of Czech (Hajic et al., 2001) are non-projective, only 0.11% are not well-nested (Kuhlmann and Nivre, 2006).", 
    "keep_for_gold": 0
  }, 
  {
    "citance_No": 2, 
    "citing_paper_id": "D12-1044", 
    "citing_paper_authority": 2, 
    "citing_paper_authors": "Sampath, Kannan | Emily, Pitler | Mitchell P., Marcus", 
    "raw_text": "A mildly non-projective tree has gap degree at most one and is well-nested. Mildly non-projective trees are of both theoretical and practical interest, as they correspond to derivations in Lexicalized Tree Adjoining Grammar (Bodirsky et al2005) and cover the overwhelming majority of sentences found in tree banks for Czech and Danish (Kuhlmann and Nivre, 2006) .Table 1 shows the proportion of mildly non projective sentences for Arabic, Czech, Danish, Dutch, Portuguese, and Swedish, ranging from95.4% of Portuguese sentences to 99.9% of Arabicsentences.4 This definition covers a subs tan tially larger set of sentences than projectivity does? an assumption of projectivity covers only 63.6% (Dutch) to 90.2% (Swedish) of examples (Table 1)", 
    "clean_text": "Mildly non-projective trees are of both theoretical and practical interest, as they correspond to derivations in Lexicalized Tree Adjoining Grammar (Bodirsky et al, 2005) and cover the overwhelming majority of sentences found in tree banks for Czech and Danish (Kuhlmann and Nivre, 2006).", 
    "keep_for_gold": 0
  }, 
  {
    "citance_No": 3, 
    "citing_paper_id": "P07-1077", 
    "citing_paper_authority": 13, 
    "citing_paper_authors": "Jiri, Havelka", 
    "raw_text": "also Section 6) .In this paper, we consider all constraints and measures evaluated by Kuhlmann and Nivre (2006)? with some minor variations, cf", 
    "clean_text": "In this paper, we consider all constraints and measures evaluated by Kuhlmann and Nivre (2006) with some minor variations.", 
    "keep_for_gold": 0
  }, 
  {
    "citance_No": 4, 
    "citing_paper_id": "P07-1077", 
    "citing_paper_authority": 13, 
    "citing_paper_authors": "Jiri, Havelka", 
    "raw_text": "None of the constraints and measures in Kuhlmann and Nivre (2006) take into account levels of nodes explicitly", 
    "clean_text": "None of the constraints and measures in Kuhlmann and Nivre (2006) take into account levels of nodes explicitly.", 
    "keep_for_gold": 0
  }, 
  {
    "citance_No": 5, 
    "citing_paper_id": "P07-1077", 
    "citing_paper_authority": 13, 
    "citing_paper_authors": "Jiri, Havelka", 
    "raw_text": "They confirm the findings of Kuhlmann and Nivre (2006): planarity seems to be almost as restrictive as projectiv ity ;well-nestedness, on the other hand, covers large proportions of trees in all languages. In contrast to global constraints, properties of individual non-projective edges allow us to pinpoint the causes of non-projectivity", 
    "clean_text": "They confirm the findings of Kuhlmann and Nivre (2006): planarity seems to be almost as restrictive as projectivity; well-nestedness, on the other hand, covers large proportions of trees in all languages.", 
    "keep_for_gold": 0
  }, 
  {
    "citance_No": 6, 
    "citing_paper_id": "P07-1077", 
    "citing_paper_authority": 13, 
    "citing_paper_authors": "Jiri, Havelka", 
    "raw_text": "This supports our theoretical results and confirms that properties of non-projective edges provide a more accurate as well as expressive means for describing non projective structures in natural language than the constraints and measures considered by Kuhlmann and Nivre (2006)", 
    "clean_text": "This supports our theoretical results and confirms that properties of non-projective edges provide a more accurate as well as expressive means for describing non projective structures in natural language than the constraints and measures considered by Kuhlmann and Nivre (2006).", 
    "keep_for_gold": 0
  }, 
  {
    "citance_No": 7, 
    "citing_paper_id": "N07-2016", 
    "citing_paper_authority": 2, 
    "citing_paper_authors": "Jiri, Havelka", 
    "raw_text": "trees (i.e .labelled rooted trees), Kuhlmann and Nivre (2006) compare several constraints on dependency structures and among the considered ones find well-nestedness to be in good accord with empirical data", 
    "clean_text": "Kuhlmann and Nivre (2006) compare several constraints on dependency structures and among the considered ones find well-nestedness to be in good accord with empirical data.", 
    "keep_for_gold": 0
  }, 
  {
    "citance_No": 8, 
    "citing_paper_id": "N07-2016", 
    "citing_paper_authority": 2, 
    "citing_paper_authors": "Jiri, Havelka", 
    "raw_text": "Kuhlmann and Nivre (2006) claim that the constraint of well-nestedness seems to approximate well dependency structures occurring in natural language", 
    "clean_text": "Kuhlmann and Nivre (2006) claim that the constraint of well-nestedness seems to approximate well dependency structures occurring in natural language.", 
    "keep_for_gold": 0
  }, 
  {
    "citance_No": 9, 
    "citing_paper_id": "P09-3002", 
    "citing_paper_authority": 1, 
    "citing_paper_authors": "Prashanth, Mannem | Himani, Chaudhry | Akshar, Bharati", 
    "raw_text": "Unlikeacyclicity and the single head constraints, which impose restrictions on the dependency relation as such ,projectivity constrains the interaction between the dependency relations and the order of the nodes in the sentence (Kuhlmann and Nivre, 2006).", 
    "clean_text": "Unlike acyclicity and the single head constraints, which impose restrictions on the dependency relation as such, projectivity constrains the interaction between the dependency relations and the order of the nodes in the sentence (Kuhlmann and Nivre, 2006).", 
    "keep_for_gold": 0
  }, 
  {
    "citance_No": 10, 
    "citing_paper_id": "P09-3002", 
    "citing_paper_authority": 1, 
    "citing_paper_authors": "Prashanth, Mannem | Himani, Chaudhry | Akshar, Bharati", 
    "raw_text": "Following (Kuhlmann and Nivre, 2006), we call this edge degree to avoid confusion. Well-nested: A dependency graph is well nested if no two disjoint subgraphs interleave (Bodirsky et al, 2005)", 
    "clean_text": "Following (Kuhlmann and Nivre, 2006), we call this edge degree to avoid confusion.", 
    "keep_for_gold": 0
  }, 
  {
    "citance_No": 11, 
    "citing_paper_id": "P09-3002", 
    "citing_paper_authority": 1, 
    "citing_paper_authors": "Prashanth, Mannem | Himani, Chaudhry | Akshar, Bharati", 
    "raw_text": "Two subtrees S i, S j interleave if there are nodes x l, x m? S i and x n, x o? S j such that l &lt; m &lt; n &lt; o (Kuhlmann and Nivre, 2006)", 
    "clean_text": "", 
    "keep_for_gold": 0
  }, 
  {
    "citance_No": 12, 
    "citing_paper_id": "P09-3002", 
    "citing_paper_authority": 1, 
    "citing_paper_authors": "Prashanth, Mannem | Himani, Chaudhry | Akshar, Bharati", 
    "raw_text": "This work further corroborates Kuhlmann? s work on Czech (PDT) for Hindi (Kuhlmann and Nivre, 2006)", 
    "clean_text": "This work further corroborates Kuhlmann's work on Czech (PDT) for Hindi (Kuhlmann and Nivre, 2006).", 
    "keep_for_gold": 0
  }, 
  {
    "citance_No": 13, 
    "citing_paper_id": "W07-1201", 
    "citing_paper_authority": 0, 
    "citing_paper_authors": "Joan, Chen-Main | Aravind K., Joshi", 
    "raw_text": "Recent work identifies two properties that appear particularly relevant to the characterization of graph-based dependency mod els of syntactic structure1: the absence of interleaving substructures (well-nestedness) and a bound on a type of discontinuity (gap-degree? 1) successfully describe more than 99% of the structures in two dependency tree banks (Kuhlmann and Nivre 2006) .2 Bodirsky et al (2005) establish that every dependency structure with these two properties can be recast as a lexicalized Tree Adjoining Grammar (LTAG) derivation and vice versa", 
    "clean_text": "Recent work identifies two properties that appear particularly relevant to the characterization of graph-based dependency models of syntactic structure: the absence of interleaving substructures (well-nestedness) and a bound on a type of discontinuity (gap-degree <= 1) successfully describe more than 99% of the structures in two dependency tree banks (Kuhlmann and Nivre 2006) .", 
    "keep_for_gold": 0
  }, 
  {
    "citance_No": 14, 
    "citing_paper_id": "W07-1201", 
    "citing_paper_authority": 0, 
    "citing_paper_authors": "Joan, Chen-Main | Aravind K., Joshi", 
    "raw_text": "Relevant results from Kuhlmann and Nivre (2006)", 
    "clean_text": "Relevant results from Kuhlmann and Nivre (2006).", 
    "keep_for_gold": 0
  }, 
  {
    "citance_No": 15, 
    "citing_paper_id": "W07-1201", 
    "citing_paper_authority": 0, 
    "citing_paper_authors": "Joan, Chen-Main | Aravind K., Joshi", 
    "raw_text": "See Kuhlmann and Nivre (2006) for the definition of edge degree", 
    "clean_text": "See Kuhlmann and Nivre (2006) for the definition of edge degree.", 
    "keep_for_gold": 0
  }, 
  {
    "citance_No": 16, 
    "citing_paper_id": "W07-1201", 
    "citing_paper_authority": 0, 
    "citing_paper_authors": "Joan, Chen-Main | Aravind K., Joshi", 
    "raw_text": "If we suppose that the characterization of dependency structures as reported by Kuhlmann and Nivre (2006) for Czech and Danish extends cross-linguistically ,i.e. the dependency structures for natural language falls within the class of well-nested and gap degree? 1 dependency structures, then MC-TAG appears to correspond to the wrong class of model theoretic dependency structures", 
    "clean_text": "If we suppose that the characterization of dependency structures as reported by Kuhlmann and Nivre (2006) for Czech and Danish extends cross-linguistically, i.e. the dependency structures for natural language falls within the class of well-nested and gap degree <= 1 dependency structures, then MC-TAG appears to correspond to the wrong class of model-theoretic dependency structures.", 
    "keep_for_gold": 0
  }, 
  {
    "citance_No": 17, 
    "citing_paper_id": "W07-1201", 
    "citing_paper_authority": 0, 
    "citing_paper_authors": "Joan, Chen-Main | Aravind K., Joshi", 
    "raw_text": "This keeps the corresponding graph drawings within the class of structures identified by Bodirsky et al (2005) as a model of TAG derivations, and by Kuhlmann and Nivre (2006) as empirically relevant", 
    "clean_text": "This keeps the corresponding graph drawings within the class of structures identified by Bodirsky et al (2005) as a model of TAG derivations, and by Kuhlmann and Nivre (2006) as empirically relevant.", 
    "keep_for_gold": 0
  }, 
  {
    "citance_No": 18, 
    "citing_paper_id": "E09-1055", 
    "citing_paper_authority": 15, 
    "citing_paper_authors": "Marco, Kuhlmann | Giorgio, Satta", 
    "raw_text": "While the number of highly non-projective dependency structures is negligible for practical applications (Kuhlmann and Nivre, 2006), the rank can not easily be bounded", 
    "clean_text": "While the number of highly non-projective dependency structures is negligible for practical applications (Kuhlmann and Nivre, 2006), the rank can not easily be bounded.", 
    "keep_for_gold": 0
  }, 
  {
    "citance_No": 19, 
    "citing_paper_id": "E09-1055", 
    "citing_paper_authority": 15, 
    "citing_paper_authors": "Marco, Kuhlmann | Giorgio, Satta", 
    "raw_text": "It is interesting to compare our approach with techniques for well-nested dependency trees (Kuhlmann and Nivre, 2006)", 
    "clean_text": "It is interesting to compare our approach with techniques for well-nested dependency trees (Kuhlmann and Nivre, 2006).", 
    "keep_for_gold": 0
  }, 
  {
    "citance_No": 20, 
    "citing_paper_id": "N07-1050", 
    "citing_paper_authority": 12, 
    "citing_paper_authors": "Joakim, Nivre", 
    "raw_text": "This suggests that limited degrees of non-projectivity may allow a parser to capture a larger class of naturally occurring syn tactic structures, while still constraining the search to a proper subclass of all possible structures.1 1Alternative notions of mildly non-projective dependency structures are explored in Kuhlmann and Nivre (2006)", 
    "clean_text": "Alternative notions of mildly non-projective dependency structures are explored in Kuhlmann and Nivre (2006).", 
    "keep_for_gold": 0
  }
]
