[
  {
    "citance_No": 1, 
    "citing_paper_id": "P99-1019", 
    "citing_paper_authority": 0, 
    "citing_paper_authors": "Yael Dahan, Netzer | Michael, Elhadad", 
    "raw_text": "Consequently,& quot; shallow surface generators& quot; have recently appeared (Lavoie and Rambow, 1997) (Busemann and Horacek, 1998) that require an input considerably less abstract than those required by more traditional realization components uch as SURGE (E1hadad and Robin, 1996) or KPML (Bateman, 1997)", 
    "clean_text": "", 
    "keep_for_gold": 0
  }, 
  {
    "citance_No": 2, 
    "citing_paper_id": "W10-4205", 
    "citing_paper_authority": 1, 
    "citing_paper_authors": "David K., Elson | Kathleen R., McKeown", 
    "raw_text": "These realizers, along with RealPro (Lavoie and Rambow, 1997), accept tense as a parameter, but do not calculate it from a semantic representation of overlapping time intervals such as ours (though the Nigel grammar can calculate tense from speech, event, and reference time orderings, discussed below)", 
    "clean_text": "These realizers, along with RealPro (Lavoie and Rambow, 1997), accept tense as a parameter, but do not calculate it from a semantic representation of overlapping time intervals such as ours (though the Nigel grammar can calculate tense from speech, event, and reference time orderings, discussed below).", 
    "keep_for_gold": 0
  }, 
  {
    "citance_No": 3, 
    "citing_paper_id": "P06-1034", 
    "citing_paper_authority": 4, 
    "citing_paper_authors": "Ryuichiro, Higashinaka | Rashmi, Prasad | Marilyn A., Walker", 
    "raw_text": "We adopt Deep Syntactic Structures (DSyntSs) as a format for syntactic structures because they can be realized by the fast portable realizer RealPro (Lavoie and Rambow, 1997)", 
    "clean_text": "We adopt Deep Syntactic Structures (DSyntSs) as a format for syntactic structures because they can be realized by the fast portable realizer RealPro (Lavoie and Rambow, 1997).", 
    "keep_for_gold": 0
  }, 
  {
    "citance_No": 4, 
    "citing_paper_id": "W08-0111", 
    "citing_paper_authority": 2, 
    "citing_paper_authors": "Crystal, Nakatsu", 
    "raw_text": "The SPaRKy Restaurant Corpus was generated by the MATCH Spoken Language Generator (Walker et al., 2007) which consists of a dialog manager, SPUR text planner (Walker et al, 2004), SPaRKy sentence planner (Walker et al, 2007), and RealPro surface realizer (Lavoie and Rambow, 1997)", 
    "clean_text": "", 
    "keep_for_gold": 0
  }, 
  {
    "citance_No": 5, 
    "citing_paper_id": "W01-0808", 
    "citing_paper_authority": 3, 
    "citing_paper_authors": "Takako, Aikawa | Maite, Melero | Lee, Schwartz | Andi, Wu", 
    "raw_text": "In this sense, they are functionally similar to the REALPRO system (Lavoie and Rambow, 1997)", 
    "clean_text": "In this sense, they are functionally similar to the REALPRO system (Lavoie and Rambow, 1997).", 
    "keep_for_gold": 0
  }, 
  {
    "citance_No": 6, 
    "citing_paper_id": "W01-1403", 
    "citing_paper_authority": 3, 
    "citing_paper_authors": "Benoit, Lavoie | Michael, White | Tanya, Korelsky", 
    "raw_text": "Neither parser was trained on our corpus. We automatically converted the phrase structure output of the Collins parser into the syntactic dependency representation used by our syn tactic realizer, RealPro (Lavoie and Rambow,1997)", 
    "clean_text": "We automatically converted the phrase structure output of the Collins parser into the syntactic dependency representation used by our syntactic realizer, RealPro (Lavoie and Rambow, 1997).", 
    "keep_for_gold": 0
  }, 
  {
    "citance_No": 7, 
    "citing_paper_id": "W05-1616", 
    "citing_paper_authority": 5, 
    "citing_paper_authors": "Sandra, Williams | Ehud, Reiter", 
    "raw_text": "Discourse relations are essentially rhetorical structure theory (RST) relations [Mann and Thompson, 1987], and messages are represented using a deep-syntactic rep re sentation, which is loosely based on RealPro [Lavoie and Rambow, 1997]", 
    "clean_text": "Discourse relations are essentially rhetorical structure theory (RST) relations [Mann and Thompson, 1987], and messages are represented using a deep-syntactic representation, which is loosely based on RealPro [Lavoie and Rambow, 1997].", 
    "keep_for_gold": 0
  }, 
  {
    "citance_No": 8, 
    "citing_paper_id": "P01-1015", 
    "citing_paper_authority": 2, 
    "citing_paper_authors": "Lynne J., Cahill | John, Carroll | Roger, Evans | Daniel S., Paiva | Richard, Power | Donia R., Scott | Kees, van Deemter", 
    "raw_text": "Currently, FLO supports the LinGOrealiser (Carrollet al, 1999), but we are also looking at FLO modules for RealPro (Lavoie and Rambow, 1997) and FUF/SURGE (Elhadad et al, 1997)", 
    "clean_text": "Currently, FLO supports the LinGOrealiser (Carrollet al, 1999), but we are also looking at FLO modules for RealPro (Lavoie and Rambow, 1997) and FUF/SURGE (Elhadad et al, 1997).", 
    "keep_for_gold": 0
  }, 
  {
    "citance_No": 9, 
    "citing_paper_id": "N01-1003", 
    "citing_paper_authority": 17, 
    "citing_paper_authors": "Marilyn A., Walker | Owen, Rambow | Monica, Rogati", 
    "raw_text": "In the second phase, the sentence plan ranker (SPR) ranks sentence plans generated by the SPG, and then selects the top-ranked out put as input to the surface realizer, RealPro (LavoieandRambow, 1997)", 
    "clean_text": "In the second phase, the sentence plan ranker (SPR) ranks sentence plans generated by the SPG, and then selects the top-ranked out put as input to the surface realizer, RealPro (Lavoie and Rambow, 1997).", 
    "keep_for_gold": 0
  }, 
  {
    "citance_No": 10, 
    "citing_paper_id": "W02-0211", 
    "citing_paper_authority": 2, 
    "citing_paper_authors": "Pamela W., Jordan | Kurt, VanLehn", 
    "raw_text": "It passes propositions and a goal to the sentence-level realization module which uses templates to build the deep syntactic structures required by the RealPro realizer (Lavoie and Rambow, 1997) for generating a string that communicates the goal", 
    "clean_text": "It passes propositions and a goal to the sentence-level realization module which uses templates to build the deep syntactic structures required by the RealPro realizer (Lavoie and Rambow, 1997) for generating a string that communicates the goal.", 
    "keep_for_gold": 0
  }, 
  {
    "citance_No": 11, 
    "citing_paper_id": "C10-1012", 
    "citing_paper_authority": 9, 
    "citing_paper_authors": "Bernd, Bohnet | Leo, Wanner | Simon, Mill | Alicia, Burga", 
    "raw_text": "As rightly pointed out by Belz (2008), traditional wide coverage realizers such as KPML (Bateman et al, 2005), FUF/SURGE (Elhadad and Robin, 1996) and RealPro (Lavoie and Rambow, 1997), which were also intendedas off-the-shelf plug-in realizers still tend to require a considerable amount of work for integration and fine-tuning of the grammatical and lexical resources", 
    "clean_text": "As rightly pointed out by Belz (2008), traditional wide coverage realizers such as KPML (Bateman et al, 2005), FUF/SURGE (Elhadad and Robin, 1996) and RealPro (Lavoie and Rambow, 1997), which were also intended as off-the-shelf plug-in realizers still tend to require a considerable amount of work for integration and fine-tuning of the grammatical and lexical resources.", 
    "keep_for_gold": 1
  }, 
  {
    "citance_No": 12, 
    "citing_paper_id": "P01-1056", 
    "citing_paper_authority": 6, 
    "citing_paper_authors": "Owen, Rambow | Monica, Rogati | Marilyn A., Walker", 
    "raw_text": "Figure 4: List of clause combining operations with examples sentence planners (Lavoie and Rambow, 1997) .DSyntSs are combined using the operations exemplified in Figure 4", 
    "clean_text": "", 
    "keep_for_gold": 0
  }, 
  {
    "citance_No": 13, 
    "citing_paper_id": "P07-1063", 
    "citing_paper_authority": 5, 
    "citing_paper_authors": "Fran&ccedil;ois, Mairesse | Marilyn A., Walker", 
    "raw_text": "The first row specifies findings for the content planning module and the other rows are aspects of sentence planning. Realization is achieved with the RealPro surface realizer (Lavoie and Rambow, 1997)", 
    "clean_text": "Realization is achieved with the RealPro surface realizer (Lavoie and Rambow, 1997).", 
    "keep_for_gold": 0
  }, 
  {
    "citance_No": 14, 
    "citing_paper_id": "P04-1011", 
    "citing_paper_authority": 14, 
    "citing_paper_authors": "Amanda J., Stent | Rashmi, Prasad | Marilyn A., Walker", 
    "raw_text": "The top ranked sentence plan output by the SPR is input to the RealPro surface realizer which produces a surface linguistic utterance (Lavoie and Rambow, 1997)", 
    "clean_text": "The top ranked sentence plan output by the SPR is input to the RealPro surface realizer which produces a surface linguistic utterance (Lavoie and Rambow, 1997).", 
    "keep_for_gold": 1
  }, 
  {
    "citance_No": 15, 
    "citing_paper_id": "P10-1158", 
    "citing_paper_authority": 7, 
    "citing_paper_authors": "Neil, McIntyre | Mirella, Lapata", 
    "raw_text": "Finally, surface realization is performed by interfacing RealPro (Lavoie and Rambow, 1997) with a language model", 
    "clean_text": "Finally, surface realization is performed by interfacing RealPro (Lavoie and Rambow, 1997) with a language model.", 
    "keep_for_gold": 0
  }, 
  {
    "citance_No": 16, 
    "citing_paper_id": "P10-1158", 
    "citing_paper_authority": 7, 
    "citing_paper_authors": "Neil, McIntyre | Mirella, Lapata", 
    "raw_text": "The realizer takes each sentence in the story and reformulates it into input compatible with the RealPro (Lavoie and Rambow,1997) text generation engine", 
    "clean_text": "The realizer takes each sentence in the story and reformulates it into input compatible with the RealPro (Lavoie and Rambow,1997) text generation engine.", 
    "keep_for_gold": 0
  }, 
  {
    "citance_No": 17, 
    "citing_paper_id": "P09-1025", 
    "citing_paper_authority": 8, 
    "citing_paper_authors": "Neil, McIntyre | Mirella, Lapata", 
    "raw_text": "The top-ranked candidateis selected for presentation and verbalized using a language model interfaced with RealPro (Lavoie and Rambow, 1997), a text generation engine", 
    "clean_text": "The top-ranked candidateis selected for presentation and verbalized using a language model interfaced with RealPro (Lavoie and Rambow, 1997), a text generation engine.", 
    "keep_for_gold": 0
  }, 
  {
    "citance_No": 18, 
    "citing_paper_id": "P09-1025", 
    "citing_paper_authority": 8, 
    "citing_paper_authors": "Neil, McIntyre | Mirella, Lapata", 
    "raw_text": "The surface realization process is performed byRealPro (Lavoie and Rambow (1997))", 
    "clean_text": "The surface realization process is performed by RealPro (Lavoie and Rambow (1997)).", 
    "keep_for_gold": 0
  }, 
  {
    "citance_No": 19, 
    "citing_paper_id": "W09-0613", 
    "citing_paper_authority": 18, 
    "citing_paper_authors": "Albert, Gatt | Ehud, Reiter", 
    "raw_text": "Over the past several years, a significant consensus has emerged over the definition of the realisation task, through the development of realisers such asREALPRO (Lavoie and Rambow, 1997), ALETH GEN (Coch, 1996), KPML (Bateman, 1997), FUF/SURGE (Elhadad and Robin, 1996), HALO GEN (Langkilde, 2000), YAG (McRoy et al, 2000), and OPENCCG (White, 2006) .Realisation involves two logically distinguish able tasks", 
    "clean_text": "Over the past several years, a significant consensus has emerged over the definition of the realisation task, through the development of realisers such as REALPRO (Lavoie and Rambow, 1997), ALETH GEN (Coch, 1996), KPML (Bateman, 1997), FUF/SURGE (Elhadad and Robin, 1996), HALO GEN (Langkilde, 2000), YAG (McRoy et al, 2000), and OPENCCG (White, 2006). Realisation involves two logically distinguishable tasks.", 
    "keep_for_gold": 0
  }, 
  {
    "citance_No": 20, 
    "citing_paper_id": "A00-1009", 
    "citing_paper_authority": 5, 
    "citing_paper_authors": "Benoit, Lavoie | Richard, Kittredge | Tanya, Korelsky | Owen, Rambow", 
    "raw_text": "Figure 2 illustrates a DSyntS from a meteorological application, MeteoCogent (Kittredge and Lavoie, 1998), represented using the standard graphical notation and also the RealPro ASCII notation used internally in the framework (Lavoie and Rambow, 1997)", 
    "clean_text": "Figure 2 illustrates a DSyntS from a meteorological application, MeteoCogent (Kittredge and Lavoie, 1998), represented using the standard graphical notation and also the RealPro ASCII notation used internally in the framework (Lavoie and Rambow, 1997).", 
    "keep_for_gold": 0
  }
]
