[
  {
    "citance_No": 1, 
    "citing_paper_id": "E12-1041", 
    "citing_paper_authority": 1, 
    "citing_paper_authors": "Gabriella, Vigliocco | Irene, Fernandez Monsalve | Stefan, Frank", 
    "raw_text": "In order to produce POS-basedsurprisal estimates, versions of both the training and experimental texts with their words replaced by POS were developed: The BNC sentences were parsed by the Stanford Parser, version 1.6.7 (Klein and Manning, 2003), whilst the experimental texts were tagged by an automatic tagger (Tsuruokaand Tsujii, 2005), with posterior review and correction by hand following the Penn Treebank Project Guidelines (Santorini, 1991)", 
    "clean_text": "In order to produce POS-based surprisal estimates, versions of both the training and experimental texts with their words replaced by POS were developed: The BNC sentences were parsed by the Stanford Parser, version 1.6.7 (Klein and Manning, 2003), whilst the experimental texts were tagged by an automatic tagger (Tsuruoka and Tsujii, 2005), with posterior review and correction by hand following the Penn Treebank Project Guidelines (Santorini, 1991).", 
    "keep_for_gold": 0
  }, 
  {
    "citance_No": 2, 
    "citing_paper_id": "D12-1099", 
    "citing_paper_authority": 0, 
    "citing_paper_authors": "Peter, Yeh | Kunal, Verma | Doo Soon, Kim", 
    "raw_text": "(3) SSP performs POS tagging using an off-the-shelf tagger (Tsuruoka and Tsujii, 2005)", 
    "clean_text": "SSP performs POS tagging using an off-the-shelf tagger (Tsuruoka and Tsujii, 2005).", 
    "keep_for_gold": 0
  }, 
  {
    "citance_No": 3, 
    "citing_paper_id": "E12-1050", 
    "citing_paper_authority": 3, 
    "citing_paper_authors": "Georgi, Georgiev | Valentin, Zhikov | Kiril, Simov | Petya, Osenova | Preslav, Nakov", 
    "raw_text": "Note that we allowed prefixes and suffixes of length up to 9, as in (Toutanova et al 2003) and (Tsuruoka and Tsujii, 2005)", 
    "clean_text": "Note that we allowed prefixes and suffixes of length up to 9, as in (Toutanova et al 2003) and (Tsuruoka and Tsujii, 2005).", 
    "keep_for_gold": 0
  }, 
  {
    "citance_No": 4, 
    "citing_paper_id": "P12-1064", 
    "citing_paper_authority": 1, 
    "citing_paper_authors": "Su-Lin, Wu | Sathiya, Keerthi | Jean-Francois, Crespo | Bo, Long | Anlei, Dong | Zhiheng, Huang | Yi, Chang", 
    "raw_text": "TsuruokaandTsujii (2005) proposed easiest-first deterministic decoding", 
    "clean_text": "Tsuruoka and Tsujii (2005) proposed easiest-first deterministic decoding.", 
    "keep_for_gold": 1
  }
]
