[
  {
    "citance_No": 1, 
    "citing_paper_id": "W02-2006", 
    "citing_paper_authority": 15, 
    "citing_paper_authors": "Silviu, Cucerzan | David, Yarowsky", 
    "raw_text": "Some have assumed only partially tagged training corpora (Merialdo, 1994), while others have begin with small tagged seed word lists (such as Collins and Singer (1999) and CucerzanandYarowsky (1999) for named-entity tagging)", 
    "clean_text": "Some have assumed only partially tagged training corpora (Merialdo, 1994), while others have begin with small tagged seed word lists (such as Collins and Singer (1999) and Cucerzan and Yarowsky (1999) for named-entity tagging).", 
    "keep_for_gold": 0
  }, 
  {
    "citance_No": 2, 
    "citing_paper_id": "W12-1908", 
    "citing_paper_authority": 2, 
    "citing_paper_authors": "Oscar, T&auml;ckstr&ouml;m", 
    "raw_text": "The boot strapping methods for language independent NER of Cucerzan and Yarowsky (1999) have a similar effect", 
    "clean_text": "The bootstrapping methods for language independent NER of Cucerzan and Yarowsky (1999) have a similar effect.", 
    "keep_for_gold": 0
  }, 
  {
    "citance_No": 3, 
    "citing_paper_id": "E09-1041", 
    "citing_paper_authority": 0, 
    "citing_paper_authors": "Kazi Saidul, Hasan | Altaf, Rahman | Vincent, Ng", 
    "raw_text": "Cucerzan and Yarowsky (1999) exploit morphological and contextual patterns to propose a language-independent solution to NER", 
    "clean_text": "Cucerzan and Yarowsky (1999) exploit morphological and contextual patterns to propose a language-independent solution to NER.", 
    "keep_for_gold": 0
  }, 
  {
    "citance_No": 4, 
    "citing_paper_id": "P02-1061", 
    "citing_paper_authority": 3, 
    "citing_paper_authors": "Hai Leong, Chieu | Hwee Tou, Ng", 
    "raw_text": "Cucerzan and Yarowsky (1999) built a cross language NER, and the performance on English was low compared to supervised single-language NER such as Identi Finder", 
    "clean_text": "Cucerzan and Yarowsky (1999) built a cross language NER, and the performance on English was low compared to supervised single-language NER such as Identi Finder.", 
    "keep_for_gold": 0
  }, 
  {
    "citance_No": 5, 
    "citing_paper_id": "I08-5005", 
    "citing_paper_authority": 1, 
    "citing_paper_authors": "Karthik, Gali | Harshit, Surana | Ashwini, Vaidya | Praneeth M., Shishtla | Dipti Misra, Sharma", 
    "raw_text": "It has been previously attempted by Cucerzan and Yarowsky in their language independent NER work which used morphological and contextual evidences (Cucerzan and Yarowsky, 1999)", 
    "clean_text": "It has been previously attempted by Cucerzan and Yarowsky in their language independent NER work which used morphological and contextual evidences (Cucerzan and Yarowsky, 1999).", 
    "keep_for_gold": 0
  }, 
  {
    "citance_No": 6, 
    "citing_paper_id": "W04-3234", 
    "citing_paper_authority": 15, 
    "citing_paper_authors": "Dayne, Freitag", 
    "raw_text": "We can also exploit what Cucerzan and Yarowsky (1999) call the one sense per discourse phenomenon, the tendency of terms to have a fixed meaning within a single document", 
    "clean_text": "We can also exploit what Cucerzan and Yarowsky (1999) call the one sense per discourse phenomenon, the tendency of terms to have a fixed meaning within a single document.", 
    "keep_for_gold": 1
  }, 
  {
    "citance_No": 7, 
    "citing_paper_id": "W04-3234", 
    "citing_paper_authority": 15, 
    "citing_paper_authors": "Dayne, Freitag", 
    "raw_text": "Examples of this are Cucerzan and Yarowsky (1999), Thelen and Riloff (2002), and Collins and Singer (1999)", 
    "clean_text": "", 
    "keep_for_gold": 0
  }, 
  {
    "citance_No": 8, 
    "citing_paper_id": "N06-1011", 
    "citing_paper_authority": 23, 
    "citing_paper_authors": "Alexandre, Klementiev | Dan, Roth", 
    "raw_text": "Both (Cucerzan and Yarowsky, 1999) and (Collins and Singer, 1999) present algorithms to obtain NEs from untagged corpora", 
    "clean_text": "Both (Cucerzan and Yarowsky, 1999) and (Collins and Singer, 1999) present algorithms to obtain NEs from untagged corpora.", 
    "keep_for_gold": 0
  }, 
  {
    "citance_No": 9, 
    "citing_paper_id": "I08-5004", 
    "citing_paper_authority": 1, 
    "citing_paper_authors": "Sujan Kumar, Saha | Sanjay, Chatterji | Sandipan, Dandapat | Sudeshna, Sarkar | Pabitra, Mitra", 
    "raw_text": "The NER task for Hindi has been explored byCucerzan and Yarowsky in their language independent NER work which used morphological and con textual evidences (Cucerzan and Yarowsky, 1999) .They ran their experiment with 5 languages Romanian, English, Greek, Turkish and Hindi", 
    "clean_text": "The NER task for Hindi has been explored by Cucerzan and Yarowsky in their language independent NER work which used morphological and contextual evidences (Cucerzan and Yarowsky, 1999).", 
    "keep_for_gold": 0
  }, 
  {
    "citance_No": 10, 
    "citing_paper_id": "W03-0432", 
    "citing_paper_authority": 2, 
    "citing_paper_authors": "Casey, Whitelaw | Jon David, Patrick", 
    "raw_text": "an) for each category c. Tries have previously been used in both supervised (Patrick et al, 2002) and unsupervised (Cucerzan and Yarowsky, 1999) named entity recognition. Each node in an orthographic trie stores the cumulative frequency information for each category in which a given string of characters occurs", 
    "clean_text": "Tries have previously been used in both supervised (Patrick et al, 2002) and unsupervised (Cucerzan and Yarowsky, 1999) named entity recognition.", 
    "keep_for_gold": 0
  }, 
  {
    "citance_No": 11, 
    "citing_paper_id": "W03-0428", 
    "citing_paper_authority": 25, 
    "citing_paper_authors": "Dan, Klein | Joseph, Smarr | Huy, Nguyen | Christopher D., Manning", 
    "raw_text": "Ear lier papers have taken a character-level approach to named entity recognition (NER), notably Cucerzan and Yarowsky (1999), which used prefix and suffix tries, though to our knowledge incorporating all character \u0004 grams is new", 
    "clean_text": "Earlier papers have taken a character-level approach to named entity recognition (NER), notably Cucerzan and Yarowsky (1999), which used prefix and suffix tries, though to our knowledge incorporating all character grams is new.", 
    "keep_for_gold": 1
  }, 
  {
    "citance_No": 12, 
    "citing_paper_id": "P06-1103", 
    "citing_paper_authority": 28, 
    "citing_paper_authors": "Alexandre, Klementiev | Dan, Roth", 
    "raw_text": "Both (Cucerzan and Yarowsky, 1999) and (Collins and Singer, 1999) present algorithms to obtain NEs from untagged corpora", 
    "clean_text": "Both (Cucerzan and Yarowsky, 1999) and (Collins and Singer, 1999) present algorithms to obtain NEs from untagged corpora.", 
    "keep_for_gold": 0
  }, 
  {
    "citance_No": 13, 
    "citing_paper_id": "W09-1116", 
    "citing_paper_authority": 0, 
    "citing_paper_authors": "Shane, Bergsma | Dekang, Lin | Randy, Goebel", 
    "raw_text": "Collins and Singer (1999) and Cucerzan and Yarowsky (1999) apply bootstrapping to the related task of named-entity recognition", 
    "clean_text": "Collins and Singer (1999) and Cucerzan and Yarowsky (1999) apply bootstrapping to the related task of named-entity recognition.", 
    "keep_for_gold": 0
  }, 
  {
    "citance_No": 14, 
    "citing_paper_id": "I08-1045", 
    "citing_paper_authority": 2, 
    "citing_paper_authors": "Sujan Kumar, Saha | Sudeshna, Sarkar | Pabitra, Mitra", 
    "raw_text": "The NER task for Hindi has been explored byCucerzan and Yarowsky in their language independent NER work which used morphological and con textual evidences (Cucerzan and Yarowsky, 1999) .They ran their experiment with 5 languages Romanian, English, Greek, Turkish and Hindi", 
    "clean_text": "The NER task for Hindi has been explored by Cucerzan and Yarowsky in their language independent NER work which used morphological and contextual evidences (Cucerzan and Yarowsky, 1999).", 
    "keep_for_gold": 0
  }, 
  {
    "citance_No": 15, 
    "citing_paper_id": "I08-5010", 
    "citing_paper_authority": 0, 
    "citing_paper_authors": "Praneeth M., Shishtla | Prasad, Pingali | Vasudeva, Varma", 
    "raw_text": "Previous work (Cucerzan and Yarowsky, 1999) was done using the complete words as features which suffers from a low recall problem", 
    "clean_text": "Previous work (Cucerzan and Yarowsky, 1999) was done using the complete words as features which suffers from a low recall problem.", 
    "keep_for_gold": 0
  }, 
  {
    "citance_No": 16, 
    "citing_paper_id": "I08-5010", 
    "citing_paper_authority": 0, 
    "citing_paper_authors": "Praneeth M., Shishtla | Prasad, Pingali | Vasudeva, Varma", 
    "raw_text": "Prefix and suffix tries were also used previously (Cucerzan and Yarowsky, 1999)", 
    "clean_text": "Prefix and suffix tries were also used previously (Cucerzan and Yarowsky, 1999).", 
    "keep_for_gold": 0
  }, 
  {
    "citance_No": 17, 
    "citing_paper_id": "W02-2007", 
    "citing_paper_authority": 2, 
    "citing_paper_authors": "Silviu, Cucerzan | David, Yarowsky", 
    "raw_text": "The core model utilized, ex tended and evaluated here is based on CucerzanandYarowsky (1999)", 
    "clean_text": "The core model utilized, extended and evaluated here is based on Cucerzan and Yarowsky (1999).", 
    "keep_for_gold": 0
  }, 
  {
    "citance_No": 18, 
    "citing_paper_id": "W02-2007", 
    "citing_paper_authority": 2, 
    "citing_paper_authors": "Silviu, Cucerzan | David, Yarowsky", 
    "raw_text": "Because the representations of entity candidates and contexts are identical, this modification imposes only minor changes in algorithm and code. Because the core model has been presented in detail in Cucerzan and Yarowsky (1999), this paper focuses primarily on the modifications of the algorithm and its adaptation to the current task", 
    "clean_text": "Because the core model has been presented in detail in Cucerzan and Yarowsky (1999), this paper focuses primarily on the modifications of the algorithm and its adaptation to the current task.", 
    "keep_for_gold": 0
  }, 
  {
    "citance_No": 19, 
    "citing_paper_id": "W02-2007", 
    "citing_paper_authority": 2, 
    "citing_paper_authors": "Silviu, Cucerzan | David, Yarowsky", 
    "raw_text": "The bootstrapping stage (5) uses the initial or current entity assignments to estimate the class conditional distributions for both entities and contexts along their trie paths, and then re-estimates the distributions of the contexts/entity-candidates to which they are linked, recursively, until all accessible nodes are reached, as presented in Cucerzan and Yarowsky (1999)", 
    "clean_text": "The bootstrapping stage (5) uses the initial or current entity assignments to estimate the class conditional distributions for both entities and contexts along their trie paths, and then re-estimates the distributions of the contexts/entity-candidates to which they are linked, recursively, until all accessible nodes are reached, as presented in Cucerzan and Yarowsky (1999).", 
    "keep_for_gold": 1
  }, 
  {
    "citance_No": 20, 
    "citing_paper_id": "W02-2007", 
    "citing_paper_authority": 2, 
    "citing_paper_authors": "Silviu, Cucerzan | David, Yarowsky", 
    "raw_text": "This paper has presented and evaluated an ex tended bootstrapping model based on Cucerzan and Yarowsky (1999) that uses a unified framework of both entity internal and contextual evidence", 
    "clean_text": "This paper has presented and evaluated an extended bootstrapping model based on Cucerzan and Yarowsky (1999) that uses a unified framework of both entity internal and contextual evidence.", 
    "keep_for_gold": 0
  }
]
