[
  {
    "citance_No": 1, 
    "citing_paper_id": "W00-1102", 
    "citing_paper_authority": 0, 
    "citing_paper_authors": "Bernardo, Magnini | Roberto, Prevete", 
    "raw_text": "(Gonzalo et al., 1998) pointed out some more weaknesses of WordNet for Information Retrieval purposes, in particular the lack of domain information and the fact that sense distinctions are excessively fine-grained for the task", 
    "clean_text": "(Gonzalo et al., 1998) pointed out some more weaknesses of WordNet for Information Retrieval purposes, in particular the lack of domain information and the fact that sense distinctions are excessively fine-grained for the task.", 
    "keep_for_gold": 1
  }, 
  {
    "citance_No": 2, 
    "citing_paper_id": "P14-1115", 
    "citing_paper_authority": 0, 
    "citing_paper_authors": "Yashar, Mehdad | Giuseppe, Carenini | Raymond T., Ng", 
    "raw_text": "Then, following previous studies (e.g., (Gonzaloet al, 1998)), we use the synsets relations in Word Net for query expansion", 
    "clean_text": "Then, following previous studies (e.g., (Gonzaloet al, 1998)), we use the synsets relations in Word Net for query expansion.", 
    "keep_for_gold": 0
  }, 
  {
    "citance_No": 3, 
    "citing_paper_id": "W01-1013", 
    "citing_paper_authority": 1, 
    "citing_paper_authors": "Roberto, Basili | Roberta, Catizone | Llu&iacute;s, Padr&oacute; | Maria Teresa, Pazienza | German, Rigau | Andrea, Setzer | Nick, Webb | Yorick, Wilks | Fabio Massimo, Zanzotto", 
    "raw_text": "The LKB can be used, among others, for monolingual and cross-lingual information retrieval, which has been demonstrated in other projects (Gonzalo et al, 1998)", 
    "clean_text": "The LKB can be used, among others, for monolingual and cross-lingual information retrieval, which has been demonstrated in other projects (Gonzalo et al, 1998).", 
    "keep_for_gold": 0
  }, 
  {
    "citance_No": 4, 
    "citing_paper_id": "H05-1051", 
    "citing_paper_authority": 8, 
    "citing_paper_authors": "Christopher, Stokoe", 
    "raw_text": "Gonzalo et al (1998) cite this failure to model re lated senses in order to explain why their study into the effects of ambiguity showed radically different results to Sanderson (1994)", 
    "clean_text": "Gonzalo et al (1998) cite this failure to model related senses in order to explain why their study into the effects of ambiguity showed radically different results to Sanderson (1994).", 
    "keep_for_gold": 0
  }, 
  {
    "citance_No": 5, 
    "citing_paper_id": "W08-1807", 
    "citing_paper_authority": 0, 
    "citing_paper_authors": "Lonneke, van der Plas | J&ouml;rg, Tiedemann", 
    "raw_text": "Gonzalo et al (1998) showed in an experiment, where words were manually disambiguated, that a substantial increase in performance is obtained when query words are disambiguated, before they are expanded", 
    "clean_text": "Gonzalo et al (1998) showed in an experiment, where words were manually disambiguated, that a substantial increase in performance is obtained when query words are disambiguated, before they are expanded.", 
    "keep_for_gold": 0
  }, 
  {
    "citance_No": 6, 
    "citing_paper_id": "P06-1057", 
    "citing_paper_authority": 16, 
    "citing_paper_authors": "Ido, Dagan | Oren, Glickman | Alfio Massimiliano, Gliozzo | Efrat, Marmorshtein | Carlo, Strapparava", 
    "raw_text": "She found that the expansion was useful with short and incomplete queries, leaving the task of proper automatic expansion as an open problem. (Gonzalo et al, 1998) demonstrates an increment in performance over an IR test collection using the sense data contained in SemCor over apurely term based model", 
    "clean_text": "(Gonzalo et al, 1998) demonstrates an increment in performance over an IR test collection using the sense data contained in SemCor over a purely term based model.", 
    "keep_for_gold": 0
  }, 
  {
    "citance_No": 7, 
    "citing_paper_id": "W02-1101", 
    "citing_paper_authority": 0, 
    "citing_paper_authors": "Roberto, Basili | Roberta, Catizone | Llu&iacute;s, Padr&oacute; | Maria Teresa, Pazienza | German, Rigau | Andrea, Setzer | Nick, Webb | Fabio Massimo, Zanzotto", 
    "raw_text": "The KB can be used, among others, for monolingual and cross-lingual information retrieval, which was demonstrated by (Gonzalo et al, 1998)", 
    "clean_text": "The KB can be used, among others, for monolingual and cross-lingual information retrieval, which was demonstrated by (Gonzalo et al, 1998).", 
    "keep_for_gold": 0
  }, 
  {
    "citance_No": 8, 
    "citing_paper_id": "P12-1029", 
    "citing_paper_authority": 1, 
    "citing_paper_authors": "Zhi, Zhong | Hwee Tou, Ng", 
    "raw_text": "In another work, Gonzalo et al (1998) used a manually sense annotated corpus, SemCor, to study the effects of incorrect disambiguation", 
    "clean_text": "In another work, Gonzalo et al (1998) used a manually sense annotated corpus, SemCor, to study the effects of incorrect disambiguation.", 
    "keep_for_gold": 0
  }
]
