[
  {
    "citance_No": 1, 
    "citing_paper_id": "L08-1001", 
    "citing_paper_authority": 2, 
    "citing_paper_authors": "Kathrin, Eichler | Holmer, Hemsen | G&uuml;nter, Neumann", 
    "raw_text": "Our work is related to previous work on domain independent unsupervised relation extraction, in particular Sekine (2006), Shinyama and Sekine (2006) and Banko et al (2007) .Sekine (2006) introduces On-demand information ex traction, which aims at automatically identifying salient patterns and extracting relations based on these patterns", 
    "clean_text": "Our work is related to previous work on domain independent unsupervised relation extraction, in particular Sekine (2006), Shinyama and Sekine (2006) and Banko et al (2007).", 
    "keep_for_gold": 0
  }, 
  {
    "citance_No": 2, 
    "citing_paper_id": "L08-1001", 
    "citing_paper_authority": 2, 
    "citing_paper_authors": "Kathrin, Eichler | Holmer, Hemsen | G&uuml;nter, Neumann", 
    "raw_text": "Shinyama and Sekine (2006) apply NER, co reference resolution and parsing to a corpus of newspaper articles to ex tract two-place relations between NEs", 
    "clean_text": "Shinyama and Sekine (2006) apply NER, coreference resolution and parsing to a corpus of newspaper articles to extract two-place relations between NEs.", 
    "keep_for_gold": 1
  }, 
  {
    "citance_No": 3, 
    "citing_paper_id": "L08-1001", 
    "citing_paper_authority": 2, 
    "citing_paper_authors": "Kathrin, Eichler | Holmer, Hemsen | G&uuml;nter, Neumann", 
    "raw_text": "Like Sekine (2006) and Shinyama and Sekine (2006), we concentrate on relations involving NEs, the assumption being that these relations are the potentially interesting ones", 
    "clean_text": "Like Sekine (2006) and Shinyama and Sekine (2006), we concentrate on relations involving NEs, the assumption being that these relations are the potentially interesting ones.", 
    "keep_for_gold": 0
  }, 
  {
    "citance_No": 4, 
    "citing_paper_id": "D12-1018", 
    "citing_paper_authority": 4, 
    "citing_paper_authors": "Hila, Weisman | Jonathan, Berant | Idan, Szpektor | Ido, Dagan", 
    "raw_text": "Inference rules are an important building block of many semantic applications, such as Question Answering (Ravichandran and Hovy, 2002) and In formation Extraction (Shinyama and Sekine, 2006)", 
    "clean_text": "Inference rules are an important building block of many semantic applications, such as Question Answering (Ravichandran and Hovy, 2002) and Information Extraction (Shinyama and Sekine, 2006).", 
    "keep_for_gold": 0
  }, 
  {
    "citance_No": 5, 
    "citing_paper_id": "P10-1013", 
    "citing_paper_authority": 25, 
    "citing_paper_authors": "Fei, Wu | Daniel S., Weld", 
    "raw_text": "in (Shinyama and Sekine, 2006), aims to handle an unbounded number of relations and run quickly enough to process Web scale corpora", 
    "clean_text": "An alternative paradigm, Open IE, pioneered by the TextRunner system (Banko et al., 2007) and the \"preemptive IE\" in (Shinyama and Sekine, 2006), aims to handle an unbounded number of relations and run quickly enough to process Webscale corpora.", 
    "keep_for_gold": 0
  }, 
  {
    "citance_No": 6, 
    "citing_paper_id": "P10-1013", 
    "citing_paper_authority": 25, 
    "citing_paper_authors": "Fei, Wu | Daniel S., Weld", 
    "raw_text": "framework to avoid relation-specificity (Shinyama and Sekine, 2006)", 
    "clean_text": "Shinyama and Sekine proposed the \"preemptive IE\" framework to avoid relation-specificity (Shinyama and Sekine, 2006).", 
    "keep_for_gold": 0
  }, 
  {
    "citance_No": 7, 
    "citing_paper_id": "W10-0913", 
    "citing_paper_authority": 2, 
    "citing_paper_authors": "Zareen, Syed | Evelyne, Viegas", 
    "raw_text": "Our work focuses on a recent line of exploratory work in the direction of Unrestricted Relation Discovery which is defined as: the automatic identification of different relations in text without specifying a relation or set of relations in advance (Shinyama and Sekine, 2006)", 
    "clean_text": "Our work focuses on a recent line of exploratory work in the direction of Unrestricted Relation Discovery which is defined as: the automatic identification of different relations in text without specifying a relation or set of relations in advance (Shinyama and Sekine, 2006).", 
    "keep_for_gold": 0
  }, 
  {
    "citance_No": 8, 
    "citing_paper_id": "W10-0913", 
    "citing_paper_authority": 2, 
    "citing_paper_authors": "Zareen, Syed | Evelyne, Viegas", 
    "raw_text": "Shinyama and Sekine (2006) developed an approach to preemptively discover relations in a corpus and present them as tables with all the entity pairs in the table having the same relations between them", 
    "clean_text": "Shinyama and Sekine (2006) developed an approach to preemptively discover relations in a corpus and present them as tables with all the entity pairs in the table having the same relations between them.", 
    "keep_for_gold": 0
  }, 
  {
    "citance_No": 9, 
    "citing_paper_id": "W10-0907", 
    "citing_paper_authority": 3, 
    "citing_paper_authors": "Janara, Christensen | Mausam,  | Stephen, Soderland | Oren, Etzioni", 
    "raw_text": "A paradigm related to Open IE is Preemptive IE (Shinyama and Sekine, 2006)", 
    "clean_text": "A paradigm related to Open IE is Preemptive IE (Shinyama and Sekine, 2006).", 
    "keep_for_gold": 0
  }, 
  {
    "citance_No": 10, 
    "citing_paper_id": "D12-1094", 
    "citing_paper_authority": 2, 
    "citing_paper_authors": "Bonan, Min | Shuming, Shi | Ralph, Grishman | Chin-Yew, Lin", 
    "raw_text": "However, most algorithms (Hasegawa et al 2004, Shinyama and Sekine, 2006, Chen et. al, 2005) rely on tagging predefined types of entities as relation arguments, and thus are not well-suited for the open domain", 
    "clean_text": "However, most algorithms (Hasegawa et al 2004, Shinyama and Sekine, 2006, Chen et. al, 2005) rely on tagging predefined types of entities as relation arguments, and thus are not well-suited for the open domain.", 
    "keep_for_gold": 0
  }, 
  {
    "citance_No": 11, 
    "citing_paper_id": "D10-1106", 
    "citing_paper_authority": 15, 
    "citing_paper_authors": "Stefan, Schoenmackers | Jesse, Davis | Oren, Etzioni | Daniel S., Weld", 
    "raw_text": "Prior work in relation discovery (Shinyama and Sekine, 2006) has investigated the problem of finding relationships between different classes", 
    "clean_text": "Prior work in relation discovery (Shinyama and Sekine, 2006) has investigated the problem of finding relationships between different classes.", 
    "keep_for_gold": 0
  }, 
  {
    "citance_No": 12, 
    "citing_paper_id": "P13-1131", 
    "citing_paper_authority": 3, 
    "citing_paper_authors": "Oren, Melamud | Jonathan, Berant | Ido, Dagan | Jacob, Goldberger | Idan, Szpektor", 
    "raw_text": "Inference rules for predicates have been identified as an important component in semantic applications, such as Question Answering (QA) (Ravichandran and Hovy, 2002) and Information Extraction (IE) (Shinyama and Sekine, 2006)", 
    "clean_text": "Inference rules for predicates have been identified as an important component in semantic applications, such as Question Answering (QA) (Ravichandran and Hovy, 2002) and Information Extraction (IE) (Shinyama and Sekine, 2006).", 
    "keep_for_gold": 0
  }, 
  {
    "citance_No": 13, 
    "citing_paper_id": "D08-1062", 
    "citing_paper_authority": 0, 
    "citing_paper_authors": "Nicholas, Andrews | Naren, Ramakrishnan", 
    "raw_text": "(Shinyama and Sekine, 2006) rely further on supervised methods, defining features over a full syntactic parse, and exploit multiple descriptions of the same event in newswire to identify useful relations", 
    "clean_text": "(Shinyama and Sekine, 2006) rely further on supervised methods, defining features over a full syntactic parse, and exploit multiple descriptions of the same event in newswire to identify useful relations.", 
    "keep_for_gold": 1
  }, 
  {
    "citance_No": 14, 
    "citing_paper_id": "P11-1098", 
    "citing_paper_authority": 27, 
    "citing_paper_authors": "Nathanael, Chambers | Daniel, Jurafsky", 
    "raw_text": "In contrast, this paper removes these data assumptions, learning instead from a corpus of unknown events and unclustered documents, without seed examples. Shinyama and Sekine (2006) describe an approach to template learning without labeled data", 
    "clean_text": "Shinyama and Sekine (2006) describe an approach to template learning without labeled data.", 
    "keep_for_gold": 0
  }, 
  {
    "citance_No": 15, 
    "citing_paper_id": "D12-1048", 
    "citing_paper_authority": 25, 
    "citing_paper_authors": "Michael, Schmitz | Mausam,  | Stephen, Soderland | Robert, Bart | Oren, Etzioni", 
    "raw_text": "Preemptive IE (Shinyama and Sekine, 2006) is a paradigm related to Open IE that first groups documents based on pairwise vector clustering, then applies additional clustering to group entities based on document clusters", 
    "clean_text": "Preemptive IE (Shinyama and Sekine, 2006) is a paradigm related to Open IE that first groups documents based on pairwise vector clustering, then applies additional clustering to group entities based on document clusters.", 
    "keep_for_gold": 1
  }, 
  {
    "citance_No": 16, 
    "citing_paper_id": "P12-2031", 
    "citing_paper_authority": 4, 
    "citing_paper_authors": "Naomi, Zeichner | Jonathan, Berant | Ido, Dagan", 
    "raw_text": "Inference rules are an important component in semantic applications, such as Question Answering (QA) (Ravichandran and Hovy, 2002) and Information Extraction (IE) (Shinyama and Sekine, 2006), describing a directional inference relation between two text patterns with variables", 
    "clean_text": "Inference rules are an important component in semantic applications, such as Question Answering (QA) (Ravichandran and Hovy, 2002) and Information Extraction (IE) (Shinyama and Sekine, 2006), describing a directional inference relation between two text patterns with variables.", 
    "keep_for_gold": 0
  }, 
  {
    "citance_No": 17, 
    "citing_paper_id": "P13-2051", 
    "citing_paper_authority": 0, 
    "citing_paper_authors": "Oren, Melamud | Ido, Dagan | Jacob, Goldberger | Idan, Szpektor", 
    "raw_text": "The benefit of utilizing template-based inference rules between predicates was demonstrated in NLP tasks such as Question Answering (QA) (Ravichandran and Hovy, 2002) and Information Extraction (IE) (Shinyama and Sekine, 2006)", 
    "clean_text": "The benefit of utilizing template-based inference rules between predicates was demonstrated in NLP tasks such as Question Answering (QA) (Ravichandran and Hovy, 2002) and Information Extraction (IE) (Shinyama and Sekine, 2006).", 
    "keep_for_gold": 0
  }
]
