[
  {
    "citance_No": 1, 
    "citing_paper_id": "A00-2005", 
    "citing_paper_authority": 9, 
    "citing_paper_authors": "John C., Henderson | Eric, Brill", 
    "raw_text": "1 Introduct ion Henderson and Brill (1999) showed that independent human research efforts produce parsers that can be combined for an overall boost in accuracy", 
    "clean_text": "Henderson and Brill (1999) showed that independent human research efforts produce parsers that can be combined for an overall boost in accuracy.", 
    "keep_for_gold": 0
  }, 
  {
    "citance_No": 2, 
    "citing_paper_id": "A00-2005", 
    "citing_paper_authority": 9, 
    "citing_paper_authors": "John C., Henderson | Eric, Brill", 
    "raw_text": "the collection of hypotheses ti =fi (Stest) using the unweighted constituent voting scheme of Henderson and Brill (1999)", 
    "clean_text": "Given a novel sentence Stest E Ctest, combine the collection of hypotheses ti = fi(Stest) using the unweighted constituent voting scheme of Henderson and Brill (1999).", 
    "keep_for_gold": 0
  }, 
  {
    "citance_No": 3, 
    "citing_paper_id": "N10-1091", 
    "citing_paper_authority": 22, 
    "citing_paper_authors": "Mihai, Surdeanu | Christopher D., Manning", 
    "raw_text": "The latter approach was shown to perform better for constituent parsing (Henderson and Brill, 1999) .While all these models achieved good performance, the previous work has left several questions Devel In domain Out of domain LAS LAS UAS LAS UAS MST 85.36 87.07 89.95 80.48 86.08 Malt? AE 84.24 85.96 88.64 78.74 84.18 Malt? CN 83.75 85.61 88.14 78.55 83.68 Malt? AS 83.74 85.36 88.06 77.23 82.39 Malt? AS 82.43 83.90 86.70 76.69 82.57 Malt? CN 81.75 83.53 86.17 77.29 83.02 Malt? AE 80.76 82.51 85.35 76.18 82.02Table 1: Labeled attachment scores (LAS) and unlabeled attachment scores (UAS) for the base models", 
    "clean_text": "", 
    "keep_for_gold": 0
  }, 
  {
    "citance_No": 4, 
    "citing_paper_id": "N10-1091", 
    "citing_paper_authority": 22, 
    "citing_paper_authors": "Mihai, Surdeanu | Christopher D., Manning", 
    "raw_text": "5 (Henderson and Brill, 1999) used a similar framework in the context of constituent parsing and only three base parsers", 
    "clean_text": "(Henderson and Brill, 1999) used a similar framework in the context of constituent parsing and only three base parsers.", 
    "keep_for_gold": 0
  }, 
  {
    "citance_No": 5, 
    "citing_paper_id": "W05-1518", 
    "citing_paper_authority": 11, 
    "citing_paper_authors": "Daniel, Zeman | Zden&#x11B;k, &#x17D;abokrtsk&yacute;", 
    "raw_text": "A successful application of voting and of a stacked classifier to constituent parsing followed in (Henderson and Brill, 1999)", 
    "clean_text": "A successful application of voting and of a stacked classifier to constituent parsing followed in (Henderson and Brill, 1999).", 
    "keep_for_gold": 0
  }, 
  {
    "citance_No": 6, 
    "citing_paper_id": "W05-1518", 
    "citing_paper_authority": 11, 
    "citing_paper_authors": "Daniel, Zeman | Zden&#x11B;k, &#x17D;abokrtsk&yacute;", 
    "raw_text": "This approach roughly corresponds to (Henderson and Brill, 1999)? s Na ?ve Bayes parse hybridization", 
    "clean_text": "This approach roughly corresponds to (Henderson and Brill, 1999)'s Naive Bayes parse hybridization.", 
    "keep_for_gold": 0
  }, 
  {
    "citance_No": 7, 
    "citing_paper_id": "W05-1518", 
    "citing_paper_authority": 11, 
    "citing_paper_authors": "Daniel, Zeman | Zden&#x11B;k, &#x17D;abokrtsk&yacute;", 
    "raw_text": "Henderson and Brill (1999) also reported that context did not help them to outperform simple voting", 
    "clean_text": "Henderson and Brill (1999) also reported that context did not help them to outperform simple voting.", 
    "keep_for_gold": 0
  }, 
  {
    "citance_No": 8, 
    "citing_paper_id": "W05-1518", 
    "citing_paper_authority": 11, 
    "citing_paper_authors": "Daniel, Zeman | Zden&#x11B;k, &#x17D;abokrtsk&yacute;", 
    "raw_text": "(Henderson and Brill, 1999) improved their best parser? s F-measure of 89.7 to 91.3, using their na ?ve Bayes voting on the Penn TreeBank constituent structures (16% error reduction)", 
    "clean_text": "(Henderson and Brill, 1999) improved their best parser's F-measure of 89.7 to 91.3, using their naive Bayes voting on the Penn TreeBank constituent structures (16% error reduction).", 
    "keep_for_gold": 1
  }, 
  {
    "citance_No": 9, 
    "citing_paper_id": "W04-2004", 
    "citing_paper_authority": 0, 
    "citing_paper_authors": "Francis, Brunet-Manquat", 
    "raw_text": "The approach used, called c o m b i n a t i o n approach, has known lots of success in speech recognition (Fiscus 1997, Schwenck and Gauvain 2000), part of speech tagging (Halteren and al. 1998, Brill and al. 1998, Marquez et Padro 1998), named entity recognition (Borthwick and al. 1998), word sense disambiguation (Pedersen, 2000) and recently in parsing (Henderson and Brill 1999), Inui and Inui 2000, Monceaux and Robba 2003)", 
    "clean_text": "", 
    "keep_for_gold": 0
  }, 
  {
    "citance_No": 10, 
    "citing_paper_id": "P01-1005", 
    "citing_paper_authority": 60, 
    "citing_paper_authors": "Michele, Banko | Eric, Brill", 
    "raw_text": "Voting has proven to be an effective technique for improving classifier accuracy for many applications, including part-of-speech tagging (van Halteren, et al 1998), parsing (Henderson and Brill, 1999), and word sense disambiguation (Pederson, 2000)", 
    "clean_text": "Voting has proven to be an effective technique for improving classifier accuracy for many applications, including part-of-speech tagging (van Halteren, et al 1998), parsing (Henderson and Brill, 1999), and word sense disambiguation (Pederson, 2000).", 
    "keep_for_gold": 0
  }, 
  {
    "citance_No": 11, 
    "citing_paper_id": "D09-1161", 
    "citing_paper_authority": 14, 
    "citing_paper_authors": "Hui, Zhang | Min, Zhang | Chew Lim, Tan | Haizhou, Li", 
    "raw_text": "Regarding the system combination study, Henderson and Brill (1999) propose two parser combination schemes, one that selects an entire tree from one of the parsers, and one that builds a new tree by selecting constituents suggested by the initial trees", 
    "clean_text": "Regarding the system combination study, Henderson and Brill (1999) propose two parser combination schemes, one that selects an entire tree from one of the parsers, and one that builds a new tree by selecting constituents suggested by the initial trees.", 
    "keep_for_gold": 1
  }, 
  {
    "citance_No": 12, 
    "citing_paper_id": "D09-1161", 
    "citing_paper_authority": 14, 
    "citing_paper_authors": "Hui, Zhang | Min, Zhang | Chew Lim, Tan | Haizhou, Li", 
    "raw_text": "Henderson and Brill (1999) combine three parsers and obtained an F1 score of 90.6, which is better than the score of 88.6 obtained by the best individual parser as reported in their paper", 
    "clean_text": "Henderson and Brill (1999) combine three parsers and obtained an F1 score of 90.6, which is better than the score of 88.6 obtained by the best individual parser as reported in their paper.", 
    "keep_for_gold": 0
  }, 
  {
    "citance_No": 13, 
    "citing_paper_id": "D09-1161", 
    "citing_paper_authority": 14, 
    "citing_paper_authors": "Hui, Zhang | Min, Zhang | Chew Lim, Tan | Haizhou, Li", 
    "raw_text": "Besides the two model scores, we also adopt constituent count as an additional feature in spired by (Henderson and Brill 1999) and (Sagae and Lavie 2006)", 
    "clean_text": "Besides the two model scores, we also adopt constituent count as an additional feature inspired by (Henderson and Brill 1999) and (Sagae and Lavie 2006).", 
    "keep_for_gold": 0
  }, 
  {
    "citance_No": 14, 
    "citing_paper_id": "N06-2033", 
    "citing_paper_authority": 48, 
    "citing_paper_authors": "Kenji, Sagae | Alon, Lavie", 
    "raw_text": "Henderson and Brill (1999) proposed two parser combination schemes, one that picks an entire tree from one of the parsers, and one that, like ours, builds a new tree from constituents from the initial trees", 
    "clean_text": "Henderson and Brill (1999) proposed two parser combination schemes, one that picks an entire tree from one of the parsers, and one that, like ours, builds a new tree from constituents from the initial trees.", 
    "keep_for_gold": 0
  }, 
  {
    "citance_No": 15, 
    "citing_paper_id": "N09-2064", 
    "citing_paper_authority": 5, 
    "citing_paper_authors": "Victoria Li, Fossum | Kevin, Knight", 
    "raw_text": "(Henderson and Brill, 1999) perform parse selection by maximizing the expected precision of the selected parse with respect to the set of parses being combined", 
    "clean_text": "(Henderson and Brill, 1999) perform parse selection by maximizing the expected precision of the selected parse with respect to the set of parses being combined.", 
    "keep_for_gold": 1
  }, 
  {
    "citance_No": 16, 
    "citing_paper_id": "N09-2064", 
    "citing_paper_authority": 5, 
    "citing_paper_authors": "Victoria Li, Fossum | Kevin, Knight", 
    "raw_text": "(Henderson and Brill, 1999) and (Sagae and Lavie, 2006) propose methods for parse hybridization by recombining constituents", 
    "clean_text": "(Henderson and Brill, 1999) and (Sagae and Lavie, 2006) propose methods for parse hybridization by recombining constituents.", 
    "keep_for_gold": 0
  }, 
  {
    "citance_No": 17, 
    "citing_paper_id": "N09-2064", 
    "citing_paper_authority": 5, 
    "citing_paper_authors": "Victoria Li, Fossum | Kevin, Knight", 
    "raw_text": "output (Figure 3) .Second, the parse selection method of (Henderson and Brill, 1999) selects the parse with maximum expected precision; here, we present an efficient, linear-time algorithm for selecting the parse with maximum expected f-score within the Mini mum Bayes Risk (MBR) framework. Third, we extend these parser combination methods from 1-best outputs to n-best outputs", 
    "clean_text": "Second, the parse selection method of (Henderson and Brill, 1999) selects the parse with maximum expected precision; here, we present an efficient, linear-time algorithm for selecting the parse with maximum expected f-score within the Mini mum Bayes Risk (MBR) framework.", 
    "keep_for_gold": 0
  }, 
  {
    "citance_No": 18, 
    "citing_paper_id": "P09-1065", 
    "citing_paper_authority": 14, 
    "citing_paper_authors": "Yang, Liu | Haitao, Mi | Yang, Feng | Qun, Liu", 
    "raw_text": "System combination has benefited various NLP tasks in recent years, such as products-of-experts (e.g., (Smith and Eisner, 2005)) and ensemble based parsing (e.g., (Henderson and Brill, 1999))", 
    "clean_text": "System combination has benefited various NLP tasks in recent years, such as products-of-experts (e.g., (Smith and Eisner, 2005)) and ensemble based parsing (e.g., (Henderson and Brill, 1999)).", 
    "keep_for_gold": 0
  }, 
  {
    "citance_No": 19, 
    "citing_paper_id": "N03-1004", 
    "citing_paper_authority": 9, 
    "citing_paper_authors": "Jennifer, Chu-Carroll | Krzysztof, Czuba | John, Prager | Abraham, Ittycheriah", 
    "raw_text": "In NLP, such methods have been applied to tasks such as POS tagging (Brill and Wu, 1998), word sense disambiguation (Pedersen, 2000), parsing (Henderson and Brill, 1999), and machine translation (Frederking and Nirenburg, 1994)", 
    "clean_text": "In NLP, such methods have been applied to tasks such as POS tagging (Brill and Wu, 1998), word sense disambiguation (Pedersen, 2000), parsing (Henderson and Brill, 1999), and machine translation (Frederking and Nirenburg, 1994).", 
    "keep_for_gold": 0
  }, 
  {
    "citance_No": 20, 
    "citing_paper_id": "C10-1151", 
    "citing_paper_authority": 1, 
    "citing_paper_authors": "Muhua, Zhu | Jingbo, Zhu | Tong, Xiao", 
    "raw_text": "Henderson and Brill (1999) performs parse selection by maximizing the expected precision of selected parse with respect to the set of parses to be combined", 
    "clean_text": "Henderson and Brill (1999) performs parse selection by maximizing the expected precision of selected parse with respect to the set of parses to be combined.", 
    "keep_for_gold": 0
  }
]
