[
  {
    "citance_No": 1, 
    "citing_paper_id": "W91-0206", 
    "citing_paper_authority": 0, 
    "citing_paper_authors": "James H., Martin", 
    "raw_text": "[Fass, 1988, Hinkelman, 1989, Martin, 1990, Pustejovsky, 1991, Zernik, 1987] A careful analysis of these disparate fforts reveals that a common approach to the semantic interpretation of non-literal language may be emerging", 
    "clean_text": "", 
    "keep_for_gold": 0
  }, 
  {
    "citance_No": 2, 
    "citing_paper_id": "W91-0206", 
    "citing_paper_authority": 0, 
    "citing_paper_authors": "James H., Martin", 
    "raw_text": "The work of Pustejovsky [Pustejovsky, 1991] is related in its attempt o reduce the size and complexity of individual lexical entries", 
    "clean_text": "The work of Pustejovsky [Pustejovsky, 1991] is related in its attempt o reduce the size and complexity of individual lexical entries.", 
    "keep_for_gold": 0
  }, 
  {
    "citance_No": 3, 
    "citing_paper_id": "D12-1017", 
    "citing_paper_authority": 1, 
    "citing_paper_authors": "Alex, Judea | Vivi, Nastase | Katja, Markert | Michael, Strube", 
    "raw_text": "Our view of relations in a concept network being the interpretations of metonymies is strongly reminiscent of older work in metonymy resolution such as Hobbs et al1993), Fass (1991), Markert and Hahn (2002) or the use of a generative lexicon and its relations in Pustejovsky (1991), which also are unsupervised", 
    "clean_text": "Our view of relations in a concept network being the interpretations of metonymies is strongly reminiscent of older work in metonymy resolution such as Hobbs et al1993), Fass (1991), Markert and Hahn (2002) or the use of a generative lexicon and its relations in Pustejovsky (1991), which also are unsupervised.", 
    "keep_for_gold": 0
  }, 
  {
    "citance_No": 4, 
    "citing_paper_id": "C08-1092", 
    "citing_paper_authority": 1, 
    "citing_paper_authors": "Tom, Richens", 
    "raw_text": "The term quale (plural :qualia) is borrowed from Pustejovsky (1991)", 
    "clean_text": "The term quale (plural :qualia) is borrowed from Pustejovsky (1991).", 
    "keep_for_gold": 0
  }, 
  {
    "citance_No": 5, 
    "citing_paper_id": "W06-2605", 
    "citing_paper_authority": 1, 
    "citing_paper_authors": "Rajen, Subba | Barbara Di, Eugenio | Su Nam, Kim", 
    "raw_text": "To provide semantics for nouns, we use CoreLex (Buitelaar, 1998), in turn based on the generative lexicon (Pustejovsky, 1991)", 
    "clean_text": "To provide semantics for nouns, we use CoreLex (Buitelaar, 1998), in turn based on the generative lexicon (Pustejovsky, 1991).", 
    "keep_for_gold": 0
  }, 
  {
    "citance_No": 6, 
    "citing_paper_id": "N03-2034", 
    "citing_paper_authority": 1, 
    "citing_paper_authors": "Elena, Terenzi | Barbara Di, Eugenio", 
    "raw_text": "CoreLex is based on a different theory than Levin? s (that of the generative lexicon (Pustejovsky, 1991)), but does provide a compatible decompositional meaning representation for nouns", 
    "clean_text": "CoreLex is based on a different theory than Levin's (that of the generative lexicon (Pustejovsky, 1991)), but does provide a compatible decompositional meaning representation for nouns.", 
    "keep_for_gold": 0
  }, 
  {
    "citance_No": 7, 
    "citing_paper_id": "P96-1020", 
    "citing_paper_authority": 6, 
    "citing_paper_authors": "Koichi, Takeda", 
    "raw_text": "There are several alternative approaches that might eventually liberate us from this limitation on the usability of MT systems: Unification-based grammar formalisms and lexical-semantics formalisms (see LFG (Kaplan and Bresnan, 1982), HPSG (Pollard and Sag, 1987), and Generative Lexicon (Pustejovsky, 1991), for example) have been proposed to facilitate computationally precise description of natural language syntax and semantics", 
    "clean_text": "Generative Lexicon (Pustejovsky, 1991), for example have been proposed to facilitate computationally precise description of natural language syntax and semantics.", 
    "keep_for_gold": 0
  }, 
  {
    "citance_No": 8, 
    "citing_paper_id": "C96-1062", 
    "citing_paper_authority": 1, 
    "citing_paper_authors": "Cecile, Fabre", 
    "raw_text": "The idea that noun meaning involves ewmt-based escription has been particularly emphasized by J. Pustejovsky (1991)", 
    "clean_text": "The idea that noun meaning involves event-based description has been particularly emphasized by J. Pustejovsky (1991).", 
    "keep_for_gold": 0
  }, 
  {
    "citance_No": 9, 
    "citing_paper_id": "C96-1062", 
    "citing_paper_authority": 1, 
    "citing_paper_authors": "Cecile, Fabre", 
    "raw_text": "This semantic framework demonstrates that the association between nominal constituents and underlying predicative relation in root compounds is not arbitrary: it involves conceptual mechanisms that are triggered in other linguistic phenomena such as type coercion (Pustejovsky, 1991), anaphora (Fradin, 1984) or adjectival constructions (Bouillon and Viegas, 1993)", 
    "clean_text": "This semantic framework demonstrates that the association between nominal constituents and underlying predicative relation in root compounds is not arbitrary: it involves conceptual mechanisms that are triggered in other linguistic phenomena such as type coercion (Pustejovsky, 1991), anaphora (Fradin, 1984) or adjectival constructions (Bouillon and Viegas, 1993).", 
    "keep_for_gold": 0
  }, 
  {
    "citance_No": 10, 
    "citing_paper_id": "C96-1062", 
    "citing_paper_authority": 1, 
    "citing_paper_authors": "Cecile, Fabre", 
    "raw_text": "Such com -pounds illustrate the notion of co-compositionality (Pustejovsky 1991)", 
    "clean_text": "Such compounds illustrate the notion of co-compositionality (Pustejovsky 1991).", 
    "keep_for_gold": 0
  }, 
  {
    "citance_No": 11, 
    "citing_paper_id": "W11-0808", 
    "citing_paper_authority": 0, 
    "citing_paper_authors": "Juwon, Lee", 
    "raw_text": "Pustejovsky (1991) refers to this kind of relation as co specification :i.e. like verb can select for its argument type, an argument also can select its associated predicates", 
    "clean_text": "Pustejovsky (1991) refers to this kind of relation as co specification i.e. like verb can select for its argument type, an argument also can select its associated predicates.", 
    "keep_for_gold": 0
  }, 
  {
    "citance_No": 12, 
    "citing_paper_id": "W11-0808", 
    "citing_paper_authority": 0, 
    "citing_paper_authors": "Juwon, Lee", 
    "raw_text": "The associated predicate information is included in the qualia structure of a lexical item (Pustejovsky, 1991)", 
    "clean_text": "The associated predicate information is included in the qualia structure of a lexical item (Pustejovsky, 1991).", 
    "keep_for_gold": 0
  }, 
  {
    "citance_No": 13, 
    "citing_paper_id": "W11-0808", 
    "citing_paper_authority": 0, 
    "citing_paper_authors": "Juwon, Lee", 
    "raw_text": "I declare that Korean common nouns have both the RESTR (ICTION) for normal semantics and the QUALIA-ST (RUCTURE), which in turn has the AGENTIVE and TELIC attributes, adopting the basic idea from Pustejovsky (1991) and adapting the feature structure from Copestake (1993)", 
    "clean_text": "I declare that Korean common nouns have both the RESTR (ICTION) for normal semantics and the QUALIA-ST (RUCTURE), which in turn has the AGENTIVE and TELIC attributes, adopting the basic idea from Pustejovsky (1991).", 
    "keep_for_gold": 0
  }, 
  {
    "citance_No": 14, 
    "citing_paper_id": "W11-0808", 
    "citing_paper_authority": 0, 
    "citing_paper_authors": "Juwon, Lee", 
    "raw_text": "The VPs with the verbs start or finish (see Pustejovsky, 1991) can also be accounted for using the qualia structure :e.g. ,pap-ulsicakhata/kkuthnayta &apos ;start/ finish (cooking/*eating) the rice &apos; ,khephi-lulsicakhata/kkuthnayta &apos ;start/ finish (brewing/*drinking) the coffee &apos; ,khemphuthe-lulsicakhata/kkuthnayta &apos ;start/ finish (*building/using) the computer &apos; and *mwul-ulsicakhata/kkuthnayta", 
    "clean_text": "The VPs with the verbs start or finish (see Pustejovsky, 1991) can also be accounted for using the qualia structure.", 
    "keep_for_gold": 0
  }, 
  {
    "citance_No": 15, 
    "citing_paper_id": "W94-0311", 
    "citing_paper_authority": 2, 
    "citing_paper_authors": "Evelyne, Viegas | Pierrette, Bouillon", 
    "raw_text": "The vast space between these two extremes can still be explained in terms of compositional principles with mechanisms from GLT such as type coercion and sub selection (Pustejovsky, 1991, 1993), as we shall see below", 
    "clean_text": "The vast space between these two extremes can still be explained in terms of compositional principles with mechanisms from GLT such as type coercion and sub selection (Pustejovsky, 1991, 1993).", 
    "keep_for_gold": 0
  }, 
  {
    "citance_No": 16, 
    "citing_paper_id": "W94-0311", 
    "citing_paper_authority": 2, 
    "citing_paper_authors": "Evelyne, Viegas | Pierrette, Bouillon", 
    "raw_text": "The Generative Lexicon Theory (GLT) (Pustejovsky, 1991, 1994c) can be said to take advantage of both linguistic and conceptual approaches, providing a framework which arose from the integration of linguistic studies and of techniques found in AI", 
    "clean_text": "The Generative Lexicon Theory (GLT) (Pustejovsky, 1991, 1994c) can be said to take advantage of both linguistic and conceptual approaches, providing a framework which arose from the integration of linguistic studies and of techniques found in AI.", 
    "keep_for_gold": 1
  }, 
  {
    "citance_No": 17, 
    "citing_paper_id": "W02-0804", 
    "citing_paper_authority": 0, 
    "citing_paper_authors": "Emmanuelle, Cannesson | Patrick, Saint-Dizier", 
    "raw_text": "The basic sense originates derived usages, which are more or less constrained and limited, via metonymy, metaphor, slight sense-shiftings or co-composition (Pustejovsky, 1991, 1995)", 
    "clean_text": "The basic sense originates derived usages, which are more or less constrained and limited, via metonymy, metaphor, slight sense-shiftings or co-composition (Pustejovsky, 1991, 1995).", 
    "keep_for_gold": 0
  }, 
  {
    "citance_No": 18, 
    "citing_paper_id": "W96-0410", 
    "citing_paper_authority": 2, 
    "citing_paper_authors": "Matthew, Stone | Christine, Doran", 
    "raw_text": "Finally, SEMANTIC COLLOCATIONS like long book derive their particular meaning from the recovery in context of parameters for events and other entities (Pustejovsky, 1991)", 
    "clean_text": "Finally, SEMANTIC COLLOCATIONS like long book derive their particular meaning from the recovery in context of parameters for events and other entities (Pustejovsky, 1991).", 
    "keep_for_gold": 0
  }, 
  {
    "citance_No": 19, 
    "citing_paper_id": "W08-2210", 
    "citing_paper_authority": 0, 
    "citing_paper_authors": "Lionel, Fontan | Patrick, Saint-Dizier", 
    "raw_text": "We are investigating the use of principles of the Generative Lexicon (Pustejovsky 1991) for that purpose", 
    "clean_text": "We are investigating the use of principles of the Generative Lexicon (Pustejovsky 1991) for that purpose.", 
    "keep_for_gold": 0
  }, 
  {
    "citance_No": 20, 
    "citing_paper_id": "P07-1112", 
    "citing_paper_authority": 7, 
    "citing_paper_authors": "Philipp, Cimiano | Johanna, Wenderoth", 
    "raw_text": "Qualia structures have been originally introduced by (Pustejovsky, 1991) and are used for a variety of purposes in natural language processing (NLP), such as for the analysis of compounds (Johnston and Busa, 1996) as well as co-composition and coercion (Pustejovsky, 1991), but also for bridging reference resolution (Bos et al, 1995)", 
    "clean_text": "Qualia structures have been originally introduced by (Pustejovsky, 1991) and are used for a variety of purposes in natural language processing (NLP).", 
    "keep_for_gold": 0
  }
]
