[
  {
    "citance_No": 1, 
    "citing_paper_id": "H05-1060", 
    "citing_paper_authority": 20, 
    "citing_paper_authors": "Noah A., Smith | David A., Smith | Roy W., Tromble", 
    "raw_text": "The lattice-conditional estimation approach was first used by Kudo et al (2004) for Japanesesegmentation and hierarchical POS-tagging and by Smith and Smith (2004) for Korean morphological disambiguation", 
    "clean_text": "The lattice-conditional estimation approach was first used by Kudo et al (2004) for Japanese segmentation and hierarchical POS-tagging and by Smith and Smith (2004) for Korean morphological disambiguation.", 
    "keep_for_gold": 0
  }, 
  {
    "citance_No": 2, 
    "citing_paper_id": "P13-2033", 
    "citing_paper_authority": 0, 
    "citing_paper_authors": "Masato, Hagiwara | Satoshi, Sekine", 
    "raw_text": "In Japanese WS, unknown words are usu ally dealt with in an on line manner with the unknown word model, which uses heuristics 183 depending on character types (Kudo et al,2004)", 
    "clean_text": "In Japanese WS, unknown words are usu ally dealt with in an on line manner with the unknown word model, which uses heuristics 183 depending on character types (Kudo et al,2004).", 
    "keep_for_gold": 0
  }, 
  {
    "citance_No": 3, 
    "citing_paper_id": "P13-2033", 
    "citing_paper_authority": 0, 
    "citing_paper_authors": "Masato, Hagiwara | Satoshi, Sekine", 
    "raw_text": "In Japanese, our unknown word model relies on heuristics based on character types and word length to generate word nodes, similar to that of MeCab (Kudoetal., 2004)", 
    "clean_text": "In Japanese, our unknown word model relies on heuristics based on character types and word length to generate word nodes, similar to that of MeCab (Kudo et al., 2004).", 
    "keep_for_gold": 0
  }, 
  {
    "citance_No": 4, 
    "citing_paper_id": "P13-2033", 
    "citing_paper_authority": 0, 
    "citing_paper_authors": "Masato, Hagiwara | Satoshi, Sekine", 
    "raw_text": "We compared the baseline model, the augmented model with the source language (+LM-S) and the projected model (+LM-P) .Table 3 shows the result of the proposed models and major open-source Japanese WS systems, namely, MeCab 0.98 (Kudo et al, 2004), JUMAN 7.0 (Kurohashi and Nagao, 1994), 4Since the dictionary is not explicitly annotated with PoS tags, we firstly took the intersection of the training corpus and the dictionary words, and assigned all the possible PoS tags to the words which appeared in the corpus", 
    "clean_text": "", 
    "keep_for_gold": 0
  }, 
  {
    "citance_No": 5, 
    "citing_paper_id": "D10-1079", 
    "citing_paper_authority": 0, 
    "citing_paper_authors": "Peter, McClanahan | George, Busby | Robbie, Haertel | Kristian, Heal | Deryle, Lonsdale | Kevin, Seppi | Eric K., Ringger", 
    "raw_text": "Kudo et al (2004) use SVMs to morphologically tag Japanese", 
    "clean_text": "Kudo et al (2004) use SVMs to morphologically tag Japanese.", 
    "keep_for_gold": 0
  }, 
  {
    "citance_No": 6, 
    "citing_paper_id": "W12-4208", 
    "citing_paper_authority": 0, 
    "citing_paper_authors": "Petter, Haugereid | Francis, Bond", 
    "raw_text": "The four parallel corpora were tokenized and lemmatized, for Japanese with the MeCab morphological analyzer (Kudo et al, 2004), and for English with the Freeling analyzer (Padr? et al, 2010), with MWE, quantities, dates and sentence segmentation turned off", 
    "clean_text": "The four parallel corpora were tokenized and lemmatized, for Japanese with the MeCab morphological analyzer (Kudo et al, 2004), and for English with the Freeling analyzer (Padr? et al, 2010), with MWE, quantities, dates and sentence segmentation turned off.", 
    "keep_for_gold": 0
  }, 
  {
    "citance_No": 7, 
    "citing_paper_id": "I08-4025", 
    "citing_paper_authority": 0, 
    "citing_paper_authors": "Dong, Song | Anoop, Sarkar", 
    "raw_text": "For a long sentence, generating those candidates and picking the one with the highest score is time consuming. In our approach, N-best candidates for each training example are produced with the CRF++ software (Kudo et al, 2004)", 
    "clean_text": "In our approach, N-best candidates for each training example are produced with the CRF++ software (Kudo et al, 2004).", 
    "keep_for_gold": 0
  }, 
  {
    "citance_No": 8, 
    "citing_paper_id": "W08-0609", 
    "citing_paper_authority": 1, 
    "citing_paper_authors": "Yutaka, Sasaki | Yoshimasa, Tsuruoka | John, McNaught | Sophia, Ananiadou", 
    "raw_text": "Following Kudo et al (Kudo et al, 2004), we adapted the core engine of the CRF-based morphological analyzer, MeCab1, to our POS/PROTEIN tagging task", 
    "clean_text": "Following Kudo et al (Kudo et al, 2004), we adapted the core engine of the CRF-based morphological analyzer, MeCab1, to our POS/PROTEIN tagging task.", 
    "keep_for_gold": 0
  }, 
  {
    "citance_No": 9, 
    "citing_paper_id": "D11-1056", 
    "citing_paper_authority": 0, 
    "citing_paper_authors": "Yugo, Murawaki | Sadao, Kurohashi", 
    "raw_text": "Word segmentation is the first step of natural language processing for Japanese, Chinese and Thai because they do not delimit words by white-space. Segmentation for Japanese is a successful field of re search, achieving the F-score of nearly 99% (Kudo et al, 2004)", 
    "clean_text": "Segmentation for Japanese is a successful field of research, achieving the F-score of nearly 99% (Kudo et al, 2004).", 
    "keep_for_gold": 0
  }, 
  {
    "citance_No": 10, 
    "citing_paper_id": "D11-1056", 
    "citing_paper_authority": 0, 
    "citing_paper_authors": "Yugo, Murawaki | Sadao, Kurohashi", 
    "raw_text": "One would notice that the baseline scoreis much lower than the score previously reported regarding newspaper articles (Kudo et al, 2004)", 
    "clean_text": "One would notice that the baseline score is much lower than the score previously reported regarding newspaper articles (Kudo et al, 2004).", 
    "keep_for_gold": 0
  }, 
  {
    "citance_No": 11, 
    "citing_paper_id": "D08-1045", 
    "citing_paper_authority": 2, 
    "citing_paper_authors": "Yugo, Murawaki | Sadao, Kurohashi", 
    "raw_text": "This area of research may be considered almost completed, as previous studies reported the F-score of nearly 99% (Kudo et al, 2004)", 
    "clean_text": "This area of research may be considered almost completed, as previous studies reported the F-score of nearly 99% (Kudo et al, 2004).", 
    "keep_for_gold": 0
  }, 
  {
    "citance_No": 12, 
    "citing_paper_id": "C08-2034", 
    "citing_paper_authority": 1, 
    "citing_paper_authors": "Yu-Chieh, Wu | Jie-Chi, Yang | Yue-Shi, Lee", 
    "raw_text": "Figure 2: Attaching neighbor relations with sequental taggers Figure 3: Attaching root words with sequential taggers The sequential tagger used in this paper is CRF++ (Kudo et al, 2004)", 
    "clean_text": "The sequential tagger used in this paper is CRF++ (Kudo et al, 2004).", 
    "keep_for_gold": 0
  }, 
  {
    "citance_No": 13, 
    "citing_paper_id": "C08-1113", 
    "citing_paper_authority": 4, 
    "citing_paper_authors": "Yuta, Tsuboi | Hisashi, Kashima | Shinsuke, Mori | Hiroki, Oda | Yuji, Matsumoto", 
    "raw_text": "Previous work (Kudo et al, 2004) showed CRFs outperform generative Markov mod els and discriminative history-based methods inJWS", 
    "clean_text": "Previous work (Kudo et al, 2004) showed CRFs outperform generative Markov models and discriminative history-based methods in JWS.", 
    "keep_for_gold": 0
  }, 
  {
    "citance_No": 14, 
    "citing_paper_id": "P12-1108", 
    "citing_paper_authority": 0, 
    "citing_paper_authors": "Hyun-Je, Song | Sang-Jo, Lee | Tae-Gil, Noh | Jeong-Woo, Son | Seong-Bae, Park", 
    "raw_text": "Kudo et al (2004) modified CRFs for non-segmented languages like Japanese which have the problem of word boundary ambiguity", 
    "clean_text": "Kudo et al (2004) modified CRFs for non-segmented languages like Japanese which have the problem of word boundary ambiguity.", 
    "keep_for_gold": 0
  }, 
  {
    "citance_No": 15, 
    "citing_paper_id": "D07-1131", 
    "citing_paper_authority": 4, 
    "citing_paper_authors": "Yu-Chieh, Wu | Jie-Chi, Yang | Yue-Shi, Lee", 
    "raw_text": "As conventional sequential tagging problems, such part-of-speech tagging and phrase chunking, we employ the conditional random fields (CRF) as learners (Kudo et al, 2004)", 
    "clean_text": "As conventional sequential tagging problems, such part-of-speech tagging and phrase chunking, we employ the conditional random fields (CRF) as learners (Kudo et al, 2004).", 
    "keep_for_gold": 0
  }, 
  {
    "citance_No": 16, 
    "citing_paper_id": "D11-1089", 
    "citing_paper_authority": 2, 
    "citing_paper_authors": "Nobuhiro, Kaji | Masaru, Kitsuregawa", 
    "raw_text": "Although Alfonseca et al (2008b) also proposed using (the log of) the geometric mean frequency as a feature, doing so degraded performance in our experiment. Regarding the two state-of-the-art word segmentation systems, one is JUMAN,7 a rule-based word segmentation system (Kurohashi and Nagao, 1994), and the other is MECAB,8 a supervised word segmentation system based on CRFs (Kudo et al, 2004)", 
    "clean_text": "Regarding the two state-of-the-art word segmentation systems, one is JUMAN,  a rule-based word segmentation system (Kurohashi and Nagao, 1994), and the other is MECAB, a supervised word segmentation system based on CRFs (Kudo et al, 2004).", 
    "keep_for_gold": 0
  }, 
  {
    "citance_No": 17, 
    "citing_paper_id": "D11-1089", 
    "citing_paper_authority": 2, 
    "citing_paper_authors": "Nobuhiro, Kaji | Masaru, Kitsuregawa", 
    "raw_text": "We would like to note that the higher accuracy of PROPOSED in comparison with the baselines is statistically significant (p &lt; 0.01, McNemar? s test) .The performance of the two word segmentation baselines (JUMAN and MECAB) is significantly worse in our task than in the standard word segmentation task, where nearly 99% precision and recall are reported (Kudo et al, 2004)", 
    "clean_text": "The performance of the two word segmentation baselines (JUMAN and MECAB) is significantly worse in our task than in the standard word segmentation task, where nearly 99% precision and recall are reported (Kudo et al, 2004).", 
    "keep_for_gold": 0
  }, 
  {
    "citance_No": 18, 
    "citing_paper_id": "P07-2055", 
    "citing_paper_authority": 12, 
    "citing_paper_authors": "Tetsuji, Nakagawa | Kiyotaka, Uchimoto", 
    "raw_text": "Kudo et al (2004) studied Japanese word segmentation and POS tagging using conditional random fields (CRFs) and rule based unknown word processing", 
    "clean_text": "Kudo et al (2004) studied Japanese word segmentation and POS tagging using conditional random fields (CRFs) and rule based unknown word processing.", 
    "keep_for_gold": 1
  }, 
  {
    "citance_No": 19, 
    "citing_paper_id": "W10-4141", 
    "citing_paper_authority": 0, 
    "citing_paper_authors": "Huixing, Jiang | Zhe, Dong", 
    "raw_text": "To demonstrate our method, we compare to several well-known structural learning algorithms, like CRF (Kudo et al, 2004), and SVM-HMM (Joachims et al, 2009) on two well-known data, namely, CoNLL-2000 syntactic chunking, SIGHAN-3 Chinese word segmentation tasks", 
    "clean_text": "To demonstrate our method, we compare to several well-known structural learning algorithms, like CRF (Kudo et al, 2004), and SVM-HMM (Joachims et al, 2009) on two well-known data, namely, CoNLL-2000 syntactic chunking, SIGHAN-3 Chinese word segmentation tasks.", 
    "keep_for_gold": 0
  }, 
  {
    "citance_No": 20, 
    "citing_paper_id": "E09-2016", 
    "citing_paper_authority": 0, 
    "citing_paper_authors": "Yutaka, Sasaki | Paul, Thompson | John, McNaught | Sophia, Ananiadou", 
    "raw_text": "Following Kudo et al (2004), we adapted the core engine of the CRF-based morphological analyzer, MeCab2, to our POS tagging task", 
    "clean_text": "Following Kudo et al (2004), we adapted the core engine of the CRF-based morphological analyzer, MeCab2, to our POS tagging task.", 
    "keep_for_gold": 0
  }
]
