[
  {
    "citance_No": 1, 
    "citing_paper_id": "W07-1215", 
    "citing_paper_authority": 1, 
    "citing_paper_authors": "Mark, McConville | Myroslava O., Dzikovska", 
    "raw_text": "Similarly, Chen and Rambow (2003) argue that the kind of deep linguistic features we harvest from FrameNet is beneficial for the successful assignment of PropBank roles to constituents, in this case using TAGs generated from PropBank to generate the relevant features", 
    "clean_text": "Similarly, Chen and Rambow (2003) argue that the kind of deep linguistic features we harvest from FrameNet is beneficial for the successful assignment of PropBank roles to constituents, in this case using TAGs generated from PropBank to generate the relevant features.", 
    "keep_for_gold": 1
  }, 
  {
    "citance_No": 2, 
    "citing_paper_id": "D07-1062", 
    "citing_paper_authority": 3, 
    "citing_paper_authors": "Yudong, Liu | Anoop, Sarkar", 
    "raw_text": "However, in most cases they can only provide a local dependency between predicate and argument for 87% of the argument constituents (Chen and Rambow, 2003), which is too low to provide high SRL accuracy", 
    "clean_text": "However, in most cases they can only provide a local dependency between predicate and argument for 87% of the argument constituents (Chen and Rambow, 2003), which is too low to provide high SRL accuracy.", 
    "keep_for_gold": 0
  }, 
  {
    "citance_No": 3, 
    "citing_paper_id": "D07-1062", 
    "citing_paper_authority": 3, 
    "citing_paper_authors": "Yudong, Liu | Anoop, Sarkar", 
    "raw_text": "(Chenand Rambow, 2003) use LTAG-based decomposition of parse trees (as is typically done for statistical LTAG parsing) for SRL", 
    "clean_text": "(Chenand Rambow, 2003) use LTAG-based decomposition of parse trees (as is typically done for statistical LTAG parsing) for SRL.", 
    "keep_for_gold": 1
  }, 
  {
    "citance_No": 4, 
    "citing_paper_id": "D07-1062", 
    "citing_paper_authority": 3, 
    "citing_paper_authors": "Yudong, Liu | Anoop, Sarkar", 
    "raw_text": "path feature from the derived tree, (Chen and Rambow, 2003) uses the path within the elementary tree from the predicate to the constituent argument", 
    "clean_text": "Path feature from the derived tree, (Chen and Rambow, 2003) uses the path within the elementary tree from the predicate to the constituent argument.", 
    "keep_for_gold": 0
  }, 
  {
    "citance_No": 5, 
    "citing_paper_id": "C04-1204", 
    "citing_paper_authority": 4, 
    "citing_paper_authors": "Yusuke, Miyao | Jun'ichi, Tsujii", 
    "raw_text": "prop was extracted using the PropBank annotations for ar gument/modifier distinction by a method similar to Chen and Rambow (2003)", 
    "clean_text": "Prop was extracted using the PropBank annotations for ar gument/modifier distinction by a method similar to Chen and Rambow (2003).", 
    "keep_for_gold": 0
  }, 
  {
    "citance_No": 6, 
    "citing_paper_id": "C04-1204", 
    "citing_paper_authority": 4, 
    "citing_paper_authors": "Yusuke, Miyao | Jun'ichi, Tsujii", 
    "raw_text": "Although the results can not directly be compared with another work using LTAG (Chen and Rambow, 2003) because their target annotations were limited to those localized in an elementary tree, considering that their target annotations were 87% of core arguments, our results are competitive with their results (82.57/71.41)", 
    "clean_text": "Although the results can not directly be compared with another work using LTAG (Chen and Rambow, 2003) because their target annotations were limited to those localized in an elementary tree, considering that their target annotations were 87% of core arguments, our results are competitive with their results (82.57/71.41).", 
    "keep_for_gold": 0
  }, 
  {
    "citance_No": 7, 
    "citing_paper_id": "C04-1204", 
    "citing_paper_authority": 4, 
    "citing_paper_authors": "Yusuke, Miyao | Jun'ichi, Tsujii", 
    "raw_text": "Another possibility is to directly extract PropBank-style semantic representations by reforming the grammar extraction algorithm (Chenand Rambow, 2003), and to estimate a disambiguation model using the PropBank", 
    "clean_text": "Another possibility is to directly extract PropBank-style semantic representations by reforming the grammar extraction algorithm (Chen and Rambow, 2003), and to estimate a disambiguation model using the PropBank.", 
    "keep_for_gold": 0
  }, 
  {
    "citance_No": 8, 
    "citing_paper_id": "W06-1518", 
    "citing_paper_authority": 0, 
    "citing_paper_authors": "Yudong, Liu | Anoop, Sarkar", 
    "raw_text": "in formation can not be recovered due to the fact that trace information and other empty categories like PRO are removed entirely from the training data. As a result some of the features that undo long distance movement via trace information in the TreeBank as used in (Chen and Rambow, 2003) can not be exploited in our model", 
    "clean_text": "As a result some of the features that undo long distance movement via trace information in the TreeBank as used in (Chen and Rambow, 2003) cannot be exploited in our model.", 
    "keep_for_gold": 0
  }, 
  {
    "citance_No": 9, 
    "citing_paper_id": "W06-1518", 
    "citing_paper_authority": 0, 
    "citing_paper_authors": "Yudong, Liu | Anoop, Sarkar", 
    "raw_text": "(Chen and Rambow, 2003) discuss amodel for SRL that uses LTAG-based decomposition of parse trees (as is typically done for statistical LTAG parsing)", 
    "clean_text": "(Chen and Rambow, 2003) discuss amodel for SRL that uses LTAG-based decomposition of parse trees (as is typically done for statistical LTAG parsing).", 
    "keep_for_gold": 0
  }, 
  {
    "citance_No": 10, 
    "citing_paper_id": "W06-1518", 
    "citing_paper_authority": 0, 
    "citing_paper_authors": "Yudong, Liu | Anoop, Sarkar", 
    "raw_text": "Instead of using the typical parse tree features used in typical SRL models, (Chen and Rambow, 2003) uses the path within the elementary tree from the predicate to the constituent argument", 
    "clean_text": "Instead of using the typical parse tree features used in typical SRL models, (Chen and Rambow, 2003) uses the path within the elementary tree from the predicate to the constituent argument.", 
    "keep_for_gold": 1
  }, 
  {
    "citance_No": 11, 
    "citing_paper_id": "W06-1518", 
    "citing_paper_authority": 0, 
    "citing_paper_authors": "Yudong, Liu | Anoop, Sarkar", 
    "raw_text": "As a result, if we do not compare the machine learning methods involved in the two approaches, but rather the features used in learning, our features are a natural generalization of (Chen and Rambow, 2003)", 
    "clean_text": "As a result, if we do not compare the machine learning methods involved in the two approaches, but rather the features used in learning, our features are a natural generalization of (Chen and Rambow, 2003).", 
    "keep_for_gold": 0
  }, 
  {
    "citance_No": 12, 
    "citing_paper_id": "W09-2601", 
    "citing_paper_authority": 0, 
    "citing_paper_authors": "Yudong, Liu | Anoop, Sarkar", 
    "raw_text": "The LTAG-spinal Treebank can be used to overcome some of the limitations of the previous work on SRL using LTAG: (Liu and Sarkar, 2007) uses LTAG-based features extracted from phrase-structure trees as an additional source of features and combined them with features from a phrase-structure based SRL framework; (Chenand Rambow, 2003) only considers those comple ment/adjunct semantic roles that can be localized in LTAG elementary trees, which leads to a loss of over 17% instances of semantic roles even from gold-standard trees. The LTAG-spinal formalism was initially proposed for automatic tree bank extraction and statistical parsing (Shen and Joshi, 2005)", 
    "clean_text": "The LTAG-spinal Treebank can be used to overcome some of the limitations of the previous work on SRL using LTAG: (Liu and Sarkar, 2007) uses LTAG-based features extracted from phrase-structure trees as an additional source of features and combined them with features from a phrase-structure based SRL framework; (Chenand Rambow, 2003) only considers those complement/adjunct semantic roles that can be localized in LTAG elementary trees, which leads to a loss of over 17% instances of semantic roles even from gold-standard trees.", 
    "keep_for_gold": 0
  }
]
