[
  {
    "citance_No": 1, 
    "citing_paper_id": "W07-2059", 
    "citing_paper_authority": 0, 
    "citing_paper_authors": "Jonathan, Chang | Miroslav, Dudik | David M., Blei", 
    "raw_text": "However, in the coarse-grained task, the sense inventory was first clustered semi-automatically with each cluster rep resenting an equivalence class over senses (Navigli, 2006)", 
    "clean_text": "However, in the coarse-grained task, the sense inventory was first clustered semi-automatically with each cluster representing an equivalence class over senses (Navigli, 2006).", 
    "keep_for_gold": 1
  }, 
  {
    "citance_No": 2, 
    "citing_paper_id": "P13-1132", 
    "citing_paper_authority": 7, 
    "citing_paper_authors": "Mohammad Taher, Pilehvar | David, Jurgens | Roberto, Navigli", 
    "raw_text": "Navigli (2006) proposed an automatic approach for mapping WordNet senses to the coarse grained sense distinctions of the Oxford Dictio nary of English (ODE)", 
    "clean_text": "Navigli (2006) proposed an automatic approach for mapping WordNet senses to the coarse grained sense distinctions of the Oxford Dictionary of English (ODE).", 
    "keep_for_gold": 0
  }, 
  {
    "citance_No": 3, 
    "citing_paper_id": "P13-1132", 
    "citing_paper_authority": 7, 
    "citing_paper_authors": "Mohammad Taher, Pilehvar | David, Jurgens | Roberto, Navigli", 
    "raw_text": "The classifier also made use of resources such as topic signatures data (Agirre and de Lacalle, 2004), the WordNet domain dataset (Magnini and Cavaglia`, 2000), and the mappings of WordNet senses to ODE senses produced by Navigli (2006)", 
    "clean_text": "The classifier also made use of resources such as topic signatures data (Agirre and de Lacalle, 2004), the WordNet domain dataset (Magnini and Cavaglia`, 2000), and the mappings of WordNet senses to ODE senses produced by Navigli (2006).", 
    "keep_for_gold": 0
  }, 
  {
    "citance_No": 4, 
    "citing_paper_id": "P13-1132", 
    "citing_paper_authority": 7, 
    "citing_paper_authors": "Mohammad Taher, Pilehvar | David, Jurgens | Roberto, Navigli", 
    "raw_text": "In addition, we show in Table 7 the F-score results provided by Snow et al (2007) for their SVM-based system and for the mapping-based approach of Navigli (2006) ,de noted by ODE.Table 7 shows that our methodology yields improvements over previous work on both datasets and for all parts of speech, irrespective of the semantic signature comparison method used", 
    "clean_text": "In addition, we show in Table 7 the F-score results provided by Snow et al (2007) for their SVM-based system and for the mapping-based approach of Navigli (2006), denoted by ODE.", 
    "keep_for_gold": 0
  }, 
  {
    "citance_No": 5, 
    "citing_paper_id": "P08-2063", 
    "citing_paper_authority": 2, 
    "citing_paper_authors": "Susan Windisch, Brown", 
    "raw_text": "Navigli (2006) has induced clusters by mapping WordNet senses to a more coarse-grained lexical resource", 
    "clean_text": "Navigli (2006) has induced clusters by mapping WordNet senses to a more coarse-grained lexical resource.", 
    "keep_for_gold": 0
  }, 
  {
    "citance_No": 6, 
    "citing_paper_id": "D07-1107", 
    "citing_paper_authority": 14, 
    "citing_paper_authors": "Rion, Snow | Sushant, Prakash | Daniel, Jurafsky | Andrew Y., Ng", 
    "raw_text": "(Navigli, 2006) presents an automatic approach for mapping between sense inventories; here similarities in gloss definition and structured relations between the two sense inventories are exploited in order to map between WordNet senses and distinctions made within the coarser-grained Oxford English Dictionary", 
    "clean_text": "(Navigli, 2006) presents an automatic approach for mapping between sense inventories; here similarities in gloss definition and structured relations between the two sense inventories are exploited in order to map between WordNet senses and distinctions made within the coarser-grained Oxford English Dictionary.", 
    "keep_for_gold": 1
  }, 
  {
    "citance_No": 7, 
    "citing_paper_id": "D07-1107", 
    "citing_paper_authority": 14, 
    "citing_paper_authors": "Rion, Snow | Sushant, Prakash | Daniel, Jurafsky | Andrew Y., Ng", 
    "raw_text": "for each noun, verb, and adjective synset in WordNet; we derive a set of binary features from this data, with a single feature indicating whether or not two synsets sharea domain, and one indicator feature per pair of do mains indicating respective membership of the sense pair within those domains. Finally, we use as a feature the mappings produced in (Navigli, 2006) of WordNet senses to Ox ford English Dictionary senses", 
    "clean_text": "Finally, we use as a feature the mappings produced in (Navigli, 2006) of WordNet senses to Oxford English Dictionary senses.", 
    "keep_for_gold": 0
  }, 
  {
    "citance_No": 8, 
    "citing_paper_id": "D07-1107", 
    "citing_paper_authority": 14, 
    "citing_paper_authors": "Rion, Snow | Sushant, Prakash | Daniel, Jurafsky | Andrew Y., Ng", 
    "raw_text": "In order to evaluate the en tire sense-clustered taxonomy, we have employed an evaluation method inspired by Word Sense Disambiguation (this is similar to an evaluation used inNavigli, 2006, however we do not remove monose mous clusters)", 
    "clean_text": "In order to evaluate the entire sense-clustered taxonomy, we have employed an evaluation method inspired by Word Sense Disambiguation (this is similar to an evaluation used in Navigli, 2006, however we do not remove monosemous clusters).", 
    "keep_for_gold": 0
  }, 
  {
    "citance_No": 9, 
    "citing_paper_id": "W07-2006", 
    "citing_paper_authority": 28, 
    "citing_paper_authors": "Roberto, Navigli | Kenneth C., Litkowski | Orin, Hargraves", 
    "raw_text": "Inventory To tackle the granularity issue, we produced acoarser-grained version of the WordNet sense inven tory3 based on the procedure described by Navigli (2006)", 
    "clean_text": "To tackle the granularity issue, we produced a coarser-grained version of the WordNet sense inventory based on the procedure described by Navigli (2006).", 
    "keep_for_gold": 0
  }, 
  {
    "citance_No": 10, 
    "citing_paper_id": "P10-1116", 
    "citing_paper_authority": 14, 
    "citing_paper_authors": "Linlin, Li | Benjamin, Roth | Caroline, Sporleder", 
    "raw_text": "The data were annotated with coarse-grained senses which were obtained by clustering senses from the Word Net 2.1 sense inventory based on the procedure proposed by Navigli (2006)", 
    "clean_text": "The data were annotated with coarse-grained senses which were obtained by clustering senses from the Word Net 2.1 sense inventory based on the procedure proposed by Navigli (2006).", 
    "keep_for_gold": 0
  }, 
  {
    "citance_No": 11, 
    "citing_paper_id": "S10-1090", 
    "citing_paper_authority": 0, 
    "citing_paper_authors": "Rub&eacute;n, Izquierdo | Armando, Su&aacute;rez | German, Rigau", 
    "raw_text": "It seems that many word? sense distinctions are too subtleto be captured by automatic systems with the current small volumes of word? sense annotated ex amples. Thus, some research has been focused on deriving different word-sense groupings to overcome the fine? grained distinctions of WN (Hearst and Sch ?utze, 1993), (Peters et al, 1998), (Mihalceaand Moldovan, 2001), (Agirre and LopezDeLa Calle, 2003), (Navigli, 2006) and (Snow et al, 2007)", 
    "clean_text": "", 
    "keep_for_gold": 0
  }, 
  {
    "citance_No": 12, 
    "citing_paper_id": "W07-1404", 
    "citing_paper_authority": 8, 
    "citing_paper_authors": "Marta, Tatu | Dan, Moldovan", 
    "raw_text": "This clustering was created automatically with the aid of a methodology described in (Navigli, 2006)", 
    "clean_text": "This clustering was created automatically with the aid of a methodology described in (Navigli, 2006).", 
    "keep_for_gold": 0
  }, 
  {
    "citance_No": 13, 
    "citing_paper_id": "E09-1045", 
    "citing_paper_authority": 4, 
    "citing_paper_authors": "Rub&eacute;n, Izquierdo | Armando, Su&aacute;rez | German, Rigau", 
    "raw_text": "Interestingly, this result is difficult to outperform by state-of-the-art sense-based WSD systems. Thus, some research has been focused on deriving different word-sense groupings to overcome the fine? grained distinctions of WN (Hearst and Schu ?tze, 1993), (Peters et al, 1998), (Mihalceaand Moldovan, 2001), (Agirre and LopezDeLa Calle, 2003), (Navigli, 2006) and (Snow et al, 2007)", 
    "clean_text": "", 
    "keep_for_gold": 0
  }, 
  {
    "citance_No": 14, 
    "citing_paper_id": "E12-1059", 
    "citing_paper_authority": 9, 
    "citing_paper_authors": "Michael, Matuschek | Christian, Wirth | Christian M., Meyer | Judith, Eckle-Kohler | Silvana, Hartmann | Iryna, Gurevych", 
    "raw_text": "Automaticallycreating new alignments is difficult because of word ambiguities, different granularities of senses, or language specific conceptualizations (Navigli, 2006)", 
    "clean_text": "Automatically creating new alignments is difficult because of word ambiguities, different granularities of senses, or language specific conceptualizations (Navigli, 2006).", 
    "keep_for_gold": 1
  }
]
