[
  {
    "citance_No": 1, 
    "citing_paper_id": "W09-0424", 
    "citing_paper_authority": 47, 
    "citing_paper_authors": "Zhifei, Li | Chris, Callison-Burch | Chris, Dyer | Sanjeev P., Khudanpur | Lane, Schwartz | Wren N. G., Thornton | Jonathan, Weese | Omar F., Zaidan", 
    "raw_text": "Large scale parsing-based statistical machine translation (e.g., Chiang (2007), Quirk et al (2005), Galley et al (2006), and Liu et al (2006)) has made remarkable progress in the last few years", 
    "clean_text": "", 
    "keep_for_gold": 0
  }, 
  {
    "citance_No": 2, 
    "citing_paper_id": "D09-1111", 
    "citing_paper_authority": 4, 
    "citing_paper_authors": "Colin, Cherry | Hisami, Suzuki", 
    "raw_text": "8 This tree let-based SMT system (Quirketal., 2005) is trained on about 4.6M parallel sentence pairs from diverse sources including bilingual books, dictionaries and web publications", 
    "clean_text": "This treelet-based SMT system (Quirk et al., 2005) is trained on about 4.6M parallel sentence pairs from diverse sources including bilingual books, dictionaries and web publications.", 
    "keep_for_gold": 1
  }, 
  {
    "citance_No": 3, 
    "citing_paper_id": "W06-1628", 
    "citing_paper_authority": 20, 
    "citing_paper_authors": "Brooke, Cowan | Ivona, Kucerova | Michael John, Collins", 
    "raw_text": "Yamada and Knight (2001) and Galley et al (2004) describe methods that make use of syn tactic information in the target language alone; Quirk et al (2005) describe similar methods that make use of dependency representations", 
    "clean_text": "Yamada and Knight (2001) and Galley et al (2004) describe methods that make use of syntactic information in the target language alone; Quirk et al (2005) describe similar methods that make use of dependency representations.", 
    "keep_for_gold": 0
  }, 
  {
    "citance_No": 4, 
    "citing_paper_id": "P12-1101", 
    "citing_paper_authority": 7, 
    "citing_paper_authors": "Adam, Pauls | Dan, Klein", 
    "raw_text": "We also evaluate our model on several grammaticality tasks proposed in 1We borrow the term tree let from Quirk et al (2005), who use it to refer to an arbitrary connected subgraph of a tree", 
    "clean_text": "We borrow the term tree let from Quirk et al (2005), who use it to refer to an arbitrary connected subgraph of a tree.", 
    "keep_for_gold": 0
  }, 
  {
    "citance_No": 5, 
    "citing_paper_id": "P07-1091", 
    "citing_paper_authority": 25, 
    "citing_paper_authors": "Chi-Ho, Li | Minghui, Li | Dongdong, Zhang | Mu, Li | Ming, Zhou | Yi, Guan", 
    "raw_text": "There have been various attempts to syntax based SMT, such as (Yamada and Knight, 2001) and (Quirk et al, 2005)", 
    "clean_text": "", 
    "keep_for_gold": 0
  }, 
  {
    "citance_No": 6, 
    "citing_paper_id": "W11-1009", 
    "citing_paper_authority": 0, 
    "citing_paper_authors": "Giuseppe, Attardi | Atanas, Chanev | Antonio Valerio, Miceli Barone", 
    "raw_text": "Thus we avoid the sparseness problem that other methods based on treelets suffer (Quirk et al, 2005)", 
    "clean_text": "Thus we avoid the sparseness problem that other methods based on treelets suffer (Quirk et al, 2005).", 
    "keep_for_gold": 0
  }, 
  {
    "citance_No": 7, 
    "citing_paper_id": "P08-1059", 
    "citing_paper_authority": 22, 
    "citing_paper_authors": "Kristina, Toutanova | Hisami, Suzuki | Achim, Ruopp", 
    "raw_text": "This is a syntactically-informed MT system, designed following (Quirk et al, 2005)", 
    "clean_text": "This is a syntactically-informed MT system, designed following (Quirk et al, 2005).", 
    "keep_for_gold": 0
  }, 
  {
    "citance_No": 8, 
    "citing_paper_id": "P08-1059", 
    "citing_paper_authority": 22, 
    "citing_paper_authors": "Kristina, Toutanova | Hisami, Suzuki | Achim, Ruopp", 
    "raw_text": "For the phrase-based system, we generated the annotations needed by first parsing the source sentence e, aligning the source and candidate translations with the word-alignment model used in training, and projected the dependency tree to the target using the algorithm of (Quirk et al, 2005)", 
    "clean_text": "For the phrase-based system, we generated the annotations needed by first parsing the source sentence e, aligning the source and candidate translations with the word-alignment model used in training, and projected the dependency tree to the target using the algorithm of (Quirk et al, 2005).", 
    "keep_for_gold": 0
  }, 
  {
    "citance_No": 9, 
    "citing_paper_id": "D11-1020", 
    "citing_paper_authority": 15, 
    "citing_paper_authors": "Jun, Xie | Haitao, Mi | Qun, Liu", 
    "raw_text": "We believe that the ad vantage of dep2str comes from the characteristics of dependency structures tending to bring semantically related elements together (e.g., verbs become adjacent to all their arguments) and are better suited tolexicalized models (Quirk et al, 2005)", 
    "clean_text": "We believe that the advantage of dep2str comes from the characteristics of dependency structures tending to bring semantically related elements together (e.g., verbs become adjacent to all their arguments) and are better suited to lexicalized models (Quirk et al, 2005).", 
    "keep_for_gold": 0
  }, 
  {
    "citance_No": 10, 
    "citing_paper_id": "D11-1020", 
    "citing_paper_authority": 15, 
    "citing_paper_authors": "Jun, Xie | Haitao, Mi | Qun, Liu", 
    "raw_text": "(Quirk et al, 2005) extends paths to treelets, arbitrary connected subgraphs of dependency structures, and propose a model based on tree let pairs. Both models require projection of the source dependency structure to the target side via word alignment, and thus can not handle non-isomorphism between languages", 
    "clean_text": "(Quirk et al, 2005) extends paths to treelets, arbitrary connected subgraphs of dependency structures, and propose a model based on tree let pairs.", 
    "keep_for_gold": 1
  }, 
  {
    "citance_No": 11, 
    "citing_paper_id": "W08-0407", 
    "citing_paper_authority": 1, 
    "citing_paper_authors": "Vassilina, Nikoulina | Marc, Dymetman", 
    "raw_text": "There is a growing body of work on the use of syntax for improving statistical machine translation, from approaches such as (Chiang, 2007) that use? formal syntax?, that is syntactic structures for the source and target that are discovered on the basis of a bilingual corpus, but without resort to an externally motivated parser, to approaches such as (Yamada and Knight, 2001) and (Marcu et al, 2006) that use an external parser on the target only, or such as (Quirk et al, 2005) on the source only, or such as (Cowan et al., 2006) that use external parsers both on the source and on the target. Our approach is in this last category, but is dis tin guished from all the cited approaches by the fact that it does not try to build a target structure (or string) directly, but rather by using a baseline phrase-based system as a generator of candidates, and then selecting between these candidates through a discriminative procedure", 
    "clean_text": "", 
    "keep_for_gold": 0
  }, 
  {
    "citance_No": 12, 
    "citing_paper_id": "D11-1044", 
    "citing_paper_authority": 2, 
    "citing_paper_authors": "Kevin, Gimpel | Noah A., Smith", 
    "raw_text": "Quirk et al (2005) used a source-side dependency parser and projected automatic parses across word alignments in order to model dependency syntax on phrase pairs", 
    "clean_text": "Quirk et al (2005) used a source-side dependency parser and projected automatic parses across word alignments in order to model dependency syntax on phrase pairs.", 
    "keep_for_gold": 0
  }, 
  {
    "citance_No": 13, 
    "citing_paper_id": "D11-1044", 
    "citing_paper_authority": 2, 
    "citing_paper_authors": "Kevin, Gimpel | Noah A., Smith", 
    "raw_text": "The obvious next step for our frameworkis to include bilingual rules that include source syn tax (Quirk et al, 2005), target syntax (Shen et al,2008), and syntax on both sides", 
    "clean_text": "The obvious next step for our framework is to include bilingual rules that include source syntax (Quirk et al, 2005), target syntax (Shen et al,2008), and syntax on both sides.", 
    "keep_for_gold": 0
  }, 
  {
    "citance_No": 14, 
    "citing_paper_id": "D11-1079", 
    "citing_paper_authority": 7, 
    "citing_paper_authors": "Yang, Gao | Philipp, Koehn | Alexandra, Birch", 
    "raw_text": "Based on the assumption that constituents generally move as a whole (Quirk et al, 2005), we decompose the sentence reordering probability into the reordering probability for each aligned source word with respect to its head, excluding the root word at the top of the dependency hierarchy which does not have a head word", 
    "clean_text": "Based on the assumption that constituents generally move as a whole (Quirk et al, 2005), we decompose the sentence reordering probability into the reordering probability for each aligned source word with respect to its head, excluding the root word at the top of the dependency hierarchy which does not have a head word.", 
    "keep_for_gold": 0
  }, 
  {
    "citance_No": 15, 
    "citing_paper_id": "D11-1079", 
    "citing_paper_authority": 7, 
    "citing_paper_authors": "Yang, Gao | Philipp, Koehn | Alexandra, Birch", 
    "raw_text": "Our dependency orientation feature is similar tothe order model within dependency tree let translation (Quirk et al, 2005)", 
    "clean_text": "Our dependency orientation feature is similar to the order model within dependency tree let translation (Quirk et al, 2005).", 
    "keep_for_gold": 0
  }, 
  {
    "citance_No": 16, 
    "citing_paper_id": "I08-2093", 
    "citing_paper_authority": 7, 
    "citing_paper_authors": "William H., Lewis | Fei, Xia", 
    "raw_text": "The recent work of (Haghighi and Klein, 2006) and (Quirk et al, 2005) were also sources of inspiration", 
    "clean_text": "", 
    "keep_for_gold": 0
  }, 
  {
    "citance_No": 17, 
    "citing_paper_id": "I08-2093", 
    "citing_paper_authority": 7, 
    "citing_paper_authors": "William H., Lewis | Fei, Xia", 
    "raw_text": "Quirk et al2005 demonstrates the success of using fragments of a target language? s grammar, what they call ?treelets?, to improve performance in phrasal translation", 
    "clean_text": "Quirk et al, 2005 demonstrates the success of using fragments of a target language's grammar, what they call treelets, to improve performance in phrasal translation.", 
    "keep_for_gold": 1
  }, 
  {
    "citance_No": 18, 
    "citing_paper_id": "W07-0701", 
    "citing_paper_authority": 0, 
    "citing_paper_authors": "Arul, Menezes | Chris, Quirk", 
    "raw_text": "We previously described (Quirk et al 2005) a linguistically syntax-based system that parses the source language, uses word-based alignments to project a target dependency tree, and extracts paired dependency tree fragments (treelets) instead of surface phrases", 
    "clean_text": "We previously described (Quirk et al 2005) a linguistically syntax-based system that parses the source language, uses word-based alignments to project a target dependency tree, and extracts paired dependency tree fragments (treelets) instead of surface phrases.", 
    "keep_for_gold": 0
  }, 
  {
    "citance_No": 19, 
    "citing_paper_id": "W07-0701", 
    "citing_paper_authority": 0, 
    "citing_paper_authors": "Arul, Menezes | Chris, Quirk", 
    "raw_text": "For each pair of parallel training sentences, we parse the source sentence, obtain a source dependency tree, and use GIZA++ word alignments to project a target dependency tree as described in Quirk et al (2005)", 
    "clean_text": "For each pair of parallel training sentences, we parse the source sentence, obtain a source dependency tree, and use GIZA++ word alignments to project a target dependency tree as described in Quirk et al (2005).", 
    "keep_for_gold": 0
  }, 
  {
    "citance_No": 20, 
    "citing_paper_id": "W07-0701", 
    "citing_paper_authority": 0, 
    "citing_paper_authors": "Arul, Menezes | Chris, Quirk", 
    "raw_text": "We use all of the Treelet models we described in Quirk et al (2005) namely:? Treelet table with translation probabilities estimated using maximum likelihood, with absolute discounting", 
    "clean_text": "We use all of the Treelet models we described in Quirk et al (2005) namely: Treelet table with translation probabilities estimated using maximum likelihood, with absolute discounting.", 
    "keep_for_gold": 0
  }
]
